Gate,x,y,z,theta,width,height
1,0.35627900809049606,0.8164332062005997,1.2964098155498505,0.9726602255546617,0.5079086768607182,0.4012951976478977
2,-0.5626227557659149,0.8104958981275558,1.179389238357544,1.6897221258890973,0.24630162598042643,0.3873647555738394
3,-1.3485724031925201,-0.034849027171730995,1.4513387382030487,-3.109790293872336,0.4608524095586747,0.3939023641519026
4,-0.8541051596403122,-1.102544367313385,1.2059794664382935,-1.8937811672259843,0.40013374530623175,0.45582693799235013
5,0.2989865578711033,-1.060821309685707,1.3444640040397644,-0.7461200716319786,0.41490890333308195,0.3896529718626983
