Gate,x,y,z,theta,width,height
1,0.5621234551072121,0.6936546415090561,1.1908394247293472,1.0705539020777783,0.5091344373736881,0.40668021011144473
2,-0.731509804725647,0.7164707779884338,1.3373715579509735,1.7976893424938927,0.27423467293749043,0.38822176554262616
3,-1.5191999077796936,-0.04772339774353895,1.3925877511501312,2.8818365584819237,0.39725036703734645,0.3966024658411048
4,-0.6558054834604263,-0.9222933202981949,1.275082767009735,-1.8330324760266756,0.3974924718990804,0.3899592060806677
5,0.4362384080886841,-0.9737529307603836,1.276798278093338,-1.3088255806059206,0.2963676880567422,0.4022325980746751
