Gate,x,y,z,theta,width,height
1,0.80,-0.7,1.26,1.395555556,0.50,0.40
2,1.520,-0.63,1.25,1.814222222,0.40,0.40
3,2.13,0.08,1.36,3.14,0.40,0.40
4,1.61,0.84,1.37,4.48,0.30,0.40
5,0.64,0.74,1.26,4.88,0.30,0.40
