{
  "image": "recordings/20260513_112256/img_000198.png",
  "image_width": 324,
  "image_height": 244,
  "gates": [
    {
      "corners": [
        [
          179.0984455958549,
          109.56476683937824,
          2
        ],
        [
          196.9740932642487,
          107.75129533678756,
          2
        ],
        [
          194.39999389648438,
          139.21875,
          2
        ],
        [
          177.5440414507772,
          138.83937823834196,
          2
        ]
      ]
    },
    {
      "corners": [
        [
          145.41968911917098,
          119.92746113989637,
          2
        ],
        [
          160.70466321243524,
          113.96891191709844,
          2
        ],
        [
          156.81865284974091,
          193.76165803108807,
          2
        ],
        [
          143.0880829015544,
          183.13989637305698,
          2
        ]
      ]
    }
  ],
  "unconverted": []
}