{
  "image": "recordings/20260513_112256/img_000244.png",
  "image_width": 324,
  "image_height": 244,
  "gates": [
    {
      "corners": [
        [
          148.0103626943005,
          117.59585492227978,
          2
        ],
        [
          191.3625030517578,
          111.8812484741211,
          2
        ],
        [
          187.3125,
          195.9187469482422,
          2
        ],
        [
          143.77499389648438,
          186.80624389648438,
          2
        ]
      ]
    }
  ],
  "unconverted": []
}