{
  "image": "recordings/20260513_112256/img_000031.png",
  "image_width": 324,
  "image_height": 244,
  "gates": [
    {
      "corners": [
        [
          23.13989637305698,
          155.41968911917098,
          2
        ],
        [
          52.67357512953366,
          156.4559585492228,
          2
        ],
        [
          53.70984455958548,
          189.3575129533679,
          2
        ],
        [
          24.17616580310879,
          196.61139896373058,
          2
        ]
      ]
    },
    {
      "corners": [
        [
          103.70984455958548,
          101.01554404145077,
          2
        ],
        [
          168.21761658031087,
          101.79274611398964,
          2
        ],
        [
          167.440414507772,
          166.55958549222797,
          2
        ],
        [
          101.63730569948186,
          165.52331606217615,
          2
        ]
      ]
    }
  ],
  "unconverted": []
}