{
  "image": "recordings/20260513_112256/img_000292.png",
  "image_width": 324,
  "image_height": 244,
  "gates": [
    {
      "corners": [
        [
          176.76683937823833,
          137.80310880829015,
          2
        ],
        [
          229.87564766839378,
          148.68393782383419,
          2
        ],
        [
          215.66249084472656,
          220.21875,
          2
        ],
        [
          168.73575129533677,
          194.279792746114,
          2
        ]
      ]
    },
    {
      "corners": [
        [
          81.4300518134715,
          148.42487046632124,
          2
        ],
        [
          87.12953367875646,
          148.1658031088083,
          2
        ],
        [
          87.12953367875646,
          169.40932642487047,
          2
        ],
        [
          80.91191709844558,
          173.03626943005182,
          2
        ]
      ]
    },
    {
      "corners": [
        [
          174.69190109331993,
          154.97192967864515,
          2
        ],
        [
          183.76165803108807,
          154.9015544041451,
          2
        ],
        [
          181.68911917098444,
          181.06735751295338,
          2
        ],
        [
          170.8082901554404,
          180.8082901554404,
          2
        ]
      ]
    },
    {
      "corners": [
        [
          158.89119170984455,
          155.41968911917098,
          2
        ],
        [
          164.0725388601036,
          155.41968911917098,
          2
        ],
        [
          161.22279792746113,
          182.88082901554404,
          2
        ],
        [
          158.6321243523316,
          182.88082901554404,
          2
        ]
      ]
    }
  ],
  "unconverted": []
}