{
  "image": "recordings/20260513_112256/img_000098.png",
  "image_width": 324,
  "image_height": 244,
  "gates": [
    {
      "corners": [
        [
          0.08290155440412761,
          170.70466321243524,
          0
        ],
        [
          29.875647668393764,
          170.96373056994818,
          2
        ],
        [
          33.76165803108806,
          243.76165803108807,
          0
        ],
        [
          0.0,
          243.5039354506981,
          0
        ]
      ]
    }
  ],
  "unconverted": []
}