{
  "image": "recordings/20260513_112256/img_000151.png",
  "image_width": 324,
  "image_height": 244,
  "gates": [
    {
      "corners": [
        [
          143.6062176165803,
          135.47150259067357,
          2
        ],
        [
          203.96891191709844,
          101.27461139896373,
          2
        ],
        [
          215.3678756476684,
          150.75647668393782,
          2
        ],
        [
          130.13471502590673,
          187.5440414507772,
          2
        ]
      ]
    },
    {
      "corners": [
        [
          35.575129533678734,
          193.50259067357513,
          2
        ],
        [
          51.896373056994804,
          202.82901554404145,
          2
        ],
        [
          38.683937823834185,
          227.95854922279793,
          2
        ],
        [
          20.29015544041449,
          218.1139896373057,
          2
        ]
      ]
    },
    {
      "corners": [
        [
          109.40932642487046,
          220.1865284974093,
          2
        ],
        [
          133.24352331606218,
          228.21761658031087,
          2
        ],
        [
          128.32769897222457,
          244.0,
          0
        ],
        [
          100.34196891191709,
          243.76165803108807,
          0
        ]
      ]
    }
  ],
  "unconverted": []
}