{
  "image": "recordings/20260513_112256/img_000286.png",
  "image_width": 324,
  "image_height": 244,
  "gates": [
    {
      "corners": [
        [
          164.59067357512953,
          150.23834196891193,
          2
        ],
        [
          212.0,
          143.50259067357513,
          2
        ],
        [
          216.9222797927461,
          195.05699481865284,
          2
        ],
        [
          168.47668393782382,
          191.68911917098444,
          2
        ]
      ]
    },
    {
      "corners": [
        [
          186.09326424870466,
          145.8341968911917,
          2
        ],
        [
          210.70466321243524,
          144.02072538860102,
          2
        ],
        [
          210.70466321243524,
          163.7098445595855,
          2
        ],
        [
          186.3523316062176,
          163.7098445595855,
          2
        ]
      ]
    },
    {
      "corners": [
        [
          148.26943005181346,
          160.08290155440415,
          2
        ],
        [
          156.81865284974091,
          160.08290155440415,
          2
        ],
        [
          158.89119170984455,
          176.66321243523316,
          2
        ],
        [
          149.56476683937822,
          178.21761658031087,
          2
        ]
      ]
    }
  ],
  "unconverted": []
}