{
  "image": "recordings/20260513_112256/img_000133.png",
  "image_width": 324,
  "image_height": 244,
  "gates": [
    {
      "corners": [
        [
          124.95336787564767,
          103.86528497409326,
          2
        ],
        [
          149.82383419689117,
          103.60621761658031,
          2
        ],
        [
          147.75129533678756,
          135.21243523316062,
          2
        ],
        [
          125.21243523316062,
          135.47150259067357,
          2
        ]
      ]
    },
    {
      "corners": [
        [
          38.424870466321224,
          56.9740932642487,
          2
        ],
        [
          62.518134715025894,
          55.419689119170975,
          2
        ],
        [
          67.69948186528497,
          85.21243523316062,
          2
        ],
        [
          45.678756476683915,
          88.580310880829,
          2
        ]
      ]
    },
    {
      "corners": [
        [
          128.0621761658031,
          172.77720207253887,
          2
        ],
        [
          180.9119170984456,
          218.6321243523316,
          2
        ],
        [
          171.49478231073547,
          258.34786671789175,
          0
        ],
        [
          130.65284974093262,
          215.52331606217618,
          2
        ]
      ]
    }
  ],
  "unconverted": []
}