{
  "image": "recordings/20260513_112256/img_000177.png",
  "image_width": 324,
  "image_height": 244,
  "gates": [
    {
      "corners": [
        [
          115.36787564766837,
          133.39896373056993,
          2
        ],
        [
          181.9481865284974,
          132.6217616580311,
          2
        ],
        [
          183.76165803108807,
          233.6580310880829,
          2
        ],
        [
          118.73575129533677,
          225.8860103626943,
          2
        ]
      ]
    },
    {
      "corners": [
        [
          67.69948186528497,
          104.64248704663213,
          2
        ],
        [
          96.45595854922279,
          105.41968911917098,
          2
        ],
        [
          97.4922279792746,
          145.57512953367876,
          2
        ],
        [
          69.77202072538859,
          145.57512953367876,
          2
        ]
      ]
    }
  ],
  "unconverted": []
}