{
  "image": "recordings/20260513_112256/img_000029.png",
  "image_width": 324,
  "image_height": 244,
  "gates": [
    {
      "corners": [
        [
          2.414507772020709,
          139.87564766839378,
          2
        ],
        [
          32.984455958549205,
          142.20725388601036,
          2
        ],
        [
          33.412498474121094,
          175.6687469482422,
          2
        ],
        [
          4.227979274611382,
          181.32642487046633,
          2
        ]
      ]
    },
    {
      "corners": [
        [
          88.0875015258789,
          87.58125305175781,
          2
        ],
        [
          151.8963730569948,
          94.27979274611398,
          2
        ],
        [
          149.85000610351562,
          155.4187469482422,
          2
        ],
        [
          86.3523316062176,
          153.86528497409327,
          2
        ]
      ]
    }
  ],
  "unconverted": []
}