{
  "image": "recordings/20260513_112256/img_000146.png",
  "image_width": 324,
  "image_height": 244,
  "gates": [
    {
      "corners": [
        [
          131.625,
          88.59375,
          2
        ],
        [
          210.59999084472656,
          47.08124923706055,
          2
        ],
        [
          223.7624969482422,
          144.28125,
          2
        ],
        [
          131.625,
          167.56875610351562,
          2
        ]
      ]
    },
    {
      "corners": [
        [
          32.984455958549205,
          133.91709844559585,
          2
        ],
        [
          53.96891191709844,
          140.39378238341968,
          2
        ],
        [
          47.4922279792746,
          167.0777202072539,
          2
        ],
        [
          27.284974093264236,
          162.41450777202073,
          2
        ]
      ]
    },
    {
      "corners": [
        [
          112.25906735751295,
          156.71502590673575,
          2
        ],
        [
          122.88082901554404,
          158.52849740932643,
          2
        ],
        [
          132.20725388601036,
          195.57512953367876,
          2
        ],
        [
          107.85492227979273,
          192.98445595854923,
          2
        ]
      ]
    }
  ],
  "unconverted": []
}