{
  "image": "recordings/20260513_112256/img_000279.png",
  "image_width": 324,
  "image_height": 244,
  "gates": [
    {
      "corners": [
        [
          165.3678756476684,
          169.92746113989637,
          2
        ],
        [
          188.1658031088083,
          170.96373056994818,
          2
        ],
        [
          187.38860103626942,
          194.279792746114,
          2
        ],
        [
          163.81347150259066,
          192.98445595854923,
          2
        ]
      ]
    },
    {
      "corners": [
        [
          125.98963730569946,
          176.9222797927461,
          2
        ],
        [
          134.53886010362694,
          174.84974093264248,
          2
        ],
        [
          134.66250610351562,
          190.8562469482422,
          2
        ],
        [
          125.98963730569946,
          194.02072538860102,
          2
        ]
      ]
    },
    {
      "corners": [
        [
          145.16062176165804,
          208.52849740932643,
          2
        ],
        [
          191.2746113989637,
          219.15025906735752,
          2
        ],
        [
          191.79274611398964,
          243.24352331606218,
          0
        ],
        [
          148.0103626943005,
          243.50259067357513,
          0
        ]
      ]
    }
  ],
  "unconverted": []
}