{
  "image": "recordings/20260513_112256/img_000115.png",
  "image_width": 324,
  "image_height": 244,
  "gates": [
    {
      "corners": [
        [
          116.40414507772019,
          106.71502590673575,
          2
        ],
        [
          212.77720207253884,
          106.71502590673575,
          2
        ],
        [
          202.41450777202073,
          225.10880829015545,
          2
        ],
        [
          111.48186528497408,
          199.46113989637306,
          2
        ]
      ]
    },
    {
      "corners": [
        [
          77.02590673575128,
          122.0,
          2
        ],
        [
          100.60103626943004,
          125.62694300518135,
          2
        ],
        [
          99.56476683937822,
          161.8963730569948,
          2
        ],
        [
          75.47150259067357,
          160.3419689119171,
          2
        ]
      ]
    }
  ],
  "unconverted": []
}