{
  "image": "recordings/20260513_112256/img_000108.png",
  "image_width": 324,
  "image_height": 244,
  "gates": [
    {
      "corners": [
        [
          120.54922279792746,
          134.1761658031088,
          2
        ],
        [
          191.3625030517578,
          132.13125610351562,
          2
        ],
        [
          191.3625030517578,
          208.06874084472656,
          2
        ],
        [
          121.06735751295335,
          203.86528497409327,
          2
        ]
      ]
    },
    {
      "corners": [
        [
          62.77720207253884,
          142.72538860103626,
          2
        ],
        [
          85.31606217616579,
          143.24352331606218,
          2
        ],
        [
          84.02072538860102,
          176.40414507772022,
          2
        ],
        [
          61.999999999999986,
          179.2538860103627,
          2
        ]
      ]
    }
  ],
  "unconverted": []
}