{
  "image": "recordings/20260513_112256/img_000105.png",
  "image_width": 324,
  "image_height": 244,
  "gates": [
    {
      "corners": [
        [
          8.373056994818636,
          148.42487046632124,
          2
        ],
        [
          36.352331606217604,
          147.90673575129534,
          2
        ],
        [
          37.462501525878906,
          184.78125,
          2
        ],
        [
          10.704663212435218,
          188.32124352331607,
          2
        ]
      ]
    },
    {
      "corners": [
        [
          75.2124352331606,
          137.02590673575128,
          2
        ],
        [
          148.78756476683938,
          133.91709844559585,
          2
        ],
        [
          152.41450777202073,
          207.23316062176167,
          2
        ],
        [
          80.65284974093264,
          209.30569948186528,
          2
        ]
      ]
    }
  ],
  "unconverted": []
}