{
  "image": "recordings/20260513_112256/img_000073.png",
  "image_width": 324,
  "image_height": 244,
  "gates": [
    {
      "corners": [
        [
          127.80310880829015,
          148.42487046632124,
          2
        ],
        [
          159.92746113989637,
          148.1658031088083,
          2
        ],
        [
          158.6321243523316,
          180.03108808290156,
          2
        ],
        [
          127.80310880829015,
          183.91709844559585,
          2
        ]
      ]
    },
    {
      "corners": [
        [
          38.16580310880828,
          144.7979274611399,
          2
        ],
        [
          49.56476683937822,
          144.7979274611399,
          2
        ],
        [
          49.305699481865275,
          171.74093264248705,
          2
        ],
        [
          37.906735751295315,
          176.14507772020724,
          2
        ]
      ]
    },
    {
      "corners": [
        [
          122.36269430051811,
          111.89637305699482,
          2
        ],
        [
          188.42487046632124,
          111.63730569948186,
          2
        ],
        [
          173.1374969482422,
          232.36874389648438,
          2
        ],
        [
          116.40414507772019,
          194.53886010362694,
          2
        ]
      ]
    }
  ],
  "unconverted": []
}