{
  "image": "recordings/20260513_112256/img_000019.png",
  "image_width": 324,
  "image_height": 244,
  "gates": [
    {
      "corners": [
        [
          149.82383419689117,
          130.03108808290156,
          2
        ],
        [
          187.38860103626942,
          130.2901554404145,
          2
        ],
        [
          185.8341968911917,
          162.93264248704662,
          2
        ],
        [
          148.5284974093264,
          164.7461139896373,
          2
        ]
      ]
    },
    {
      "corners": [
        [
          100.860103626943,
          115.78238341968911,
          2
        ],
        [
          120.54922279792746,
          119.15025906735751,
          2
        ],
        [
          120.54922279792746,
          141.17098445595855,
          2
        ],
        [
          100.34196891191709,
          140.39378238341968,
          2
        ]
      ]
    },
    {
      "corners": [
        [
          25.471502590673555,
          132.10362694300517,
          2
        ],
        [
          29.09844559585491,
          131.84455958549222,
          2
        ],
        [
          30.13471502590672,
          153.6062176165803,
          2
        ],
        [
          27.02590673575128,
          156.71502590673575,
          2
        ]
      ]
    }
  ],
  "unconverted": []
}