{
  "image": "recordings/20260513_112256/img_000063.png",
  "image_width": 324,
  "image_height": 244,
  "gates": [
    {
      "corners": [
        [
          106.81865284974093,
          60.60103626943005,
          2
        ],
        [
          203.45077720207254,
          59.823834196891184,
          2
        ],
        [
          193.6062176165803,
          164.48704663212436,
          2
        ],
        [
          101.63730569948186,
          156.19689119170985,
          2
        ]
      ]
    },
    {
      "corners": [
        [
          43.606217616580295,
          128.99481865284974,
          2
        ],
        [
          79.61658031088082,
          128.7357512953368,
          2
        ],
        [
          82.20725388601035,
          163.45077720207254,
          2
        ],
        [
          48.78756476683937,
          171.48186528497408,
          2
        ]
      ]
    }
  ],
  "unconverted": []
}