{
  "image": "recordings/20260513_112256/img_000274.png",
  "image_width": 324,
  "image_height": 244,
  "gates": [
    {
      "corners": [
        [
          0.0,
          146.09326424870466,
          0
        ],
        [
          21.84455958549221,
          145.3160621761658,
          2
        ],
        [
          22.880829015544027,
          194.53886010362694,
          2
        ],
        [
          0.3419689119170819,
          197.38860103626942,
          0
        ]
      ]
    }
  ],
  "unconverted": []
}