{
  "image": "recordings/20260513_112256/img_000062.png",
  "image_width": 324,
  "image_height": 244,
  "gates": [
    {
      "corners": [
        [
          128.0621761658031,
          62.673575129533674,
          2
        ],
        [
          236.87046632124353,
          49.46113989637305,
          2
        ],
        [
          232.9844559585492,
          169.66839378238342,
          2
        ],
        [
          129.6165803108808,
          165.2642487046632,
          2
        ]
      ]
    },
    {
      "corners": [
        [
          68.21761658031087,
          142.4663212435233,
          2
        ],
        [
          101.8963730569948,
          141.94818652849742,
          2
        ],
        [
          104.48704663212435,
          177.69948186528498,
          2
        ],
        [
          73.6580310880829,
          185.47150259067357,
          2
        ]
      ]
    }
  ],
  "unconverted": []
}