{
  "image": "recordings/20260513_112256/img_000059.png",
  "image_width": 324,
  "image_height": 244,
  "gates": [
    {
      "corners": [
        [
          106.3125,
          99.73124694824219,
          2
        ],
        [
          200.860103626943,
          110.860103626943,
          2
        ],
        [
          194.12435233160622,
          202.05181347150258,
          2
        ],
        [
          100.34196891191709,
          201.79274611398964,
          2
        ]
      ]
    },
    {
      "corners": [
        [
          0.0,
          152.31088082901553,
          0
        ],
        [
          27.544041450777183,
          151.79274611398964,
          2
        ],
        [
          27.02590673575128,
          194.53886010362694,
          2
        ],
        [
          0.0,
          204.0187530517578,
          0
        ]
      ]
    }
  ],
  "unconverted": []
}