{
  "image": "recordings/20260513_112256/img_000207.png",
  "image_width": 324,
  "image_height": 244,
  "gates": [
    {
      "corners": [
        [
          196.9740932642487,
          134.69430051813472,
          2
        ],
        [
          211.22279792746113,
          133.91709844559585,
          2
        ],
        [
          207.85492227979273,
          163.1917098445596,
          2
        ],
        [
          193.6062176165803,
          162.93264248704662,
          2
        ]
      ]
    },
    {
      "corners": [
        [
          145.93782383419688,
          149.97927461139895,
          2
        ],
        [
          149.56476683937822,
          149.720207253886,
          2
        ],
        [
          144.12435233160622,
          211.3782383419689,
          2
        ],
        [
          141.79274611398964,
          203.86528497409327,
          2
        ]
      ]
    }
  ],
  "unconverted": []
}