{
  "image": "recordings/20260513_112256/img_000014.png",
  "image_width": 324,
  "image_height": 244,
  "gates": [
    {
      "corners": [
        [
          165.10880829015542,
          141.94818652849742,
          2
        ],
        [
          188.68393782383419,
          144.02072538860102,
          2
        ],
        [
          186.3523316062176,
          166.04145077720207,
          2
        ],
        [
          164.0725388601036,
          166.30051813471502,
          2
        ]
      ]
    },
    {
      "corners": [
        [
          120.8082901554404,
          127.95854922279793,
          2
        ],
        [
          132.4663212435233,
          129.2538860103627,
          2
        ],
        [
          132.20725388601036,
          147.64766839378237,
          2
        ],
        [
          120.8082901554404,
          146.61139896373058,
          2
        ]
      ]
    }
  ],
  "unconverted": []
}