{
  "image": "recordings/20260513_112256/img_000033.png",
  "image_width": 324,
  "image_height": 244,
  "gates": [
    {
      "corners": [
        [
          122.62176165803109,
          99.2020725388601,
          2
        ],
        [
          195.41250610351562,
          99.73124694824219,
          2
        ],
        [
          191.5336787564767,
          175.62694300518135,
          2
        ],
        [
          119.51295336787564,
          171.74093264248705,
          2
        ]
      ]
    },
    {
      "corners": [
        [
          43.606217616580295,
          154.9015544041451,
          2
        ],
        [
          73.6580310880829,
          156.19689119170985,
          2
        ],
        [
          73.9124984741211,
          188.8312530517578,
          2
        ],
        [
          43.606217616580295,
          196.3523316062176,
          2
        ]
      ]
    }
  ],
  "unconverted": []
}