{
  "image": "recordings/20260513_112256/img_000025.png",
  "image_width": 324,
  "image_height": 244,
  "gates": [
    {
      "corners": [
        [
          105.00518134715026,
          117.59585492227978,
          2
        ],
        [
          181.17098445595855,
          118.89119170984455,
          2
        ],
        [
          180.9119170984456,
          176.40414507772022,
          2
        ],
        [
          106.30051813471502,
          181.06735751295338,
          2
        ]
      ]
    },
    {
      "corners": [
        [
          72.10362694300517,
          112.93264248704662,
          2
        ],
        [
          88.16580310880828,
          115.2642487046632,
          2
        ],
        [
          88.68393782383419,
          146.3523316062176,
          2
        ],
        [
          71.84455958549222,
          147.12953367875647,
          2
        ]
      ]
    }
  ],
  "unconverted": []
}