{
  "image": "recordings/20260513_112256/img_000185.png",
  "image_width": 324,
  "image_height": 244,
  "gates": [
    {
      "corners": [
        [
          88.94300518134715,
          79.77202072538857,
          2
        ],
        [
          182.20725388601036,
          82.3626943005181,
          2
        ],
        [
          172.88082901554404,
          209.56476683937825,
          2
        ],
        [
          93.6062176165803,
          202.05181347150258,
          2
        ]
      ]
    },
    {
      "corners": [
        [
          16.145077720207237,
          59.04663212435233,
          2
        ],
        [
          54.48704663212435,
          60.60103626943005,
          2
        ],
        [
          55.52331606217615,
          110.60103626943005,
          2
        ],
        [
          18.476683937823818,
          109.56476683937824,
          2
        ]
      ]
    }
  ],
  "unconverted": []
}