{
  "image": "recordings/20260513_112256/img_000301.png",
  "image_width": 324,
  "image_height": 244,
  "gates": [
    {
      "corners": [
        [
          130.39378238341968,
          176.66321243523316,
          2
        ],
        [
          182.9844559585492,
          172.0,
          2
        ],
        [
          186.61139896373055,
          224.07253886010363,
          2
        ],
        [
          133.64999389648438,
          232.36874389648438,
          2
        ]
      ]
    },
    {
      "corners": [
        [
          23.13989637305698,
          181.84455958549222,
          2
        ],
        [
          45.16062176165802,
          179.7720207253886,
          2
        ],
        [
          46.196891191709824,
          216.04145077720207,
          2
        ],
        [
          24.435233160621745,
          223.03626943005182,
          2
        ]
      ]
    }
  ],
  "unconverted": []
}