{
  "image": "recordings/20260513_112256/img_000099.png",
  "image_width": 324,
  "image_height": 244,
  "gates": [
    {
      "corners": [
        [
          0.6010362694300362,
          158.78756476683938,
          0
        ],
        [
          57.077720207253876,
          158.0103626943005,
          2
        ],
        [
          63.29533678756475,
          243.50259067357513,
          0
        ],
        [
          0.0,
          243.75988879059776,
          0
        ]
      ]
    }
  ],
  "unconverted": []
}