{
  "image": "recordings/20260513_112256/img_000080.png",
  "image_width": 324,
  "image_height": 244,
  "gates": [
    {
      "corners": [
        [
          130.65284974093262,
          113.70984455958549,
          2
        ],
        [
          197.49222797927462,
          116.81865284974093,
          2
        ],
        [
          174.43523316062175,
          240.9119170984456,
          2
        ],
        [
          122.10362694300517,
          195.31606217616581,
          2
        ]
      ]
    },
    {
      "corners": [
        [
          138.42487046632124,
          149.2020725388601,
          2
        ],
        [
          169.7720207253886,
          149.720207253886,
          2
        ],
        [
          168.47668393782382,
          179.51295336787564,
          2
        ],
        [
          137.90673575129532,
          181.06735751295338,
          2
        ]
      ]
    },
    {
      "corners": [
        [
          53.45077720207253,
          141.4300518134715,
          2
        ],
        [
          63.81347150259066,
          140.9119170984456,
          2
        ],
        [
          64.07253886010362,
          166.04145077720207,
          2
        ],
        [
          52.67357512953366,
          169.92746113989637,
          2
        ]
      ]
    }
  ],
  "unconverted": []
}