{
  "image": "recordings/20260513_112256/img_000121.png",
  "image_width": 324,
  "image_height": 244,
  "gates": [
    {
      "corners": [
        [
          35.05699481865284,
          54.383419689119165,
          2
        ],
        [
          58.37305699481864,
          53.6062176165803,
          2
        ],
        [
          63.29533678756475,
          85.98963730569947,
          2
        ],
        [
          42.05181347150257,
          87.5440414507772,
          2
        ]
      ]
    },
    {
      "corners": [
        [
          126.24870466321244,
          95.57512953367875,
          2
        ],
        [
          150.860103626943,
          95.57512953367875,
          2
        ],
        [
          150.60103626943004,
          122.77720207253886,
          2
        ],
        [
          125.98963730569946,
          113.45077720207253,
          2
        ]
      ]
    },
    {
      "corners": [
        [
          132.20725388601036,
          136.76683937823833,
          2
        ],
        [
          205.78238341968913,
          174.33160621761658,
          2
        ],
        [
          193.0880829015544,
          240.39378238341968,
          2
        ],
        [
          136.09326424870466,
          201.01554404145077,
          2
        ]
      ]
    }
  ],
  "unconverted": []
}