{
  "image": "recordings/20260513_112256/img_000116.png",
  "image_width": 324,
  "image_height": 244,
  "gates": [
    {
      "corners": [
        [
          0.0,
          96.35233160621762,
          0
        ],
        [
          14.849740932642469,
          98.42487046632124,
          2
        ],
        [
          13.554404145077704,
          130.54922279792746,
          2
        ],
        [
          0.0,
          128.99481865284974,
          0
        ]
      ]
    },
    {
      "corners": [
        [
          86.3523316062176,
          134.43523316062175,
          2
        ],
        [
          98.01036269430051,
          135.21243523316062,
          2
        ],
        [
          98.52849740932642,
          175.10880829015545,
          2
        ],
        [
          84.79792746113989,
          174.33160621761658,
          2
        ]
      ]
    },
    {
      "corners": [
        [
          116.14507772020724,
          123.0362694300518,
          2
        ],
        [
          215.8860103626943,
          120.96373056994818,
          2
        ],
        [
          205.2642487046632,
          239.87564766839378,
          2
        ],
        [
          111.99999999999999,
          217.85492227979273,
          2
        ]
      ]
    }
  ],
  "unconverted": []
}