{
  "image": "recordings/20260513_112256/img_000142.png",
  "image_width": 324,
  "image_height": 244,
  "gates": [
    {
      "corners": [
        [
          39.97927461139895,
          117.33678756476684,
          2
        ],
        [
          59.927461139896366,
          119.15025906735751,
          2
        ],
        [
          59.668393782383404,
          145.05699481865284,
          2
        ],
        [
          40.756476683937805,
          145.3160621761658,
          2
        ]
      ]
    },
    {
      "corners": [
        [
          131.68911917098444,
          141.4300518134715,
          2
        ],
        [
          199.30569948186528,
          140.65284974093265,
          2
        ],
        [
          199.46249389648438,
          240.46875,
          2
        ],
        [
          130.9119170984456,
          215.2642487046632,
          2
        ]
      ]
    },
    {
      "corners": [
        [
          131.17098445595855,
          148.1658031088083,
          2
        ],
        [
          141.79274611398964,
          148.1658031088083,
          2
        ],
        [
          141.53367875647666,
          179.7720207253886,
          2
        ],
        [
          130.39378238341968,
          179.7720207253886,
          2
        ]
      ]
    }
  ],
  "unconverted": []
}