{
  "image": "recordings/20260513_112256/img_000304.png",
  "image_width": 324,
  "image_height": 244,
  "gates": [
    {
      "corners": [
        [
          171.06735751295335,
          171.48186528497408,
          2
        ],
        [
          232.72538860103626,
          165.78238341968913,
          2
        ],
        [
          237.38860103626942,
          229.2538860103627,
          2
        ],
        [
          176.24870466321244,
          227.95854922279793,
          2
        ]
      ]
    },
    {
      "corners": [
        [
          108.89119170984455,
          170.4455958549223,
          2
        ],
        [
          126.76683937823833,
          168.89119170984455,
          2
        ],
        [
          128.83937823834196,
          199.2020725388601,
          2
        ],
        [
          110.96373056994818,
          202.82901554404145,
          2
        ]
      ]
    },
    {
      "corners": [
        [
          2.6735751295336634,
          149.46113989637306,
          2
        ],
        [
          26.507772020725373,
          148.68393782383419,
          2
        ],
        [
          28.839378238341954,
          178.47668393782382,
          2
        ],
        [
          7.0777202072538685,
          181.32642487046633,
          2
        ]
      ]
    }
  ],
  "unconverted": []
}