{
  "image": "recordings/20260513_112256/img_000060.png",
  "image_width": 324,
  "image_height": 244,
  "gates": [
    {
      "corners": [
        [
          122.51249694824219,
          87.58125305175781,
          2
        ],
        [
          222.10362694300517,
          100.75647668393782,
          2
        ],
        [
          209.58749389648438,
          195.9187469482422,
          2
        ],
        [
          114.0725388601036,
          188.32124352331607,
          2
        ]
      ]
    },
    {
      "corners": [
        [
          5.52331606217615,
          144.53886010362694,
          2
        ],
        [
          45.16062176165802,
          143.50259067357513,
          2
        ],
        [
          45.5625,
          184.78125,
          2
        ],
        [
          7.087500095367432,
          195.9187469482422,
          2
        ]
      ]
    }
  ],
  "unconverted": []
}