{
  "image": "recordings/20260513_112256/img_000166.png",
  "image_width": 324,
  "image_height": 244,
  "gates": [
    {
      "corners": [
        [
          36.87046632124351,
          98.16580310880829,
          2
        ],
        [
          63.0362694300518,
          102.56994818652849,
          2
        ],
        [
          62.77720207253884,
          135.7305699481865,
          2
        ],
        [
          35.834196891191695,
          134.95336787564767,
          2
        ]
      ]
    },
    {
      "corners": [
        [
          121.84455958549222,
          127.95854922279793,
          2
        ],
        [
          161.48186528497408,
          130.2901554404145,
          2
        ],
        [
          159.66839378238342,
          178.7357512953368,
          2
        ],
        [
          120.29015544041451,
          178.7357512953368,
          2
        ]
      ]
    }
  ],
  "unconverted": []
}