{
  "image": "recordings/20260513_112256/img_000090.png",
  "image_width": 324,
  "image_height": 244,
  "gates": [
    {
      "corners": [
        [
          59.73749923706055,
          156.43124389648438,
          2
        ],
        [
          130.6125030517578,
          156.43124389648438,
          2
        ],
        [
          130.6125030517578,
          219.2062530517578,
          2
        ],
        [
          59.73749923706055,
          232.36874389648438,
          2
        ]
      ]
    }
  ],
  "unconverted": []
}