{
  "image": "recordings/20260513_112256/img_000132.png",
  "image_width": 324,
  "image_height": 244,
  "gates": [
    {
      "corners": [
        [
          117.18134715025906,
          108.78756476683937,
          2
        ],
        [
          141.2746113989637,
          107.4922279792746,
          2
        ],
        [
          139.46113989637306,
          137.80310880829015,
          2
        ],
        [
          117.69948186528495,
          139.35751295336786,
          2
        ]
      ]
    },
    {
      "corners": [
        [
          25.21243523316061,
          60.860103626943,
          2
        ],
        [
          48.52849740932642,
          57.4922279792746,
          2
        ],
        [
          55.52331606217615,
          88.83937823834196,
          2
        ],
        [
          33.243523316062166,
          92.98445595854922,
          2
        ]
      ]
    },
    {
      "corners": [
        [
          121.84455958549222,
          183.6580310880829,
          2
        ],
        [
          172.36269430051811,
          226.40414507772022,
          2
        ],
        [
          171.15371329879102,
          266.90500863557855,
          0
        ],
        [
          127.02590673575128,
          222.77720207253887,
          2
        ]
      ]
    }
  ],
  "unconverted": []
}