{
  "image": "recordings/20260513_112256/img_000235.png",
  "image_width": 324,
  "image_height": 244,
  "gates": [
    {
      "corners": [
        [
          128.32124352331604,
          146.09326424870466,
          2
        ],
        [
          157.33678756476684,
          142.4663212435233,
          2
        ],
        [
          157.85492227979273,
          189.3575129533679,
          2
        ],
        [
          127.28497409326425,
          191.17098445595855,
          2
        ]
      ]
    },
    {
      "corners": [
        [
          97.75129533678755,
          154.9015544041451,
          2
        ],
        [
          260.1865284974093,
          104.90155440414507,
          2
        ],
        [
          259.6683937823834,
          200.75647668393782,
          2
        ],
        [
          95.67875647668393,
          200.23834196891193,
          2
        ]
      ]
    }
  ],
  "unconverted": []
}