{
  "image": "recordings/20260513_112256/img_000047.png",
  "image_width": 324,
  "image_height": 244,
  "gates": [
    {
      "corners": [
        [
          119.4749984741211,
          96.6937484741211,
          2
        ],
        [
          188.68393782383419,
          81.58549222797927,
          2
        ],
        [
          181.9481865284974,
          199.97927461139895,
          2
        ],
        [
          120.29015544041451,
          180.03108808290156,
          2
        ]
      ]
    },
    {
      "corners": [
        [
          27.544041450777183,
          152.82901554404145,
          2
        ],
        [
          39.46113989637304,
          151.79274611398964,
          2
        ],
        [
          38.683937823834185,
          180.03108808290156,
          2
        ],
        [
          27.284974093264236,
          182.88082901554404,
          2
        ]
      ]
    },
    {
      "corners": [
        [
          120.03108808290153,
          150.49740932642487,
          2
        ],
        [
          150.860103626943,
          150.23834196891193,
          2
        ],
        [
          150.3419689119171,
          181.58549222797927,
          2
        ],
        [
          120.54922279792746,
          180.03108808290156,
          2
        ]
      ]
    }
  ],
  "unconverted": []
}