{
  "image": "recordings/20260513_112256/img_000236.png",
  "image_width": 324,
  "image_height": 244,
  "gates": [
    {
      "corners": [
        [
          125.98963730569946,
          147.90673575129534,
          2
        ],
        [
          156.81865284974091,
          147.38860103626942,
          2
        ],
        [
          155.2642487046632,
          195.31606217616581,
          2
        ],
        [
          124.6943005181347,
          195.05699481865284,
          2
        ]
      ]
    },
    {
      "corners": [
        [
          97.23316062176164,
          160.08290155440415,
          2
        ],
        [
          322.88082901554407,
          96.09326424870466,
          0
        ],
        [
          323.139896373057,
          200.23834196891193,
          0
        ],
        [
          96.19689119170984,
          199.46113989637306,
          2
        ]
      ]
    }
  ],
  "unconverted": []
}