{
  "image": "recordings/20260513_112256/img_000242.png",
  "image_width": 324,
  "image_height": 244,
  "gates": [
    {
      "corners": [
        [
          180.0610134144521,
          102.25061070733737,
          2
        ],
        [
          219.7720207253886,
          92.46632124352331,
          2
        ],
        [
          221.58549222797927,
          160.3419689119171,
          2
        ],
        [
          180.9119170984456,
          160.60103626943004,
          2
        ]
      ]
    }
  ],
  "unconverted": []
}