{
  "image": "recordings/20260513_112256/img_000067.png",
  "image_width": 324,
  "image_height": 244,
  "gates": [
    {
      "corners": [
        [
          92.05181347150258,
          132.10362694300517,
          2
        ],
        [
          115.10880829015542,
          130.2901554404145,
          2
        ],
        [
          118.4625015258789,
          167.56875610351562,
          2
        ],
        [
          94.64248704663211,
          173.81347150259066,
          2
        ]
      ]
    },
    {
      "corners": [
        [
          89.720207253886,
          52.31088082901554,
          2
        ],
        [
          244.9015544041451,
          18.89119170984455,
          2
        ],
        [
          226.50777202072538,
          175.8860103626943,
          2
        ],
        [
          93.86528497409326,
          183.13989637305698,
          2
        ]
      ]
    }
  ],
  "unconverted": []
}