{
  "image": "recordings/20260513_112256/img_000180.png",
  "image_width": 324,
  "image_height": 244,
  "gates": [
    {
      "corners": [
        [
          106.81865284974093,
          98.16580310880829,
          2
        ],
        [
          192.05181347150258,
          94.27979274611398,
          2
        ],
        [
          188.42487046632124,
          228.7357512953368,
          2
        ],
        [
          107.59585492227978,
          212.15544041450778,
          2
        ]
      ]
    },
    {
      "corners": [
        [
          64.07253886010362,
          88.06217616580311,
          2
        ],
        [
          89.46113989637304,
          88.580310880829,
          2
        ],
        [
          90.49740932642486,
          132.36269430051814,
          2
        ],
        [
          64.33160621761657,
          131.58549222797927,
          2
        ]
      ]
    }
  ],
  "unconverted": []
}