{
  "image": "recordings/20260513_112256/img_000283.png",
  "image_width": 324,
  "image_height": 244,
  "gates": [
    {
      "corners": [
        [
          161.74093264248702,
          166.30051813471502,
          2
        ],
        [
          170.8082901554404,
          164.48704663212436,
          2
        ],
        [
          170.8082901554404,
          180.2901554404145,
          2
        ],
        [
          160.96373056994818,
          182.36269430051814,
          2
        ]
      ]
    },
    {
      "corners": [
        [
          203.45077720207254,
          159.56476683937822,
          2
        ],
        [
          227.5440414507772,
          162.15544041450778,
          2
        ],
        [
          224.95336787564767,
          185.9896373056995,
          2
        ],
        [
          199.56476683937822,
          184.1761658031088,
          2
        ]
      ]
    },
    {
      "corners": [
        [
          180.39378238341968,
          190.39378238341968,
          2
        ],
        [
          230.13471502590673,
          204.38341968911917,
          2
        ],
        [
          226.44438434995183,
          251.1276082512142,
          0
        ],
        [
          181.17098445595855,
          227.18134715025906,
          2
        ]
      ]
    }
  ],
  "unconverted": []
}