{
  "image": "recordings/20260513_112256/img_000218.png",
  "image_width": 324,
  "image_height": 244,
  "gates": [
    {
      "corners": [
        [
          155.9250030517578,
          129.09375,
          2
        ],
        [
          206.04145077720207,
          119.15025906735751,
          2
        ],
        [
          206.04145077720207,
          233.13989637305698,
          2
        ],
        [
          156.55958549222797,
          213.45077720207254,
          2
        ]
      ]
    },
    {
      "corners": [
        [
          156.55958549222797,
          128.7357512953368,
          2
        ],
        [
          174.95336787564767,
          124.59067357512953,
          2
        ],
        [
          174.6943005181347,
          153.6062176165803,
          2
        ],
        [
          157.33678756476684,
          153.6062176165803,
          2
        ]
      ]
    }
  ],
  "unconverted": []
}