{
  "image": "recordings/20260513_112256/img_000309.png",
  "image_width": 324,
  "image_height": 244,
  "gates": [
    {
      "corners": [
        [
          164.0725388601036,
          118.6321243523316,
          2
        ],
        [
          187.90673575129532,
          123.0362694300518,
          2
        ],
        [
          179.87564766839378,
          159.30569948186528,
          2
        ],
        [
          156.04145077720207,
          153.86528497409327,
          2
        ]
      ]
    },
    {
      "corners": [
        [
          192.05181347150258,
          165.78238341968913,
          2
        ],
        [
          266.4041450777202,
          186.50777202072538,
          2
        ],
        [
          247.49222797927462,
          243.50259067357513,
          0
        ],
        [
          173.39896373056993,
          243.76165803108807,
          0
        ]
      ]
    }
  ],
  "unconverted": []
}