{
  "image": "recordings/20260513_112256/img_000144.png",
  "image_width": 324,
  "image_height": 244,
  "gates": [
    {
      "corners": [
        [
          143.34715025906735,
          118.6321243523316,
          2
        ],
        [
          212.77720207253884,
          104.12435233160622,
          2
        ],
        [
          212.0,
          215.00518134715026,
          2
        ],
        [
          139.72500610351562,
          199.96875,
          2
        ]
      ]
    },
    {
      "corners": [
        [
          53.19170984455957,
          117.59585492227978,
          2
        ],
        [
          72.88082901554402,
          120.96373056994818,
          2
        ],
        [
          71.32642487046631,
          145.8341968911917,
          2
        ],
        [
          51.378238341968895,
          144.53886010362694,
          2
        ]
      ]
    },
    {
      "corners": [
        [
          142.31088082901553,
          146.3523316062176,
          2
        ],
        [
          151.11917098445596,
          146.61139896373058,
          2
        ],
        [
          149.30569948186528,
          178.99481865284974,
          2
        ],
        [
          140.75647668393782,
          178.7357512953368,
          2
        ]
      ]
    }
  ],
  "unconverted": []
}