{
  "image": "recordings/20260513_112256/img_000157.png",
  "image_width": 324,
  "image_height": 244,
  "gates": [
    {
      "corners": [
        [
          92.31088082901553,
          122.51813471502591,
          2
        ],
        [
          108.37305699481864,
          125.36787564766838,
          2
        ],
        [
          103.45077720207253,
          147.38860103626942,
          2
        ],
        [
          87.90673575129533,
          145.57512953367876,
          2
        ]
      ]
    },
    {
      "corners": [
        [
          160.9875030517578,
          79.48124694824219,
          2
        ],
        [
          223.7624969482422,
          30.881250381469727,
          2
        ],
        [
          218.6999969482422,
          134.15625,
          2
        ],
        [
          151.875,
          151.36874389648438,
          2
        ]
      ]
    }
  ],
  "unconverted": []
}