{
  "image": "recordings/20260513_112256/img_000179.png",
  "image_width": 324,
  "image_height": 244,
  "gates": [
    {
      "corners": [
        [
          109.40932642487046,
          114.48704663212435,
          2
        ],
        [
          186.87046632124353,
          114.48704663212435,
          2
        ],
        [
          182.4663212435233,
          234.69430051813472,
          2
        ],
        [
          110.36249542236328,
          223.25624084472656,
          2
        ]
      ]
    },
    {
      "corners": [
        [
          64.59067357512953,
          92.72538860103626,
          2
        ],
        [
          92.31088082901553,
          93.76165803108807,
          2
        ],
        [
          92.05181347150258,
          136.76683937823833,
          2
        ],
        [
          63.81347150259066,
          135.7305699481865,
          2
        ]
      ]
    }
  ],
  "unconverted": []
}