{
  "image": "recordings/20260513_112256/img_000226.png",
  "image_width": 324,
  "image_height": 244,
  "gates": [
    {
      "corners": [
        [
          136.87046632124353,
          142.20725388601036,
          2
        ],
        [
          160.1865284974093,
          140.39378238341968,
          2
        ],
        [
          160.1865284974093,
          151.5336787564767,
          2
        ],
        [
          137.90673575129532,
          155.93782383419688,
          2
        ]
      ]
    },
    {
      "corners": [
        [
          145.16062176165804,
          176.66321243523316,
          2
        ],
        [
          206.81865284974091,
          175.8860103626943,
          2
        ],
        [
          209.14954983352703,
          244.0,
          0
        ],
        [
          149.82383419689117,
          243.50259067357513,
          0
        ]
      ]
    }
  ],
  "unconverted": []
}