{
  "image": "recordings/20260513_112256/img_000196.png",
  "image_width": 324,
  "image_height": 244,
  "gates": [
    {
      "corners": [
        [
          146.71502590673575,
          117.33678756476684,
          2
        ],
        [
          167.440414507772,
          109.30569948186528,
          2
        ],
        [
          160.1865284974093,
          198.42487046632124,
          2
        ],
        [
          141.01554404145077,
          185.21243523316062,
          2
        ]
      ]
    },
    {
      "corners": [
        [
          179.35751295336786,
          109.04663212435233,
          2
        ],
        [
          192.82901554404145,
          108.78756476683937,
          2
        ],
        [
          189.97927461139895,
          141.68911917098444,
          2
        ],
        [
          177.28497409326425,
          141.17098445595855,
          2
        ]
      ]
    }
  ],
  "unconverted": []
}