{
  "image": "recordings/20260513_112256/img_000084.png",
  "image_width": 324,
  "image_height": 244,
  "gates": [
    {
      "corners": [
        [
          80.39378238341968,
          140.13471502590673,
          2
        ],
        [
          127.02590673575128,
          141.68911917098444,
          2
        ],
        [
          124.6943005181347,
          187.5440414507772,
          2
        ],
        [
          77.54404145077719,
          192.20725388601036,
          2
        ]
      ]
    }
  ],
  "unconverted": []
}