{
  "image": "recordings/20260513_112256/img_000020.png",
  "image_width": 324,
  "image_height": 244,
  "gates": [
    {
      "corners": [
        [
          140.49740932642487,
          120.70466321243524,
          2
        ],
        [
          181.68911917098444,
          121.74093264248704,
          2
        ],
        [
          180.39378238341968,
          155.93782383419688,
          2
        ],
        [
          139.97927461139895,
          158.78756476683938,
          2
        ]
      ]
    },
    {
      "corners": [
        [
          90.75647668393782,
          106.71502590673575,
          2
        ],
        [
          112.77720207253884,
          110.34196891191709,
          2
        ],
        [
          112.25906735751295,
          134.69430051813472,
          2
        ],
        [
          90.49740932642486,
          133.91709844559585,
          2
        ]
      ]
    },
    {
      "corners": [
        [
          11.481865284974077,
          124.84974093264249,
          2
        ],
        [
          15.626943005181332,
          124.84974093264249,
          2
        ],
        [
          17.440414507772,
          149.46113989637306,
          2
        ],
        [
          13.813471502590655,
          151.01554404145077,
          2
        ]
      ]
    }
  ],
  "unconverted": []
}