{
  "image": "recordings/20260513_112256/img_000106.png",
  "image_width": 324,
  "image_height": 244,
  "gates": [
    {
      "corners": [
        [
          91.01554404145077,
          134.69430051813472,
          2
        ],
        [
          162.0,
          132.13125610351562,
          2
        ],
        [
          164.33160621761658,
          203.6062176165803,
          2
        ],
        [
          94.1624984741211,
          204.0187530517578,
          2
        ]
      ]
    },
    {
      "corners": [
        [
          25.989637305699464,
          144.279792746114,
          2
        ],
        [
          52.93264248704662,
          144.279792746114,
          2
        ],
        [
          53.70984455958548,
          180.2901554404145,
          2
        ],
        [
          26.507772020725373,
          183.6580310880829,
          2
        ]
      ]
    }
  ],
  "unconverted": []
}