{
  "image": "recordings/20260513_112256/img_000183.png",
  "image_width": 324,
  "image_height": 244,
  "gates": [
    {
      "corners": [
        [
          95.17500305175781,
          98.71875,
          2
        ],
        [
          174.6943005181347,
          93.76165803108807,
          2
        ],
        [
          167.95854922279793,
          225.8860103626943,
          2
        ],
        [
          95.17500305175781,
          208.06874084472656,
          2
        ]
      ]
    },
    {
      "corners": [
        [
          72.62176165803108,
          86.24870466321244,
          2
        ],
        [
          83.24352331606217,
          86.24870466321244,
          2
        ],
        [
          83.50259067357511,
          129.2538860103627,
          2
        ],
        [
          72.36269430051813,
          128.99481865284974,
          2
        ]
      ]
    },
    {
      "corners": [
        [
          95.16062176165802,
          98.42487046632124,
          2
        ],
        [
          102.41450777202071,
          97.90673575129533,
          2
        ],
        [
          101.63730569948186,
          128.99481865284974,
          2
        ],
        [
          95.67875647668393,
          128.99481865284974,
          2
        ]
      ]
    }
  ],
  "unconverted": []
}