{
  "image": "recordings/20260513_112256/img_000095.png",
  "image_width": 324,
  "image_height": 244,
  "gates": [
    {
      "corners": [
        [
          0.08290155440412761,
          174.59067357512953,
          0
        ],
        [
          24.953367875647654,
          174.33160621761658,
          2
        ],
        [
          31.43005181347149,
          243.50259067357513,
          0
        ],
        [
          0.590673575128676,
          244.0,
          0
        ]
      ]
    }
  ],
  "unconverted": []
}