{
  "image": "recordings/20260513_112256/img_000013.png",
  "image_width": 324,
  "image_height": 244,
  "gates": [
    {
      "corners": [
        [
          211.22279792746113,
          139.87564766839378,
          2
        ],
        [
          235.3160621761658,
          141.17098445595855,
          2
        ],
        [
          232.4663212435233,
          162.67357512953367,
          2
        ],
        [
          209.1502590673575,
          163.96891191709844,
          2
        ]
      ]
    },
    {
      "corners": [
        [
          167.95854922279793,
          126.66321243523316,
          2
        ],
        [
          178.32124352331604,
          128.47668393782382,
          2
        ],
        [
          177.28497409326425,
          146.09326424870466,
          2
        ],
        [
          166.66321243523316,
          145.3160621761658,
          2
        ]
      ]
    }
  ],
  "unconverted": []
}