{
  "image": "recordings/20260513_112256/img_000027.png",
  "image_width": 324,
  "image_height": 244,
  "gates": [
    {
      "corners": [
        [
          86.61139896373057,
          89.87564766839378,
          2
        ],
        [
          148.5284974093264,
          96.87046632124351,
          2
        ],
        [
          146.19689119170982,
          154.12435233160622,
          2
        ],
        [
          85.05699481865284,
          151.2746113989637,
          2
        ]
      ]
    },
    {
      "corners": [
        [
          0.08290155440412761,
          139.0984455958549,
          0
        ],
        [
          28.839378238341954,
          140.9119170984456,
          2
        ],
        [
          29.61658031088081,
          175.10880829015545,
          2
        ],
        [
          0.3419689119170819,
          181.84455958549222,
          0
        ]
      ]
    }
  ],
  "unconverted": []
}