{
  "image": "recordings/20260513_112256/img_000227.png",
  "image_width": 324,
  "image_height": 244,
  "gates": [
    {
      "corners": [
        [
          133.24352331606218,
          144.279792746114,
          2
        ],
        [
          156.04145077720207,
          142.98445595854923,
          2
        ],
        [
          156.30051813471502,
          151.79274611398964,
          2
        ],
        [
          132.9844559585492,
          154.9015544041451,
          2
        ]
      ]
    },
    {
      "corners": [
        [
          140.2383419689119,
          175.62694300518135,
          2
        ],
        [
          200.860103626943,
          174.59067357512953,
          2
        ],
        [
          201.8963730569948,
          243.76165803108807,
          0
        ],
        [
          142.31088082901553,
          243.50259067357513,
          0
        ]
      ]
    }
  ],
  "unconverted": []
}