{
  "image": "recordings/20260513_112256/img_000148.png",
  "image_width": 324,
  "image_height": 244,
  "gates": [
    {
      "corners": [
        [
          23.917098445595837,
          167.33678756476684,
          2
        ],
        [
          41.51250076293945,
          174.65625,
          2
        ],
        [
          30.375,
          199.96875,
          2
        ],
        [
          9.40932642487045,
          192.20725388601036,
          2
        ]
      ]
    },
    {
      "corners": [
        [
          127.57499694824219,
          110.8687515258789,
          2
        ],
        [
          196.4250030517578,
          71.3812484741211,
          2
        ],
        [
          206.5500030517578,
          138.2062530517578,
          2
        ],
        [
          115.42499542236328,
          171.61874389648438,
          2
        ]
      ]
    },
    {
      "corners": [
        [
          100.34196891191709,
          195.05699481865284,
          2
        ],
        [
          123.65803108808288,
          198.1658031088083,
          2
        ],
        [
          116.66321243523316,
          235.21243523316062,
          2
        ],
        [
          89.46113989637304,
          230.8082901554404,
          2
        ]
      ]
    }
  ],
  "unconverted": []
}