{
  "image": "recordings/20260513_112256/img_000160.png",
  "image_width": 324,
  "image_height": 244,
  "gates": [
    {
      "corners": [
        [
          169.7720207253886,
          139.35751295336786,
          2
        ],
        [
          191.79274611398964,
          141.68911917098444,
          2
        ],
        [
          188.3249969482422,
          175.6687469482422,
          2
        ],
        [
          165.10880829015542,
          172.5181347150259,
          2
        ]
      ]
    },
    {
      "corners": [
        [
          165.03750610351562,
          95.6812515258789,
          2
        ],
        [
          223.7624969482422,
          55.18124771118164,
          2
        ],
        [
          215.66249084472656,
          183.7687530517578,
          2
        ],
        [
          155.2642487046632,
          175.8860103626943,
          2
        ]
      ]
    },
    {
      "corners": [
        [
          108.89119170984455,
          116.04145077720207,
          2
        ],
        [
          123.39896373056993,
          119.15025906735751,
          2
        ],
        [
          120.54922279792746,
          141.17098445595855,
          2
        ],
        [
          104.7461139896373,
          139.61658031088083,
          2
        ]
      ]
    }
  ],
  "unconverted": []
}