{
  "image": "recordings/20260513_112256/img_000200.png",
  "image_width": 324,
  "image_height": 244,
  "gates": [
    {
      "corners": [
        [
          180.39378238341968,
          125.10880829015544,
          2
        ],
        [
          198.0103626943005,
          123.81347150259067,
          2
        ],
        [
          195.93782383419688,
          154.12435233160622,
          2
        ],
        [
          179.35751295336786,
          154.12435233160622,
          2
        ]
      ]
    },
    {
      "corners": [
        [
          142.56994818652848,
          137.80310880829015,
          2
        ],
        [
          154.48704663212433,
          134.69430051813472,
          2
        ],
        [
          150.60103626943004,
          209.56476683937825,
          2
        ],
        [
          139.97927461139895,
          198.68393782383419,
          2
        ]
      ]
    }
  ],
  "unconverted": []
}