{
  "image": "recordings/20260513_112256/img_000174.png",
  "image_width": 324,
  "image_height": 244,
  "gates": [
    {
      "corners": [
        [
          127.80310880829015,
          130.03108808290156,
          2
        ],
        [
          185.3160621761658,
          130.2901554404145,
          2
        ],
        [
          183.76165803108807,
          210.3419689119171,
          2
        ],
        [
          127.28497409326425,
          208.78756476683938,
          2
        ]
      ]
    },
    {
      "corners": [
        [
          67.18134715025906,
          105.67875647668393,
          2
        ],
        [
          94.38341968911917,
          107.23316062176166,
          2
        ],
        [
          94.1624984741211,
          143.2687530517578,
          2
        ],
        [
          67.440414507772,
          143.24352331606218,
          2
        ]
      ]
    }
  ],
  "unconverted": []
}