{
  "image": "recordings/20260513_112256/img_000211.png",
  "image_width": 324,
  "image_height": 244,
  "gates": [
    {
      "corners": [
        [
          191.2746113989637,
          139.0984455958549,
          2
        ],
        [
          209.1502590673575,
          137.5440414507772,
          2
        ],
        [
          208.11398963730568,
          169.40932642487047,
          2
        ],
        [
          189.720207253886,
          168.89119170984455,
          2
        ]
      ]
    },
    {
      "corners": [
        [
          153.7098445595855,
          155.16062176165804,
          2
        ],
        [
          167.0625,
          152.38125610351562,
          2
        ],
        [
          162.77720207253884,
          230.8082901554404,
          2
        ],
        [
          150.860103626943,
          217.33678756476684,
          2
        ]
      ]
    }
  ],
  "unconverted": []
}