{
  "image": "recordings/20260513_112256/img_000210.png",
  "image_width": 324,
  "image_height": 244,
  "gates": [
    {
      "corners": [
        [
          190.49740932642487,
          135.21243523316062,
          2
        ],
        [
          206.55958549222797,
          133.91709844559585,
          2
        ],
        [
          205.00518134715026,
          165.78238341968913,
          2
        ],
        [
          189.720207253886,
          165.00518134715026,
          2
        ]
      ]
    },
    {
      "corners": [
        [
          146.9740932642487,
          151.01554404145077,
          2
        ],
        [
          156.81865284974091,
          147.12953367875647,
          2
        ],
        [
          152.67357512953367,
          220.70466321243524,
          2
        ],
        [
          144.6424870466321,
          211.3782383419689,
          2
        ]
      ]
    }
  ],
  "unconverted": []
}