{
  "image": "recordings/20260513_112256/img_000314.png",
  "image_width": 324,
  "image_height": 244,
  "gates": [
    {
      "corners": [
        [
          260.96373056994815,
          85.47150259067357,
          2
        ],
        [
          321.8445595854922,
          86.50777202072538,
          0
        ],
        [
          322.98748779296875,
          236.4187469482422,
          0
        ],
        [
          280.4624938964844,
          240.46875,
          2
        ]
      ]
    }
  ],
  "unconverted": []
}