{
  "image": "recordings/20260513_112256/img_000168.png",
  "image_width": 324,
  "image_height": 244,
  "gates": [
    {
      "corners": [
        [
          145.41968911917098,
          138.83937823834196,
          2
        ],
        [
          185.05699481865284,
          139.35751295336786,
          2
        ],
        [
          183.50259067357513,
          186.50777202072538,
          2
        ],
        [
          144.90155440414506,
          186.50777202072538,
          2
        ]
      ]
    },
    {
      "corners": [
        [
          65.10880829015542,
          114.48704663212435,
          2
        ],
        [
          89.720207253886,
          116.04145077720207,
          2
        ],
        [
          90.11250305175781,
          147.31875610351562,
          2
        ],
        [
          65.8860103626943,
          147.12953367875647,
          2
        ]
      ]
    }
  ],
  "unconverted": []
}