{
  "image": "recordings/20260513_112256/img_000295.png",
  "image_width": 324,
  "image_height": 244,
  "gates": [
    {
      "corners": [
        [
          169.84093874600268,
          144.02218264248702,
          2
        ],
        [
          225.47150259067357,
          154.6424870466321,
          2
        ],
        [
          211.35343569424487,
          240.20968264248702,
          2
        ],
        [
          164.59067357512953,
          206.4559585492228,
          2
        ]
      ]
    },
    {
      "corners": [
        [
          86.13380981603434,
          158.99816024859336,
          2
        ],
        [
          95.16062176165802,
          157.49222797927462,
          2
        ],
        [
          93.86528497409326,
          180.2901554404145,
          2
        ],
        [
          86.3523316062176,
          183.13989637305698,
          2
        ]
      ]
    },
    {
      "corners": [
        [
          169.111266378294,
          163.59005523839764,
          2
        ],
        [
          191.01554404145077,
          162.93264248704662,
          2
        ],
        [
          189.46113989637306,
          190.39378238341968,
          2
        ],
        [
          167.18134715025906,
          191.68911917098444,
          2
        ]
      ]
    }
  ],
  "unconverted": []
}