{
  "image": "recordings/20260513_112256/img_000163.png",
  "image_width": 324,
  "image_height": 244,
  "gates": [
    {
      "corners": [
        [
          67.18134715025906,
          117.59585492227978,
          2
        ],
        [
          87.38860103626942,
          118.89119170984455,
          2
        ],
        [
          86.09326424870466,
          148.1658031088083,
          2
        ],
        [
          66.66321243523315,
          147.12953367875647,
          2
        ]
      ]
    },
    {
      "corners": [
        [
          146.71502590673575,
          143.50259067357513,
          2
        ],
        [
          177.28497409326425,
          143.76165803108807,
          2
        ],
        [
          175.21243523316062,
          188.0621761658031,
          2
        ],
        [
          144.38341968911917,
          188.58031088082902,
          2
        ]
      ]
    },
    {
      "corners": [
        [
          124.43523316062175,
          90.13471502590673,
          2
        ],
        [
          324.0,
          0.2403256846780057,
          0
        ],
        [
          324.0,
          224.59067357512953,
          0
        ],
        [
          123.39896373056993,
          223.81347150259066,
          2
        ]
      ]
    }
  ],
  "unconverted": []
}