{
  "image": "recordings/20260513_112256/img_000308.png",
  "image_width": 324,
  "image_height": 244,
  "gates": [
    {
      "corners": [
        [
          153.6884715025907,
          136.01726646620992,
          2
        ],
        [
          209.66839378238342,
          144.02072538860102,
          2
        ],
        [
          189.720207253886,
          234.43523316062175,
          2
        ],
        [
          139.2020725388601,
          213.45077720207254,
          2
        ]
      ]
    },
    {
      "corners": [
        [
          125.73056994818651,
          102.05181347150258,
          2
        ],
        [
          147.75129533678756,
          105.16062176165802,
          2
        ],
        [
          140.49740932642487,
          138.32124352331607,
          2
        ],
        [
          121.06735751295335,
          134.95336787564767,
          2
        ]
      ]
    }
  ],
  "unconverted": []
}