{
  "image": "recordings/20260513_112256/img_000129.png",
  "image_width": 324,
  "image_height": 244,
  "gates": [
    {
      "corners": [
        [
          17.181347150259054,
          54.64248704663212,
          2
        ],
        [
          41.533678756476675,
          51.79274611398963,
          2
        ],
        [
          49.61249923706055,
          81.5062484741211,
          2
        ],
        [
          25.989637305699464,
          87.02590673575129,
          2
        ]
      ]
    },
    {
      "corners": [
        [
          111.22279792746113,
          102.82901554404144,
          2
        ],
        [
          135.8341968911917,
          100.49740932642487,
          2
        ],
        [
          135.3160621761658,
          131.06735751295335,
          2
        ],
        [
          113.03626943005182,
          133.91709844559585,
          2
        ]
      ]
    },
    {
      "corners": [
        [
          118.47668393782382,
          178.7357512953368,
          2
        ],
        [
          171.06735751295335,
          220.70466321243524,
          2
        ],
        [
          166.55607754229646,
          257.61513569962807,
          0
        ],
        [
          124.6943005181347,
          216.55958549222797,
          2
        ]
      ]
    }
  ],
  "unconverted": []
}