{
  "image": "recordings/20260513_112256/img_000213.png",
  "image_width": 324,
  "image_height": 244,
  "gates": [
    {
      "corners": [
        [
          166.4041450777202,
          150.49740932642487,
          2
        ],
        [
          191.01554404145077,
          145.8341968911917,
          2
        ],
        [
          189.46113989637306,
          239.61658031088083,
          2
        ],
        [
          165.10880829015542,
          222.25906735751295,
          2
        ]
      ]
    },
    {
      "corners": [
        [
          199.8238341968912,
          134.69430051813472,
          2
        ],
        [
          209.40932642487047,
          134.69430051813472,
          2
        ],
        [
          209.66839378238342,
          167.0777202072539,
          2
        ],
        [
          200.860103626943,
          167.59585492227978,
          2
        ]
      ]
    }
  ],
  "unconverted": []
}