{
  "image": "recordings/20260513_112256/img_000114.png",
  "image_width": 324,
  "image_height": 244,
  "gates": [
    {
      "corners": [
        [
          118.47668393782382,
          116.81865284974093,
          2
        ],
        [
          207.59585492227978,
          119.40932642487046,
          2
        ],
        [
          199.46249389648438,
          224.2687530517578,
          2
        ],
        [
          113.55440414507771,
          204.12435233160622,
          2
        ]
      ]
    },
    {
      "corners": [
        [
          72.62176165803108,
          126.66321243523316,
          2
        ],
        [
          101.63730569948186,
          131.32642487046633,
          2
        ],
        [
          99.30569948186528,
          167.59585492227978,
          2
        ],
        [
          70.2901554404145,
          166.30051813471502,
          2
        ]
      ]
    }
  ],
  "unconverted": []
}