{
  "image": "recordings/20260513_112256/img_000171.png",
  "image_width": 324,
  "image_height": 244,
  "gates": [
    {
      "corners": [
        [
          72.36269430051813,
          109.56476683937824,
          2
        ],
        [
          98.78756476683937,
          110.34196891191709,
          2
        ],
        [
          97.75129533678755,
          145.3160621761658,
          2
        ],
        [
          70.8082901554404,
          144.279792746114,
          2
        ]
      ]
    },
    {
      "corners": [
        [
          144.90155440414506,
          134.95336787564767,
          2
        ],
        [
          193.0880829015544,
          135.7305699481865,
          2
        ],
        [
          190.75647668393782,
          189.87564766839378,
          2
        ],
        [
          144.90155440414506,
          184.95336787564767,
          2
        ]
      ]
    }
  ],
  "unconverted": []
}