{
  "image": "recordings/20260513_112256/img_000138.png",
  "image_width": 324,
  "image_height": 244,
  "gates": [
    {
      "corners": [
        [
          68.47668393782382,
          88.580310880829,
          2
        ],
        [
          85.31606217616579,
          89.61658031088082,
          2
        ],
        [
          85.05699481865284,
          115.78238341968911,
          2
        ],
        [
          68.73575129533678,
          115.78238341968911,
          2
        ]
      ]
    },
    {
      "corners": [
        [
          152.67357512953367,
          152.31088082901553,
          2
        ],
        [
          217.18134715025906,
          175.10880829015545,
          2
        ],
        [
          201.2872146758157,
          259.3477104047052,
          0
        ],
        [
          149.30569948186528,
          216.30051813471502,
          2
        ]
      ]
    },
    {
      "corners": [
        [
          143.34715025906735,
          125.36787564766838,
          2
        ],
        [
          164.84974093264248,
          128.21761658031087,
          2
        ],
        [
          162.0,
          159.56476683937822,
          2
        ],
        [
          141.2746113989637,
          159.56476683937822,
          2
        ]
      ]
    }
  ],
  "unconverted": []
}