{
  "image": "recordings/20260513_112256/img_000024.png",
  "image_width": 324,
  "image_height": 244,
  "gates": [
    {
      "corners": [
        [
          109.6683937823834,
          121.74093264248704,
          2
        ],
        [
          176.50777202072538,
          123.55440414507771,
          2
        ],
        [
          175.47150259067357,
          174.33160621761658,
          2
        ],
        [
          111.48186528497408,
          176.9222797927461,
          2
        ]
      ]
    },
    {
      "corners": [
        [
          70.2901554404145,
          114.2279792746114,
          2
        ],
        [
          93.86528497409326,
          118.6321243523316,
          2
        ],
        [
          95.67875647668393,
          148.42487046632124,
          2
        ],
        [
          67.95854922279791,
          147.38860103626942,
          2
        ]
      ]
    }
  ],
  "unconverted": []
}