{
  "image": "recordings/20260513_112256/img_000300.png",
  "image_width": 324,
  "image_height": 244,
  "gates": [
    {
      "corners": [
        [
          114.0725388601036,
          167.85492227979273,
          2
        ],
        [
          164.84974093264248,
          165.00518134715026,
          2
        ],
        [
          165.10880829015542,
          214.7461139896373,
          2
        ],
        [
          116.66321243523316,
          223.5544041450777,
          2
        ]
      ]
    },
    {
      "corners": [
        [
          0.0,
          170.9128592693744,
          0
        ],
        [
          19.772020725388582,
          170.4455958549223,
          2
        ],
        [
          20.031088082901537,
          206.4559585492228,
          2
        ],
        [
          0.0,
          214.7461139896373,
          0
        ]
      ]
    }
  ],
  "unconverted": []
}