{
  "image": "recordings/20260513_112256/img_000065.png",
  "image_width": 324,
  "image_height": 244,
  "gates": [
    {
      "corners": [
        [
          87.64766839378237,
          61.3782383419689,
          2
        ],
        [
          235.8341968911917,
          42.98445595854922,
          2
        ],
        [
          221.84455958549222,
          192.20725388601036,
          2
        ],
        [
          85.57512953367875,
          191.68911917098444,
          2
        ]
      ]
    },
    {
      "corners": [
        [
          85.57512953367875,
          144.279792746114,
          2
        ],
        [
          95.67875647668393,
          143.24352331606218,
          2
        ],
        [
          97.75129533678755,
          181.32642487046633,
          2
        ],
        [
          86.3523316062176,
          184.1761658031088,
          2
        ]
      ]
    },
    {
      "corners": [
        [
          55.2642487046632,
          144.53886010362694,
          2
        ],
        [
          64.33160621761657,
          144.53886010362694,
          2
        ],
        [
          63.29533678756475,
          192.4663212435233,
          2
        ],
        [
          60.70466321243522,
          192.20725388601036,
          2
        ]
      ]
    }
  ],
  "unconverted": []
}