{
  "image": "recordings/20260513_112256/img_000154.png",
  "image_width": 324,
  "image_height": 244,
  "gates": [
    {
      "corners": [
        [
          79.09844559585491,
          177.95854922279793,
          2
        ],
        [
          94.90155440414507,
          184.1761658031088,
          2
        ],
        [
          86.09326424870466,
          206.19689119170985,
          2
        ],
        [
          68.99481865284973,
          199.2020725388601,
          2
        ]
      ]
    },
    {
      "corners": [
        [
          144.12435233160622,
          199.46113989637306,
          2
        ],
        [
          166.14507772020724,
          204.12435233160622,
          2
        ],
        [
          158.6321243523316,
          238.32124352331607,
          2
        ],
        [
          134.53886010362694,
          232.88082901554404,
          2
        ]
      ]
    },
    {
      "corners": [
        [
          163.0124969482422,
          122.0062484741211,
          2
        ],
        [
          221.7375030517578,
          79.48124694824219,
          2
        ],
        [
          229.35751295336786,
          137.5440414507772,
          2
        ],
        [
          153.19170984455957,
          173.29533678756476,
          2
        ]
      ]
    }
  ],
  "unconverted": []
}