{
  "image": "recordings/20260513_112256/img_000035.png",
  "image_width": 324,
  "image_height": 244,
  "gates": [
    {
      "corners": [
        [
          130.65284974093262,
          83.91709844559585,
          2
        ],
        [
          212.25906735751295,
          81.84455958549222,
          2
        ],
        [
          212.25906735751295,
          165.2642487046632,
          2
        ],
        [
          130.9119170984456,
          164.7461139896373,
          2
        ]
      ]
    },
    {
      "corners": [
        [
          54.48704663212435,
          151.01554404145077,
          2
        ],
        [
          84.79792746113989,
          150.49740932642487,
          2
        ],
        [
          86.0625,
          184.78125,
          2
        ],
        [
          56.70000076293945,
          191.86874389648438,
          2
        ]
      ]
    }
  ],
  "unconverted": []
}