{
  "image": "recordings/20260513_112256/img_000036.png",
  "image_width": 324,
  "image_height": 244,
  "gates": [
    {
      "corners": [
        [
          131.9481865284974,
          71.74093264248704,
          2
        ],
        [
          217.18134715025906,
          63.19170984455958,
          2
        ],
        [
          221.06735751295335,
          152.31088082901553,
          2
        ],
        [
          134.7979274611399,
          156.19689119170985,
          2
        ]
      ]
    },
    {
      "corners": [
        [
          58.11398963730569,
          145.3160621761658,
          2
        ],
        [
          89.46113989637304,
          143.24352331606218,
          2
        ],
        [
          92.82901554404144,
          175.10880829015545,
          2
        ],
        [
          64.84974093264248,
          185.7305699481865,
          2
        ]
      ]
    }
  ],
  "unconverted": []
}