{
  "image": "recordings/20260513_112256/img_000110.png",
  "image_width": 324,
  "image_height": 244,
  "gates": [
    {
      "corners": [
        [
          86.87046632124351,
          140.9119170984456,
          2
        ],
        [
          107.33678756476682,
          143.24352331606218,
          2
        ],
        [
          106.04145077720206,
          175.10880829015545,
          2
        ],
        [
          85.05699481865284,
          175.3678756476684,
          2
        ]
      ]
    },
    {
      "corners": [
        [
          140.49740932642487,
          134.1761658031088,
          2
        ],
        [
          210.59999084472656,
          132.13125610351562,
          2
        ],
        [
          208.5749969482422,
          212.11874389648438,
          2
        ],
        [
          139.720207253886,
          203.0880829015544,
          2
        ]
      ]
    },
    {
      "corners": [
        [
          0.08290155440412761,
          106.71502590673575,
          0
        ],
        [
          5.005181347150241,
          106.71502590673575,
          2
        ],
        [
          5.005181347150241,
          139.61658031088083,
          2
        ],
        [
          0.0,
          139.38907206782852,
          0
        ]
      ]
    }
  ],
  "unconverted": []
}