{
  "image": "recordings/20260513_112256/img_000097.png",
  "image_width": 324,
  "image_height": 244,
  "gates": [
    {
      "corners": [
        [
          0.3419689119170819,
          184.43523316062175,
          0
        ],
        [
          30.13471502590672,
          183.13989637305698,
          2
        ],
        [
          38.424870466321224,
          243.76165803108807,
          0
        ],
        [
          0.0,
          243.50377299440137,
          0
        ]
      ]
    }
  ],
  "unconverted": []
}