{
  "image": "recordings/20260513_112256/img_000173.png",
  "image_width": 324,
  "image_height": 244,
  "gates": [
    {
      "corners": [
        [
          134.7979274611399,
          132.6217616580311,
          2
        ],
        [
          187.90673575129532,
          132.6217616580311,
          2
        ],
        [
          185.57512953367876,
          208.0103626943005,
          2
        ],
        [
          134.27979274611397,
          207.23316062176167,
          2
        ]
      ]
    },
    {
      "corners": [
        [
          64.84974093264248,
          109.30569948186528,
          2
        ],
        [
          91.53367875647668,
          110.08290155440415,
          2
        ],
        [
          91.53367875647668,
          146.09326424870466,
          2
        ],
        [
          64.84974093264248,
          146.09326424870466,
          2
        ]
      ]
    }
  ],
  "unconverted": []
}