{
  "image": "recordings/20260513_112256/img_000018.png",
  "image_width": 324,
  "image_height": 244,
  "gates": [
    {
      "corners": [
        [
          156.55958549222797,
          135.9896373056995,
          2
        ],
        [
          191.2746113989637,
          137.02590673575128,
          2
        ],
        [
          188.94300518134713,
          167.33678756476684,
          2
        ],
        [
          154.48704663212433,
          168.37305699481865,
          2
        ]
      ]
    },
    {
      "corners": [
        [
          107.59585492227978,
          120.96373056994818,
          2
        ],
        [
          125.47150259067357,
          124.59067357512953,
          2
        ],
        [
          124.43523316062175,
          146.3523316062176,
          2
        ],
        [
          107.07772020725388,
          145.05699481865284,
          2
        ]
      ]
    }
  ],
  "unconverted": []
}