{
  "image": "recordings/20260513_112256/img_000079.png",
  "image_width": 324,
  "image_height": 244,
  "gates": [
    {
      "corners": [
        [
          134.53886010362694,
          148.1658031088083,
          2
        ],
        [
          165.10880829015542,
          149.720207253886,
          2
        ],
        [
          161.48186528497408,
          180.54922279792746,
          2
        ],
        [
          131.9481865284974,
          181.06735751295338,
          2
        ]
      ]
    },
    {
      "corners": [
        [
          123.5250015258789,
          115.9312515258789,
          2
        ],
        [
          183.2624969482422,
          126.0562515258789,
          2
        ],
        [
          158.96249389648438,
          240.46875,
          2
        ],
        [
          111.375,
          195.9187469482422,
          2
        ]
      ]
    },
    {
      "corners": [
        [
          50.34196891191709,
          135.47150259067357,
          2
        ],
        [
          61.74093264248704,
          135.7305699481865,
          2
        ],
        [
          59.668393782383404,
          160.3419689119171,
          2
        ],
        [
          48.26943005181346,
          163.1917098445596,
          2
        ]
      ]
    }
  ],
  "unconverted": []
}