{
  "image": "recordings/20260513_112256/img_000112.png",
  "image_width": 324,
  "image_height": 244,
  "gates": [
    {
      "corners": [
        [
          104.48704663212435,
          138.32124352331607,
          2
        ],
        [
          126.24870466321244,
          140.9119170984456,
          2
        ],
        [
          122.62176165803109,
          172.77720207253887,
          2
        ],
        [
          103.19170984455957,
          172.77720207253887,
          2
        ]
      ]
    },
    {
      "corners": [
        [
          152.67357512953367,
          130.8082901554404,
          2
        ],
        [
          231.4300518134715,
          131.06735751295335,
          2
        ],
        [
          226.8000030517578,
          220.21875,
          2
        ],
        [
          150.08290155440415,
          205.93782383419688,
          2
        ]
      ]
    },
    {
      "corners": [
        [
          6.818652849740914,
          100.75647668393782,
          2
        ],
        [
          30.393782383419673,
          105.93782383419689,
          2
        ],
        [
          29.09844559585491,
          135.21243523316062,
          2
        ],
        [
          6.041450777202055,
          134.1761658031088,
          2
        ]
      ]
    }
  ],
  "unconverted": []
}