{
  "image": "recordings/20260513_112256/img_000048.png",
  "image_width": 324,
  "image_height": 244,
  "gates": [
    {
      "corners": [
        [
          114.4124984741211,
          95.6812515258789,
          2
        ],
        [
          180.13471502590673,
          88.06217616580311,
          2
        ],
        [
          167.0625,
          203.00625610351562,
          2
        ],
        [
          110.70466321243522,
          178.21761658031087,
          2
        ]
      ]
    },
    {
      "corners": [
        [
          16.40414507772019,
          140.9119170984456,
          2
        ],
        [
          29.09844559585491,
          140.39378238341968,
          2
        ],
        [
          28.580310880829,
          167.59585492227978,
          2
        ],
        [
          16.9222797927461,
          171.74093264248705,
          2
        ]
      ]
    },
    {
      "corners": [
        [
          111.99999999999999,
          140.9119170984456,
          2
        ],
        [
          142.7624969482422,
          140.2312469482422,
          2
        ],
        [
          142.7624969482422,
          175.6687469482422,
          2
        ],
        [
          112.25906735751295,
          177.18134715025906,
          2
        ]
      ]
    }
  ],
  "unconverted": []
}