{
  "image": "recordings/20260513_112256/img_000127.png",
  "image_width": 324,
  "image_height": 244,
  "gates": [
    {
      "corners": [
        [
          123.39896373056993,
          91.68911917098445,
          2
        ],
        [
          149.56476683937822,
          90.65284974093264,
          2
        ],
        [
          147.23316062176164,
          123.29533678756476,
          2
        ],
        [
          124.95336787564767,
          123.81347150259067,
          2
        ]
      ]
    },
    {
      "corners": [
        [
          33.502590673575114,
          43.761658031088075,
          2
        ],
        [
          57.85492227979273,
          41.68911917098445,
          2
        ],
        [
          63.55440414507771,
          73.81347150259067,
          2
        ],
        [
          41.274611398963714,
          77.69948186528497,
          2
        ]
      ]
    },
    {
      "corners": [
        [
          128.58031088082902,
          157.75129533678756,
          2
        ],
        [
          182.4663212435233,
          202.05181347150258,
          2
        ],
        [
          174.1761658031088,
          244.0,
          0
        ],
        [
          132.72538860103626,
          203.86528497409327,
          2
        ]
      ]
    }
  ],
  "unconverted": []
}