{
  "image": "recordings/20260513_112256/img_000085.png",
  "image_width": 324,
  "image_height": 244,
  "gates": [
    {
      "corners": [
        [
          75.2124352331606,
          139.0984455958549,
          2
        ],
        [
          127.80310880829015,
          142.4663212435233,
          2
        ],
        [
          123.5250015258789,
          189.84375,
          2
        ],
        [
          75.2124352331606,
          196.61139896373058,
          2
        ]
      ]
    }
  ],
  "unconverted": []
}