{
  "image": "recordings/20260513_112256/img_000088.png",
  "image_width": 324,
  "image_height": 244,
  "gates": [
    {
      "corners": [
        [
          61.48186528497408,
          151.2746113989637,
          2
        ],
        [
          129.87564766839378,
          148.94300518134716,
          2
        ],
        [
          130.13471502590673,
          205.41968911917098,
          2
        ],
        [
          66.4041450777202,
          220.70466321243524,
          2
        ]
      ]
    }
  ],
  "unconverted": []
}