{
  "image": "recordings/20260513_112256/img_000001.png",
  "image_width": 324,
  "image_height": 244,
  "gates": [
    {
      "corners": [
        [
          156.04145077720207,
          161.3782383419689,
          2
        ],
        [
          170.2901554404145,
          163.7098445595855,
          2
        ],
        [
          169.51295336787564,
          174.84974093264248,
          2
        ],
        [
          154.7461139896373,
          173.5544041450777,
          2
        ]
      ]
    },
    {
      "corners": [
        [
          143.0880829015544,
          152.82901554404145,
          2
        ],
        [
          151.8963730569948,
          155.67875647668393,
          2
        ],
        [
          150.08290155440415,
          163.96891191709844,
          2
        ],
        [
          141.79274611398964,
          162.67357512953367,
          2
        ]
      ]
    }
  ],
  "unconverted": []
}