{
  "image": "recordings/20260513_112256/img_000217.png",
  "image_width": 324,
  "image_height": 244,
  "gates": [
    {
      "corners": [
        [
          165.8860103626943,
          135.21243523316062,
          2
        ],
        [
          213.29533678756476,
          126.92227979274611,
          2
        ],
        [
          208.5749969482422,
          235.40625,
          2
        ],
        [
          165.10880829015542,
          215.78238341968913,
          2
        ]
      ]
    },
    {
      "corners": [
        [
          165.62694300518135,
          134.95336787564767,
          2
        ],
        [
          187.12953367875647,
          131.06735751295335,
          2
        ],
        [
          186.87046632124353,
          156.19689119170985,
          2
        ],
        [
          166.14507772020724,
          157.23316062176164,
          2
        ]
      ]
    }
  ],
  "unconverted": []
}