{
  "image": "recordings/20260513_112256/img_000298.png",
  "image_width": 324,
  "image_height": 244,
  "gates": [
    {
      "corners": [
        [
          125.47150259067357,
          139.87564766839378,
          2
        ],
        [
          133.24352331606218,
          139.61658031088083,
          2
        ],
        [
          132.20725388601036,
          164.48704663212436,
          2
        ],
        [
          124.1761658031088,
          166.04145077720207,
          2
        ]
      ]
    },
    {
      "corners": [
        [
          210.96373056994818,
          170.70466321243524,
          2
        ],
        [
          217.18134715025906,
          170.4455958549223,
          2
        ],
        [
          214.84974093264248,
          192.98445595854923,
          2
        ],
        [
          208.11398963730568,
          194.53886010362694,
          2
        ]
      ]
    },
    {
      "corners": [
        [
          310.1865284974093,
          161.3782383419689,
          2
        ],
        [
          323.91709844559585,
          163.45077720207254,
          0
        ],
        [
          323.91709844559585,
          243.76165803108807,
          0
        ],
        [
          292.0518134715026,
          243.50259067357513,
          0
        ]
      ]
    },
    {
      "corners": [
        [
          305.2642487046632,
          186.24870466321244,
          2
        ],
        [
          323.6580310880829,
          187.80310880829015,
          0
        ],
        [
          323.6580310880829,
          226.9222797927461,
          0
        ],
        [
          296.7150259067358,
          223.81347150259066,
          2
        ]
      ]
    }
  ],
  "unconverted": []
}