{
  "image": "recordings/20260513_112256/img_000158.png",
  "image_width": 324,
  "image_height": 244,
  "gates": [
    {
      "corners": [
        [
          165.8860103626943,
          78.99481865284973,
          2
        ],
        [
          224.6943005181347,
          31.585492227979262,
          2
        ],
        [
          221.32642487046633,
          142.4663212435233,
          2
        ],
        [
          162.5181347150259,
          152.31088082901553,
          2
        ]
      ]
    },
    {
      "corners": [
        [
          102.15544041450777,
          116.30051813471502,
          2
        ],
        [
          117.95854922279793,
          120.44559585492227,
          2
        ],
        [
          115.36787564766837,
          142.20725388601036,
          2
        ],
        [
          98.26943005181346,
          139.87564766839378,
          2
        ]
      ]
    },
    {
      "corners": [
        [
          163.5544041450777,
          135.47150259067357,
          2
        ],
        [
          186.09326424870466,
          137.02590673575128,
          2
        ],
        [
          185.57512953367876,
          147.90673575129534,
          2
        ],
        [
          163.5544041450777,
          151.79274611398964,
          2
        ]
      ]
    }
  ],
  "unconverted": []
}