{
  "image": "recordings/20260513_112256/img_000012.png",
  "image_width": 324,
  "image_height": 244,
  "gates": [
    {
      "corners": [
        [
          282.7253886010363,
          139.87564766839378,
          2
        ],
        [
          310.1865284974093,
          141.4300518134715,
          2
        ],
        [
          305.52331606217615,
          167.33678756476684,
          2
        ],
        [
          278.0621761658031,
          166.30051813471502,
          2
        ]
      ]
    },
    {
      "corners": [
        [
          232.4663212435233,
          127.44041450777202,
          2
        ],
        [
          241.7927461139896,
          127.95854922279793,
          2
        ],
        [
          239.720207253886,
          144.7979274611399,
          2
        ],
        [
          230.13471502590673,
          144.7979274611399,
          2
        ]
      ]
    }
  ],
  "unconverted": []
}