{
  "image": "recordings/20260513_112256/img_000214.png",
  "image_width": 324,
  "image_height": 244,
  "gates": [
    {
      "corners": [
        [
          168.47668393782382,
          147.90673575129534,
          2
        ],
        [
          198.5284974093264,
          138.32124352331607,
          2
        ],
        [
          197.75129533678756,
          239.61658031088083,
          2
        ],
        [
          168.99481865284974,
          219.92746113989637,
          2
        ]
      ]
    },
    {
      "corners": [
        [
          185.05699481865284,
          142.20725388601036,
          2
        ],
        [
          199.04663212435233,
          138.0621761658031,
          2
        ],
        [
          198.0103626943005,
          164.7461139896373,
          2
        ],
        [
          185.57512953367876,
          165.00518134715026,
          2
        ]
      ]
    }
  ],
  "unconverted": []
}