{
  "image": "recordings/20260513_112256/img_000140.png",
  "image_width": 324,
  "image_height": 244,
  "gates": [
    {
      "corners": [
        [
          143.34715025906735,
          139.61658031088083,
          2
        ],
        [
          211.48186528497408,
          149.720207253886,
          2
        ],
        [
          202.67357512953367,
          243.50259067357513,
          0
        ],
        [
          142.05181347150258,
          210.60103626943004,
          2
        ]
      ]
    },
    {
      "corners": [
        [
          49.305699481865275,
          96.35233160621762,
          2
        ],
        [
          70.54922279792746,
          98.68393782383419,
          2
        ],
        [
          70.03108808290155,
          124.07253886010362,
          2
        ],
        [
          49.56476683937822,
          124.33160621761658,
          2
        ]
      ]
    },
    {
      "corners": [
        [
          142.56994818652848,
          139.0984455958549,
          2
        ],
        [
          150.860103626943,
          140.65284974093265,
          2
        ],
        [
          150.3419689119171,
          162.93264248704662,
          2
        ],
        [
          143.34715025906735,
          162.93264248704662,
          2
        ]
      ]
    }
  ],
  "unconverted": []
}