{
  "image": "recordings/20260513_112256/img_000093.png",
  "image_width": 324,
  "image_height": 244,
  "gates": [
    {
      "corners": [
        [
          0.08290155440412761,
          162.93264248704662,
          0
        ],
        [
          74.95336787564766,
          161.3782383419689,
          2
        ],
        [
          79.61658031088082,
          240.13471502590673,
          2
        ],
        [
          0.08290155440412761,
          244.0,
          0
        ]
      ]
    }
  ],
  "unconverted": []
}