{
  "image": "recordings/20260513_112256/img_000094.png",
  "image_width": 324,
  "image_height": 244,
  "gates": [
    {
      "corners": [
        [
          0.08290155440412761,
          168.37305699481865,
          0
        ],
        [
          49.305699481865275,
          163.96891191709844,
          2
        ],
        [
          58.37070945889296,
          244.0,
          0
        ],
        [
          0.08290155440412761,
          243.76165803108807,
          0
        ]
      ]
    }
  ],
  "unconverted": []
}