{
  "image": "recordings/20260513_112256/img_000136.png",
  "image_width": 324,
  "image_height": 244,
  "gates": [
    {
      "corners": [
        [
          135.05699481865284,
          156.9740932642487,
          2
        ],
        [
          192.05181347150258,
          189.61658031088083,
          2
        ],
        [
          181.04727312962075,
          255.3294069238322,
          0
        ],
        [
          135.8341968911917,
          211.8963730569948,
          2
        ]
      ]
    },
    {
      "corners": [
        [
          131.9481865284974,
          114.74611398963731,
          2
        ],
        [
          155.52331606217615,
          114.74611398963731,
          2
        ],
        [
          151.8963730569948,
          147.64766839378237,
          2
        ],
        [
          131.9481865284974,
          134.69430051813472,
          2
        ]
      ]
    },
    {
      "corners": [
        [
          50.86010362694299,
          70.44559585492227,
          2
        ],
        [
          72.36269430051813,
          71.22279792746113,
          2
        ],
        [
          74.95336787564766,
          100.49740932642487,
          2
        ],
        [
          55.00518134715024,
          101.53367875647668,
          2
        ]
      ]
    }
  ],
  "unconverted": []
}