{
  "image": "recordings/20260513_112256/img_000276.png",
  "image_width": 324,
  "image_height": 244,
  "gates": [
    {
      "corners": [
        [
          140.2383419689119,
          161.63730569948186,
          2
        ],
        [
          183.24352331606218,
          166.04145077720207,
          2
        ],
        [
          183.76165803108807,
          211.63730569948186,
          2
        ],
        [
          142.05181347150258,
          198.94300518134716,
          2
        ]
      ]
    },
    {
      "corners": [
        [
          164.59067357512953,
          139.0984455958549,
          2
        ],
        [
          187.90673575129532,
          140.9119170984456,
          2
        ],
        [
          186.61139896373055,
          155.93782383419688,
          2
        ],
        [
          164.59067357512953,
          153.0880829015544,
          2
        ]
      ]
    },
    {
      "corners": [
        [
          127.5440414507772,
          150.75647668393782,
          2
        ],
        [
          135.3160621761658,
          150.23834196891193,
          2
        ],
        [
          135.3160621761658,
          168.6321243523316,
          2
        ],
        [
          128.32124352331604,
          168.6321243523316,
          2
        ]
      ]
    }
  ],
  "unconverted": []
}