{
  "image": "recordings/20260513_112256/img_000149.png",
  "image_width": 324,
  "image_height": 244,
  "gates": [
    {
      "corners": [
        [
          135.3160621761658,
          114.2279792746114,
          2
        ],
        [
          199.56476683937822,
          76.4041450777202,
          2
        ],
        [
          212.5181347150259,
          134.69430051813472,
          2
        ],
        [
          120.8082901554404,
          172.0,
          2
        ]
      ]
    },
    {
      "corners": [
        [
          102.93264248704662,
          198.42487046632124,
          2
        ],
        [
          126.50777202072538,
          205.41968911917098,
          2
        ],
        [
          118.21761658031087,
          242.98445595854923,
          0
        ],
        [
          91.27461139896371,
          236.24870466321244,
          2
        ]
      ]
    },
    {
      "corners": [
        [
          28.321243523316046,
          172.0,
          2
        ],
        [
          46.71502590673573,
          182.10362694300517,
          2
        ],
        [
          34.02072538860102,
          206.9740932642487,
          2
        ],
        [
          13.036269430051796,
          198.1658031088083,
          2
        ]
      ]
    }
  ],
  "unconverted": []
}