{
  "image": "recordings/20260513_112256/img_000199.png",
  "image_width": 324,
  "image_height": 244,
  "gates": [
    {
      "corners": [
        [
          145.67875647668393,
          123.55440414507771,
          2
        ],
        [
          160.1865284974093,
          118.37305699481865,
          2
        ],
        [
          156.55958549222797,
          196.3523316062176,
          2
        ],
        [
          143.34715025906735,
          184.1761658031088,
          2
        ]
      ]
    },
    {
      "corners": [
        [
          182.4663212435233,
          111.89637305699482,
          2
        ],
        [
          200.08290155440415,
          110.08290155440415,
          2
        ],
        [
          198.0103626943005,
          142.20725388601036,
          2
        ],
        [
          180.13471502590673,
          141.94818652849742,
          2
        ]
      ]
    }
  ],
  "unconverted": []
}