{
  "image": "recordings/20260513_112256/img_000175.png",
  "image_width": 324,
  "image_height": 244,
  "gates": [
    {
      "corners": [
        [
          121.84455958549222,
          124.84974093264249,
          2
        ],
        [
          182.72538860103626,
          125.62694300518135,
          2
        ],
        [
          180.39378238341968,
          213.7098445595855,
          2
        ],
        [
          122.62176165803109,
          208.52849740932643,
          2
        ]
      ]
    },
    {
      "corners": [
        [
          68.99481865284973,
          101.79274611398964,
          2
        ],
        [
          96.45595854922279,
          102.05181347150258,
          2
        ],
        [
          96.9740932642487,
          140.9119170984456,
          2
        ],
        [
          69.51295336787564,
          140.13471502590673,
          2
        ]
      ]
    }
  ],
  "unconverted": []
}