{
  "image": "recordings/20260513_112256/img_000176.png",
  "image_width": 324,
  "image_height": 244,
  "gates": [
    {
      "corners": [
        [
          115.8860103626943,
          131.58549222797927,
          2
        ],
        [
          178.0621761658031,
          131.58549222797927,
          2
        ],
        [
          175.98963730569946,
          226.40414507772022,
          2
        ],
        [
          116.66321243523316,
          217.59585492227978,
          2
        ]
      ]
    },
    {
      "corners": [
        [
          66.66321243523315,
          104.38341968911917,
          2
        ],
        [
          94.90155440414507,
          104.64248704663213,
          2
        ],
        [
          94.90155440414507,
          142.98445595854923,
          2
        ],
        [
          67.440414507772,
          143.50259067357513,
          2
        ]
      ]
    }
  ],
  "unconverted": []
}