{
  "image": "recordings/20260513_112256/img_000092.png",
  "image_width": 324,
  "image_height": 244,
  "gates": [
    {
      "corners": [
        [
          38.424870466321224,
          160.86010362694302,
          2
        ],
        [
          116.40414507772019,
          159.8238341968912,
          2
        ],
        [
          116.40414507772019,
          224.33160621761658,
          2
        ],
        [
          40.2383419689119,
          242.72538860103626,
          0
        ]
      ]
    }
  ],
  "unconverted": []
}