{
  "image": "recordings/20260513_112256/img_000239.png",
  "image_width": 324,
  "image_height": 244,
  "gates": [
    {
      "corners": [
        [
          156.30051813471502,
          94.79792746113989,
          2
        ],
        [
          191.79274611398964,
          85.98963730569947,
          2
        ],
        [
          192.82901554404145,
          145.8341968911917,
          2
        ],
        [
          156.04145077720207,
          147.64766839378237,
          2
        ]
      ]
    }
  ],
  "unconverted": []
}