{
  "image": "recordings/20260513_112256/img_000169.png",
  "image_width": 324,
  "image_height": 244,
  "gates": [
    {
      "corners": [
        [
          94.64248704663211,
          108.52849740932642,
          2
        ],
        [
          117.69948186528495,
          112.93264248704662,
          2
        ],
        [
          114.84974093264248,
          144.02072538860102,
          2
        ],
        [
          91.79274611398962,
          141.4300518134715,
          2
        ]
      ]
    },
    {
      "corners": [
        [
          166.9222797927461,
          138.0621761658031,
          2
        ],
        [
          209.1502590673575,
          142.4663212435233,
          2
        ],
        [
          203.19170984455957,
          194.02072538860102,
          2
        ],
        [
          162.0,
          188.32124352331607,
          2
        ]
      ]
    }
  ],
  "unconverted": []
}