{
  "image": "recordings/20260513_112256/img_000032.png",
  "image_width": 324,
  "image_height": 244,
  "gates": [
    {
      "corners": [
        [
          109.92746113989637,
          98.68393782383419,
          2
        ],
        [
          179.87564766839378,
          98.42487046632124,
          2
        ],
        [
          180.39378238341968,
          166.30051813471502,
          2
        ],
        [
          110.96373056994818,
          167.59585492227978,
          2
        ]
      ]
    },
    {
      "corners": [
        [
          34.79792746113988,
          157.49222797927462,
          2
        ],
        [
          64.07253886010362,
          156.9740932642487,
          2
        ],
        [
          65.8125,
          190.8562469482422,
          2
        ],
        [
          36.45000076293945,
          199.96875,
          2
        ]
      ]
    }
  ],
  "unconverted": []
}