{
  "image": "recordings/20260513_112256/img_000101.png",
  "image_width": 324,
  "image_height": 244,
  "gates": [
    {
      "corners": [
        [
          21.585492227979255,
          138.83937823834196,
          2
        ],
        [
          108.6321243523316,
          138.0621761658031,
          2
        ],
        [
          111.48186528497408,
          217.0777202072539,
          2
        ],
        [
          29.357512953367863,
          221.74093264248705,
          2
        ]
      ]
    }
  ],
  "unconverted": []
}