{
  "image": "recordings/20260513_112256/img_000224.png",
  "image_width": 324,
  "image_height": 244,
  "gates": [
    {
      "corners": [
        [
          136.3523316062176,
          142.98445595854923,
          2
        ],
        [
          160.70466321243524,
          139.87564766839378,
          2
        ],
        [
          161.22279792746113,
          146.09326424870466,
          2
        ],
        [
          136.3523316062176,
          150.75647668393782,
          2
        ]
      ]
    },
    {
      "corners": [
        [
          130.13471502590673,
          177.95854922279793,
          2
        ],
        [
          198.5284974093264,
          176.9222797927461,
          2
        ],
        [
          201.3782383419689,
          243.50259067357513,
          0
        ],
        [
          135.8341968911917,
          243.76165803108807,
          0
        ]
      ]
    }
  ],
  "unconverted": []
}