{
  "image": "recordings/20260513_112256/img_000312.png",
  "image_width": 324,
  "image_height": 244,
  "gates": [
    {
      "corners": [
        [
          161.01127553356744,
          131.91971845083285,
          2
        ],
        [
          207.85492227979273,
          128.47668393782382,
          2
        ],
        [
          211.48186528497408,
          192.4663212435233,
          2
        ],
        [
          165.62694300518135,
          194.02072538860102,
          2
        ]
      ]
    }
  ],
  "unconverted": []
}