{
  "image": "recordings/20260513_112256/img_000230.png",
  "image_width": 324,
  "image_height": 244,
  "gates": [
    {
      "corners": [
        [
          148.26943005181346,
          122.51813471502591,
          2
        ],
        [
          172.6217616580311,
          119.92746113989637,
          2
        ],
        [
          172.36269430051811,
          160.60103626943004,
          2
        ],
        [
          147.23316062176164,
          161.3782383419689,
          2
        ]
      ]
    },
    {
      "corners": [
        [
          139.97927461139895,
          113.70984455958549,
          2
        ],
        [
          217.18134715025906,
          83.39896373056995,
          2
        ],
        [
          218.47668393782382,
          243.76165803108807,
          0
        ],
        [
          138.1658031088083,
          243.50259067357513,
          0
        ]
      ]
    }
  ],
  "unconverted": []
}