{
  "image": "recordings/20260513_112256/img_000054.png",
  "image_width": 324,
  "image_height": 244,
  "gates": [
    {
      "corners": [
        [
          35.05699481865284,
          133.6580310880829,
          2
        ],
        [
          152.67357512953367,
          138.83937823834196,
          2
        ],
        [
          148.01128155389367,
          244.0,
          0
        ],
        [
          41.274611398963714,
          243.24352331606218,
          0
        ]
      ]
    },
    {
      "corners": [
        [
          0.3419689119170819,
          168.37305699481865,
          0
        ],
        [
          11.999999999999982,
          166.81865284974094,
          2
        ],
        [
          13.813471502590655,
          208.52849740932643,
          2
        ],
        [
          0.0,
          214.92362310497023,
          0
        ]
      ]
    }
  ],
  "unconverted": []
}