{
  "image": "recordings/20260513_112256/img_000202.png",
  "image_width": 324,
  "image_height": 244,
  "gates": [
    {
      "corners": [
        [
          190.2383419689119,
          124.84974093264249,
          2
        ],
        [
          206.30051813471502,
          124.84974093264249,
          2
        ],
        [
          202.5,
          155.4187469482422,
          2
        ],
        [
          186.87046632124353,
          153.86528497409327,
          2
        ]
      ]
    },
    {
      "corners": [
        [
          148.5284974093264,
          138.58031088082902,
          2
        ],
        [
          158.11398963730568,
          135.7305699481865,
          2
        ],
        [
          150.860103626943,
          206.19689119170985,
          2
        ],
        [
          142.31088082901553,
          196.87046632124353,
          2
        ]
      ]
    }
  ],
  "unconverted": []
}