{
  "image": "recordings/20260513_112256/img_000212.png",
  "image_width": 324,
  "image_height": 244,
  "gates": [
    {
      "corners": [
        [
          193.34715025906735,
          137.28497409326425,
          2
        ],
        [
          211.48186528497408,
          135.21243523316062,
          2
        ],
        [
          211.6125030517578,
          167.56875610351562,
          2
        ],
        [
          192.05181347150258,
          167.33678756476684,
          2
        ]
      ]
    },
    {
      "corners": [
        [
          161.74093264248702,
          152.82901554404145,
          2
        ],
        [
          179.61658031088083,
          149.97927461139895,
          2
        ],
        [
          177.1875,
          236.4187469482422,
          2
        ],
        [
          160.96373056994818,
          220.1865284974093,
          2
        ]
      ]
    }
  ],
  "unconverted": []
}