{
  "image": "recordings/20260513_112256/img_000161.png",
  "image_width": 324,
  "image_height": 244,
  "gates": [
    {
      "corners": [
        [
          166.66321243523316,
          130.2901554404145,
          2
        ],
        [
          189.720207253886,
          132.36269430051814,
          2
        ],
        [
          187.64766839378237,
          165.52331606217615,
          2
        ],
        [
          164.33160621761658,
          165.00518134715026,
          2
        ]
      ]
    },
    {
      "corners": [
        [
          155.00518134715026,
          91.9481865284974,
          2
        ],
        [
          212.25906735751295,
          49.46113989637305,
          2
        ],
        [
          209.92746113989637,
          190.13471502590673,
          2
        ],
        [
          153.19170984455957,
          170.70466321243524,
          2
        ]
      ]
    },
    {
      "corners": [
        [
          103.19170984455957,
          110.60103626943005,
          2
        ],
        [
          119.77202072538859,
          111.89637305699482,
          2
        ],
        [
          118.99481865284974,
          135.47150259067357,
          2
        ],
        [
          102.67357512953367,
          134.43523316062175,
          2
        ]
      ]
    }
  ],
  "unconverted": []
}