{
  "image": "recordings/20260513_112256/img_000204.png",
  "image_width": 324,
  "image_height": 244,
  "gates": [
    {
      "corners": [
        [
          185.3160621761658,
          131.06735751295335,
          2
        ],
        [
          200.60103626943004,
          128.7357512953368,
          2
        ],
        [
          198.0103626943005,
          159.04663212435233,
          2
        ],
        [
          182.4663212435233,
          157.49222797927462,
          2
        ]
      ]
    },
    {
      "corners": [
        [
          140.75647668393782,
          144.7979274611399,
          2
        ],
        [
          148.0103626943005,
          141.94818652849742,
          2
        ],
        [
          141.79274611398964,
          208.26943005181346,
          2
        ],
        [
          135.8341968911917,
          199.97927461139895,
          2
        ]
      ]
    }
  ],
  "unconverted": []
}