{
  "image": "recordings/20260513_112256/img_000052.png",
  "image_width": 324,
  "image_height": 244,
  "gates": [
    {
      "corners": [
        [
          42.31088082901553,
          170.70466321243524,
          2
        ],
        [
          61.74093264248704,
          166.81865284974094,
          2
        ],
        [
          65.8125,
          201.99374389648438,
          2
        ],
        [
          45.41968911917097,
          209.8238341968912,
          2
        ]
      ]
    },
    {
      "corners": [
        [
          40.756476683937805,
          144.02072538860102,
          2
        ],
        [
          134.7979274611399,
          147.64766839378237,
          2
        ],
        [
          131.40573811123252,
          252.80553824090993,
          0
        ],
        [
          47.75129533678755,
          239.87564766839378,
          2
        ]
      ]
    }
  ],
  "unconverted": []
}