{
  "image": "recordings/20260513_112256/img_000280.png",
  "image_width": 324,
  "image_height": 244,
  "gates": [
    {
      "corners": [
        [
          173.6580310880829,
          184.43523316062175,
          2
        ],
        [
          198.0103626943005,
          186.76683937823833,
          2
        ],
        [
          196.19689119170982,
          210.08290155440415,
          2
        ],
        [
          172.88082901554404,
          207.75129533678756,
          2
        ]
      ]
    },
    {
      "corners": [
        [
          133.76165803108807,
          189.61658031088083,
          2
        ],
        [
          144.12435233160622,
          187.28497409326425,
          2
        ],
        [
          143.34715025906735,
          201.5336787564767,
          2
        ],
        [
          134.02072538860102,
          206.19689119170985,
          2
        ]
      ]
    }
  ],
  "unconverted": [
    [
      [
        154.22797927461139,
        226.14507772020724
      ],
      [
        200.860103626943,
        238.32124352331607
      ],
      [
        201.11822892133773,
        244.0
      ],
      [
        154.7461139896373,
        243.50259067357513
      ]
    ]
  ]
}