{
  "image": "recordings/20260513_112256/img_000102.png",
  "image_width": 324,
  "image_height": 244,
  "gates": [
    {
      "corners": [
        [
          42.82901554404144,
          137.02590673575128,
          2
        ],
        [
          124.43523316062175,
          134.95336787564767,
          2
        ],
        [
          127.5440414507772,
          213.7098445595855,
          2
        ],
        [
          50.08290155440413,
          216.81865284974094,
          2
        ]
      ]
    }
  ],
  "unconverted": []
}