{
  "image": "recordings/20260513_112256/img_000041.png",
  "image_width": 324,
  "image_height": 244,
  "gates": [
    {
      "corners": [
        [
          107.32499694824219,
          83.53125,
          2
        ],
        [
          215.66249084472656,
          98.71875,
          2
        ],
        [
          200.47500610351562,
          208.06874084472656,
          2
        ],
        [
          91.125,
          191.86874389648438,
          2
        ]
      ]
    },
    {
      "corners": [
        [
          0.8601036269429869,
          149.46113989637306,
          0
        ],
        [
          41.533678756476675,
          152.05181347150258,
          2
        ],
        [
          39.202072538860094,
          194.279792746114,
          2
        ],
        [
          0.0,
          199.96875,
          0
        ]
      ]
    }
  ],
  "unconverted": []
}