{
  "image": "recordings/20260513_112256/img_000273.png",
  "image_width": 324,
  "image_height": 244,
  "gates": [
    {
      "corners": [
        [
          0.3419689119170819,
          154.9015544041451,
          0
        ],
        [
          40.756476683937805,
          154.38341968911917,
          2
        ],
        [
          42.82901554404144,
          202.05181347150258,
          2
        ],
        [
          0.0,
          208.06874084472656,
          0
        ]
      ]
    }
  ],
  "unconverted": []
}