{
  "image": "recordings/20260513_112256/img_000302.png",
  "image_width": 324,
  "image_height": 244,
  "gates": [
    {
      "corners": [
        [
          79.09844559585491,
          173.03626943005182,
          2
        ],
        [
          99.56476683937822,
          171.74093264248705,
          2
        ],
        [
          99.04663212435233,
          202.5699481865285,
          2
        ],
        [
          79.61658031088082,
          206.19689119170985,
          2
        ]
      ]
    },
    {
      "corners": [
        [
          152.41450777202073,
          179.2538860103627,
          2
        ],
        [
          212.77720207253884,
          176.14507772020724,
          2
        ],
        [
          212.77720207253884,
          237.28497409326425,
          2
        ],
        [
          152.93264248704662,
          235.47150259067357,
          2
        ]
      ]
    }
  ],
  "unconverted": []
}