{
  "image": "recordings/20260513_112256/img_000203.png",
  "image_width": 324,
  "image_height": 244,
  "gates": [
    {
      "corners": [
        [
          190.2383419689119,
          131.06735751295335,
          2
        ],
        [
          205.2642487046632,
          131.06735751295335,
          2
        ],
        [
          202.93264248704662,
          161.11917098445596,
          2
        ],
        [
          186.87046632124353,
          159.8238341968912,
          2
        ]
      ]
    },
    {
      "corners": [
        [
          147.23316062176164,
          145.8341968911917,
          2
        ],
        [
          155.52331606217615,
          141.94818652849742,
          2
        ],
        [
          148.26943005181346,
          211.63730569948186,
          2
        ],
        [
          142.05181347150258,
          203.6062176165803,
          2
        ]
      ]
    }
  ],
  "unconverted": []
}