{
  "image": "recordings/20260513_112256/img_000145.png",
  "image_width": 324,
  "image_height": 244,
  "gates": [
    {
      "corners": [
        [
          42.82901554404144,
          120.70466321243524,
          2
        ],
        [
          63.0362694300518,
          124.07253886010362,
          2
        ],
        [
          62.518134715025894,
          150.49740932642487,
          2
        ],
        [
          41.79274611398962,
          149.97927461139895,
          2
        ]
      ]
    },
    {
      "corners": [
        [
          131.625,
          101.7562484741211,
          2
        ],
        [
          212.625,
          67.33125305175781,
          2
        ],
        [
          219.71249389648438,
          186.80624389648438,
          2
        ],
        [
          138.71249389648438,
          184.78125,
          2
        ]
      ]
    },
    {
      "corners": [
        [
          137.38860103626942,
          144.7979274611399,
          2
        ],
        [
          144.6424870466321,
          144.279792746114,
          2
        ],
        [
          145.67875647668393,
          176.66321243523316,
          2
        ],
        [
          138.94300518134713,
          176.9222797927461,
          2
        ]
      ]
    }
  ],
  "unconverted": []
}