{
  "image": "recordings/20260513_112256/img_000055.png",
  "image_width": 324,
  "image_height": 244,
  "gates": [
    {
      "corners": [
        [
          57.077720207253876,
          129.51295336787564,
          2
        ],
        [
          174.1761658031088,
          132.88082901554404,
          2
        ],
        [
          170.2901554404145,
          235.73056994818654,
          2
        ],
        [
          63.55440414507771,
          238.32124352331607,
          2
        ]
      ]
    },
    {
      "corners": [
        [
          0.3419689119170819,
          168.89119170984455,
          0
        ],
        [
          13.554404145077704,
          165.00518134715026,
          2
        ],
        [
          21.326424870466308,
          206.71502590673575,
          2
        ],
        [
          0.08290155440412761,
          217.59585492227978,
          0
        ]
      ]
    }
  ],
  "unconverted": []
}