{
  "image": "recordings/20260513_112256/img_000303.png",
  "image_width": 324,
  "image_height": 244,
  "gates": [
    {
      "corners": [
        [
          80.91191709844558,
          167.59585492227978,
          2
        ],
        [
          99.04663212435233,
          165.52331606217615,
          2
        ],
        [
          99.56476683937822,
          195.31606217616581,
          2
        ],
        [
          81.68911917098444,
          200.49740932642487,
          2
        ]
      ]
    },
    {
      "corners": [
        [
          149.56476683937822,
          170.96373056994818,
          2
        ],
        [
          209.92746113989637,
          167.0777202072539,
          2
        ],
        [
          212.25906735751295,
          225.3678756476684,
          2
        ],
        [
          151.3782383419689,
          225.3678756476684,
          2
        ]
      ]
    }
  ],
  "unconverted": []
}