{
  "image": "recordings/20260513_112256/img_000223.png",
  "image_width": 324,
  "image_height": 244,
  "gates": [
    {
      "corners": [
        [
          140.2383419689119,
          169.66839378238342,
          2
        ],
        [
          164.59067357512953,
          169.15025906735752,
          2
        ],
        [
          164.59067357512953,
          175.62694300518135,
          2
        ],
        [
          140.2383419689119,
          176.14507772020724,
          2
        ]
      ]
    },
    {
      "corners": [
        [
          133.76165803108807,
          171.48186528497408,
          2
        ],
        [
          199.56476683937822,
          168.1139896373057,
          2
        ],
        [
          201.3782383419689,
          243.76165803108807,
          0
        ],
        [
          137.12953367875647,
          243.76165803108807,
          0
        ]
      ]
    },
    {
      "corners": [
        [
          138.42487046632124,
          138.32124352331607,
          2
        ],
        [
          162.77720207253884,
          135.47150259067357,
          2
        ],
        [
          162.77720207253884,
          139.61658031088083,
          2
        ],
        [
          137.90673575129532,
          146.3523316062176,
          2
        ]
      ]
    }
  ],
  "unconverted": []
}