{
  "image": "recordings/20260513_112256/img_000118.png",
  "image_width": 324,
  "image_height": 244,
  "gates": [
    {
      "corners": [
        [
          10.18652849740931,
          78.21761658031087,
          2
        ],
        [
          33.502590673575114,
          78.47668393782382,
          2
        ],
        [
          36.61139896373055,
          110.08290155440415,
          2
        ],
        [
          15.108808290155423,
          110.60103626943005,
          2
        ]
      ]
    },
    {
      "corners": [
        [
          124.95336787564767,
          119.40932642487046,
          2
        ],
        [
          220.03108808290156,
          126.92227979274611,
          2
        ],
        [
          210.1865284974093,
          231.84455958549222,
          2
        ],
        [
          131.4300518134715,
          203.86528497409327,
          2
        ]
      ]
    },
    {
      "corners": [
        [
          106.04145077720206,
          109.82383419689118,
          2
        ],
        [
          110.96373056994818,
          109.82383419689118,
          2
        ],
        [
          112.77720207253884,
          138.32124352331607,
          2
        ],
        [
          107.33678756476682,
          138.0621761658031,
          2
        ]
      ]
    },
    {
      "corners": [
        [
          125.73056994818651,
          119.15025906735751,
          2
        ],
        [
          132.9844559585492,
          120.44559585492227,
          2
        ],
        [
          132.72538860103626,
          145.8341968911917,
          2
        ],
        [
          128.0621761658031,
          146.09326424870466,
          2
        ]
      ]
    }
  ],
  "unconverted": []
}