{
  "image": "recordings/20260513_112256/img_000313.png",
  "image_width": 324,
  "image_height": 244,
  "gates": [
    {
      "corners": [
        [
          176.50777202072538,
          124.07253886010362,
          2
        ],
        [
          235.57512953367876,
          117.85492227979275,
          2
        ],
        [
          244.0124969482422,
          204.0187530517578,
          2
        ],
        [
          182.25,
          208.06874084472656,
          2
        ]
      ]
    }
  ],
  "unconverted": []
}