{
  "image": "recordings/20260513_112256/img_000290.png",
  "image_width": 324,
  "image_height": 244,
  "gates": [
    {
      "corners": [
        [
          184.27979274611397,
          127.18134715025906,
          2
        ],
        [
          239.2020725388601,
          132.88082901554404,
          2
        ],
        [
          226.8000030517578,
          204.0187530517578,
          2
        ],
        [
          177.5440414507772,
          183.13989637305698,
          2
        ]
      ]
    },
    {
      "corners": [
        [
          83.50259067357511,
          145.3160621761658,
          2
        ],
        [
          89.97927461139895,
          143.76165803108807,
          2
        ],
        [
          90.23834196891191,
          167.59585492227978,
          2
        ],
        [
          84.02072538860102,
          170.70466321243524,
          2
        ]
      ]
    },
    {
      "corners": [
        [
          162.25906735751295,
          148.42487046632124,
          2
        ],
        [
          172.10362694300517,
          148.42487046632124,
          2
        ],
        [
          168.73575129533677,
          175.3678756476684,
          2
        ],
        [
          161.74093264248702,
          175.3678756476684,
          2
        ]
      ]
    },
    {
      "corners": [
        [
          181.68911917098444,
          148.1658031088083,
          2
        ],
        [
          186.61139896373055,
          147.90673575129534,
          2
        ],
        [
          185.57512953367876,
          174.84974093264248,
          2
        ],
        [
          179.0984455958549,
          175.3678756476684,
          2
        ]
      ]
    }
  ],
  "unconverted": []
}