{
  "image": "recordings/20260513_112256/img_000285.png",
  "image_width": 324,
  "image_height": 244,
  "gates": [
    {
      "corners": [
        [
          168.99481865284974,
          197.90673575129534,
          2
        ],
        [
          216.4041450777202,
          206.71502590673575,
          2
        ],
        [
          217.0888050717881,
          255.6682154825897,
          0
        ],
        [
          171.58549222797927,
          236.76683937823833,
          2
        ]
      ]
    },
    {
      "corners": [
        [
          191.5336787564767,
          169.66839378238342,
          2
        ],
        [
          215.10880829015542,
          170.4455958549223,
          2
        ],
        [
          214.33160621761658,
          193.24352331606218,
          2
        ],
        [
          190.2383419689119,
          190.65284974093265,
          2
        ]
      ]
    },
    {
      "corners": [
        [
          152.15544041450775,
          180.8082901554404,
          2
        ],
        [
          160.70466321243524,
          179.7720207253886,
          2
        ],
        [
          161.22279792746113,
          195.05699481865284,
          2
        ],
        [
          152.15544041450775,
          196.87046632124353,
          2
        ]
      ]
    }
  ],
  "unconverted": []
}