{
  "image": "recordings/20260513_112256/img_000039.png",
  "image_width": 324,
  "image_height": 244,
  "gates": [
    {
      "corners": [
        [
          118.4625015258789,
          91.6312484741211,
          2
        ],
        [
          211.6125030517578,
          98.71875,
          2
        ],
        [
          202.5,
          191.86874389648438,
          2
        ],
        [
          108.6321243523316,
          183.13989637305698,
          2
        ]
      ]
    },
    {
      "corners": [
        [
          25.989637305699464,
          155.41968911917098,
          2
        ],
        [
          62.25906735751295,
          156.71502590673575,
          2
        ],
        [
          61.76250076293945,
          193.8937530517578,
          2
        ],
        [
          24.17616580310879,
          201.5336787564767,
          2
        ]
      ]
    }
  ],
  "unconverted": []
}