{
  "image": "recordings/20260513_112256/img_000070.png",
  "image_width": 324,
  "image_height": 244,
  "gates": [
    {
      "corners": [
        [
          95.17500305175781,
          81.5062484741211,
          2
        ],
        [
          202.93264248704662,
          67.33678756476684,
          2
        ],
        [
          193.3874969482422,
          210.09375,
          2
        ],
        [
          103.2750015258789,
          185.7937469482422,
          2
        ]
      ]
    },
    {
      "corners": [
        [
          99.04663212435233,
          134.69430051813472,
          2
        ],
        [
          121.3264248704663,
          131.84455958549222,
          2
        ],
        [
          123.65803108808288,
          166.04145077720207,
          2
        ],
        [
          102.15544041450777,
          170.96373056994818,
          2
        ]
      ]
    }
  ],
  "unconverted": []
}