{
  "image": "recordings/20260513_112256/img_000188.png",
  "image_width": 324,
  "image_height": 244,
  "gates": [
    {
      "corners": [
        [
          144.6424870466321,
          102.31088082901555,
          2
        ],
        [
          211.6125030517578,
          104.79374694824219,
          2
        ],
        [
          189.33749389648438,
          232.36874389648438,
          2
        ],
        [
          126.24870466321244,
          202.5699481865285,
          2
        ]
      ]
    },
    {
      "corners": [
        [
          115.8860103626943,
          88.83937823834196,
          2
        ],
        [
          129.6165803108808,
          90.39378238341969,
          2
        ],
        [
          122.88082901554404,
          129.2538860103627,
          2
        ],
        [
          111.22279792746113,
          126.66321243523316,
          2
        ]
      ]
    }
  ],
  "unconverted": []
}