{
  "image": "recordings/20260513_112256/img_000139.png",
  "image_width": 324,
  "image_height": 244,
  "gates": [
    {
      "corners": [
        [
          68.47668393782382,
          97.90673575129533,
          2
        ],
        [
          88.68393782383419,
          98.42487046632124,
          2
        ],
        [
          88.42487046632124,
          124.59067357512953,
          2
        ],
        [
          70.03108808290155,
          125.62694300518135,
          2
        ]
      ]
    },
    {
      "corners": [
        [
          156.30051813471502,
          149.2020725388601,
          2
        ],
        [
          225.9896373056995,
          166.55958549222797,
          2
        ],
        [
          213.8731505098969,
          258.8312926294938,
          0
        ],
        [
          154.7461139896373,
          215.78238341968913,
          2
        ]
      ]
    },
    {
      "corners": [
        [
          144.38341968911917,
          131.58549222797927,
          2
        ],
        [
          165.8860103626943,
          132.6217616580311,
          2
        ],
        [
          164.84974093264248,
          164.7461139896373,
          2
        ],
        [
          143.6062176165803,
          165.00518134715026,
          2
        ]
      ]
    }
  ],
  "unconverted": []
}