{
  "image": "recordings/20260513_112256/img_000234.png",
  "image_width": 324,
  "image_height": 244,
  "gates": [
    {
      "corners": [
        [
          141.79274611398964,
          148.68393782383419,
          2
        ],
        [
          169.51295336787564,
          143.24352331606218,
          2
        ],
        [
          168.99481865284974,
          189.3575129533679,
          2
        ],
        [
          140.49740932642487,
          189.0984455958549,
          2
        ]
      ]
    },
    {
      "corners": [
        [
          114.59067357512953,
          158.26943005181346,
          2
        ],
        [
          255.7823834196891,
          117.33678756476684,
          2
        ],
        [
          257.85492227979273,
          222.77720207253887,
          2
        ],
        [
          113.55440414507771,
          223.81347150259066,
          2
        ]
      ]
    }
  ],
  "unconverted": []
}