{
  "image": "recordings/20260513_112256/img_000237.png",
  "image_width": 324,
  "image_height": 244,
  "gates": [
    {
      "corners": [
        [
          145.67875647668393,
          101.27461139896373,
          2
        ],
        [
          175.7305699481865,
          95.57512953367875,
          2
        ],
        [
          177.80310880829015,
          146.3523316062176,
          2
        ],
        [
          145.93782383419688,
          148.42487046632124,
          2
        ]
      ]
    },
    {
      "corners": [
        [
          91.53367875647668,
          44.02072538860103,
          2
        ],
        [
          324.0,
          0.23834196891190657,
          0
        ],
        [
          324.0,
          244.0,
          0
        ],
        [
          102.15544041450777,
          243.76165803108807,
          0
        ]
      ]
    }
  ],
  "unconverted": []
}