{
  "image": "recordings/20260513_112256/img_000170.png",
  "image_width": 324,
  "image_height": 244,
  "gates": [
    {
      "corners": [
        [
          151.63730569948186,
          133.39896373056993,
          2
        ],
        [
          198.5284974093264,
          134.69430051813472,
          2
        ],
        [
          196.9740932642487,
          188.58031088082902,
          2
        ],
        [
          150.860103626943,
          185.21243523316062,
          2
        ]
      ]
    },
    {
      "corners": [
        [
          79.09844559585491,
          108.01036269430051,
          2
        ],
        [
          105.2642487046632,
          110.34196891191709,
          2
        ],
        [
          104.48704663212435,
          144.53886010362694,
          2
        ],
        [
          78.580310880829,
          144.279792746114,
          2
        ]
      ]
    }
  ],
  "unconverted": []
}