{
  "image": "recordings/20260513_112256/img_000051.png",
  "image_width": 324,
  "image_height": 244,
  "gates": [
    {
      "corners": [
        [
          46.974093264248694,
          140.39378238341968,
          2
        ],
        [
          128.83937823834196,
          142.20725388601036,
          2
        ],
        [
          129.09839285949715,
          244.0,
          0
        ],
        [
          56.04145077720206,
          226.66321243523316,
          2
        ]
      ]
    },
    {
      "corners": [
        [
          50.08290155440413,
          165.52331606217615,
          2
        ],
        [
          76.24870466321242,
          161.3782383419689,
          2
        ],
        [
          81.4300518134715,
          192.20725388601036,
          2
        ],
        [
          52.67357512953366,
          203.0880829015544,
          2
        ]
      ]
    }
  ],
  "unconverted": []
}