{
  "image": "recordings/20260513_112256/img_000272.png",
  "image_width": 324,
  "image_height": 244,
  "gates": [
    {
      "corners": [
        [
          0.0,
          152.38125610351562,
          0
        ],
        [
          10.125,
          152.38125610351562,
          2
        ],
        [
          12.259067357512937,
          206.19689119170985,
          2
        ],
        [
          0.0,
          208.06874084472656,
          0
        ]
      ]
    }
  ],
  "unconverted": []
}