{
  "image": "recordings/20260513_112256/img_000137.png",
  "image_width": 324,
  "image_height": 244,
  "gates": [
    {
      "corners": [
        [
          52.67357512953366,
          72.0,
          2
        ],
        [
          72.88082901554402,
          73.29533678756476,
          2
        ],
        [
          72.88082901554402,
          102.05181347150258,
          2
        ],
        [
          53.19170984455957,
          101.79274611398964,
          2
        ]
      ]
    },
    {
      "corners": [
        [
          130.13471502590673,
          114.48704663212435,
          2
        ],
        [
          153.19170984455957,
          116.04145077720207,
          2
        ],
        [
          150.860103626943,
          135.7305699481865,
          2
        ],
        [
          130.39378238341968,
          127.18134715025906,
          2
        ]
      ]
    },
    {
      "corners": [
        [
          137.38860103626942,
          148.94300518134716,
          2
        ],
        [
          197.23316062176164,
          177.440414507772,
          2
        ],
        [
          180.3774540153039,
          250.57703978324963,
          0
        ],
        [
          134.27979274611397,
          208.52849740932643,
          2
        ]
      ]
    }
  ],
  "unconverted": []
}