{
  "image": "recordings/20260513_112256/img_000111.png",
  "image_width": 324,
  "image_height": 244,
  "gates": [
    {
      "corners": [
        [
          101.3782383419689,
          143.50259067357513,
          2
        ],
        [
          121.84455958549222,
          143.76165803108807,
          2
        ],
        [
          120.29015544041451,
          175.62694300518135,
          2
        ],
        [
          99.2249984741211,
          175.6687469482422,
          2
        ]
      ]
    },
    {
      "corners": [
        [
          151.875,
          132.13125610351562,
          2
        ],
        [
          227.8125,
          132.13125610351562,
          2
        ],
        [
          221.7375030517578,
          220.21875,
          2
        ],
        [
          151.875,
          205.03125,
          2
        ]
      ]
    },
    {
      "corners": [
        [
          3.1917098445595684,
          106.9740932642487,
          2
        ],
        [
          24.6943005181347,
          110.860103626943,
          2
        ],
        [
          24.17616580310879,
          138.83937823834196,
          2
        ],
        [
          3.1917098445595684,
          138.32124352331607,
          2
        ]
      ]
    }
  ],
  "unconverted": []
}