Gate,x,y,z,theta,width,height
1,0.5650767307135596,0.7431215634838069,1.1671574134671148,-0.42558338787624034,0.4808825829697806,0.3919080858638346
2,-0.7669205437902892,0.8056809750808446,1.3177123739403769,0.4442718558722936,0.3012672699477613,0.39887256094667817
3,-1.5639640440148368,-0.042063631415681174,1.368348536642322,1.3131488587929327,0.36822503649877086,0.3997891841420321
4,-0.5387394724961695,-0.9538199494583546,1.2768636048297188,2.9879058306265738,0.3567349104112344,0.3963354739055674
5,0.4568260233502196,-1.0871262540358662,1.283388027874263,-2.643375520162114,0.27226907911246023,0.3998546992553011
