Gate,x,y,z,theta,width,height
1,0.6906888778998459,-0.7769978934800459,1.2631698844922712,2.931611716288009,0.4786599590967884,0.3998818211642317
2,1.495427493365305,-0.7397545632876459,1.2861175355922982,-2.5854463658872895,0.35802720216554784,0.3947466405655502
3,2.2230339701475383,-0.10619008140061824,1.43578353971306,-1.0700852875155622,0.39763701274427155,0.39944594801432076
4,1.6583238348246523,0.912368617286401,1.4254951595278085,-0.18516726454634727,0.2741350343269483,0.3914670085298366
5,0.6362103879179972,0.7712918376120024,1.2889648934675824,0.7899129347201586,0.27020791199801536,0.39976247365012857
