{
  "image": "recordings/20260513_115203/img_000832.png",
  "image_width": 324,
  "image_height": 244,
  "gates": [
    {
      "corners": [
        [
          218.13471502590673,
          94.53886010362694,
          2
        ],
        [
          222.53886010362694,
          100.23834196891191,
          2
        ],
        [
          224.09326424870466,
          143.76165803108807,
          2
        ],
        [
          219.94818652849742,
          143.50259067357513,
          2
        ]
      ]
    }
  ],
  "unconverted": []
}