{
  "image": "recordings/20260513_115203/img_001080.png",
  "image_width": 324,
  "image_height": 244,
  "gates": [
    {
      "corners": [
        [
          163.03626943005182,
          76.92227979274611,
          2
        ],
        [
          219.7720207253886,
          44.02072538860103,
          2
        ],
        [
          194.6424870466321,
          214.7461139896373,
          2
        ],
        [
          149.56476683937822,
          187.0259067357513,
          2
        ]
      ]
    },
    {
      "corners": [
        [
          185.05699481865284,
          95.05699481865284,
          2
        ],
        [
          211.48186528497408,
          93.76165803108807,
          2
        ],
        [
          205.52331606217615,
          132.6217616580311,
          2
        ],
        [
          180.13471502590673,
          132.6217616580311,
          2
        ]
      ]
    }
  ],
  "unconverted": []
}