{
  "image": "recordings/20260513_115203/img_000981.png",
  "image_width": 324,
  "image_height": 244,
  "gates": [
    {
      "corners": [
        [
          100.860103626943,
          138.0621761658031,
          2
        ],
        [
          162.25906735751295,
          140.39378238341968,
          2
        ],
        [
          156.30051813471502,
          215.52331606217618,
          2
        ],
        [
          102.41450777202071,
          227.18134715025906,
          2
        ]
      ]
    }
  ],
  "unconverted": []
}