{
  "image": "recordings/20260513_115203/img_000308.png",
  "image_width": 324,
  "image_height": 244,
  "gates": [
    {
      "corners": [
        [
          264.3316062176166,
          106.19689119170984,
          2
        ],
        [
          294.1243523316062,
          108.52849740932642,
          2
        ],
        [
          294.1243523316062,
          138.58031088082902,
          2
        ],
        [
          262.5181347150259,
          135.7305699481865,
          2
        ]
      ]
    },
    {
      "corners": [
        [
          193.6062176165803,
          137.02590673575128,
          2
        ],
        [
          197.75129533678756,
          140.13471502590673,
          2
        ],
        [
          197.23316062176164,
          158.26943005181346,
          2
        ],
        [
          192.56994818652848,
          156.9740932642487,
          2
        ]
      ]
    },
    {
      "corners": [
        [
          313.9896373056995,
          73.29533678756476,
          2
        ],
        [
          323.3160621761658,
          72.5181347150259,
          0
        ],
        [
          323.3160621761658,
          131.84455958549222,
          0
        ],
        [
          316.32124352331607,
          131.58549222797927,
          2
        ]
      ]
    }
  ],
  "unconverted": []
}