{
  "image": "recordings/20260513_115203/img_000823.png",
  "image_width": 324,
  "image_height": 244,
  "gates": [
    {
      "corners": [
        [
          80.91191709844558,
          145.05699481865284,
          2
        ],
        [
          133.50259067357513,
          134.95336787564767,
          2
        ],
        [
          138.68393782383419,
          221.74093264248705,
          2
        ],
        [
          85.57512953367875,
          207.49222797927462,
          2
        ]
      ]
    },
    {
      "corners": [
        [
          103.96891191709844,
          163.1917098445596,
          2
        ],
        [
          118.47668393782382,
          162.15544041450778,
          2
        ],
        [
          118.47668393782382,
          181.58549222797927,
          2
        ],
        [
          104.7461139896373,
          184.43523316062175,
          2
        ]
      ]
    },
    {
      "corners": [
        [
          151.03626943005182,
          138.58031088082902,
          2
        ],
        [
          170.20725388601036,
          138.83937823834196,
          2
        ],
        [
          169.68911917098447,
          171.22279792746113,
          2
        ],
        [
          152.8497409326425,
          170.4455958549223,
          2
        ]
      ]
    }
  ],
  "unconverted": []
}