{
  "image": "recordings/20260513_115203/img_000309.png",
  "image_width": 324,
  "image_height": 244,
  "gates": [
    {
      "corners": [
        [
          269.51295336787564,
          113.45077720207253,
          2
        ],
        [
          300.08290155440415,
          116.30051813471502,
          2
        ],
        [
          299.8238341968912,
          146.61139896373058,
          2
        ],
        [
          268.47668393782385,
          142.98445595854923,
          2
        ]
      ]
    },
    {
      "corners": [
        [
          197.75129533678756,
          143.76165803108807,
          2
        ],
        [
          202.41450777202073,
          146.61139896373058,
          2
        ],
        [
          201.63730569948186,
          164.7461139896373,
          2
        ],
        [
          196.71502590673575,
          163.7098445595855,
          2
        ]
      ]
    }
  ],
  "unconverted": []
}