{
  "image": "recordings/20260513_115203/img_001169.png",
  "image_width": 324,
  "image_height": 244,
  "gates": [
    {
      "corners": [
        [
          52.93264248704662,
          124.07253886010362,
          2
        ],
        [
          82.46632124352331,
          124.59067357512953,
          2
        ],
        [
          82.72538860103626,
          149.720207253886,
          2
        ],
        [
          55.52331606217615,
          155.93782383419688,
          2
        ]
      ]
    },
    {
      "corners": [
        [
          0.0,
          113.19170984455958,
          0
        ],
        [
          2.072538860103627,
          113.19170984455958,
          2
        ],
        [
          4.663212435233161,
          138.0621761658031,
          2
        ],
        [
          0.0,
          139.35751295336786,
          0
        ]
      ]
    }
  ],
  "unconverted": []
}