{
  "image": "recordings/20260513_115203/img_000516.png",
  "image_width": 324,
  "image_height": 244,
  "gates": [
    {
      "corners": [
        [
          234.53886010362694,
          161.63730569948186,
          2
        ],
        [
          262.5181347150259,
          168.6321243523316,
          2
        ],
        [
          246.45595854922277,
          199.720207253886,
          2
        ],
        [
          221.84455958549222,
          192.98445595854923,
          2
        ]
      ]
    },
    {
      "corners": [
        [
          162.25906735751295,
          93.24352331606217,
          2
        ],
        [
          180.9119170984456,
          95.83419689119171,
          2
        ],
        [
          176.50777202072538,
          122.25906735751295,
          2
        ],
        [
          158.11398963730568,
          121.74093264248704,
          2
        ]
      ]
    }
  ],
  "unconverted": []
}