{
  "image": "recordings/20260513_115203/img_000878.png",
  "image_width": 324,
  "image_height": 244,
  "gates": [
    {
      "corners": [
        [
          76.24870466321242,
          97.64766839378238,
          2
        ],
        [
          132.4663212435233,
          121.22279792746113,
          2
        ],
        [
          125.21243523316062,
          220.96373056994818,
          2
        ],
        [
          71.58549222797926,
          243.50259067357513,
          0
        ]
      ]
    }
  ],
  "unconverted": []
}