{
  "image": "recordings/20260513_115203/img_000194.png",
  "image_width": 324,
  "image_height": 244,
  "gates": [
    {
      "corners": [
        [
          135.8341968911917,
          116.30051813471502,
          2
        ],
        [
          158.6321243523316,
          115.78238341968911,
          2
        ],
        [
          160.1865284974093,
          166.04145077720207,
          2
        ],
        [
          136.3523316062176,
          166.81865284974094,
          2
        ]
      ]
    },
    {
      "corners": [
        [
          281.4300518134715,
          72.77720207253886,
          2
        ],
        [
          324.0,
          66.3422099048078,
          0
        ],
        [
          324.0,
          243.76165803108807,
          0
        ],
        [
          293.34715025906735,
          243.76165803108807,
          0
        ]
      ]
    }
  ],
  "unconverted": []
}