{
  "image": "recordings/20260513_115203/img_001269.png",
  "image_width": 324,
  "image_height": 244,
  "gates": [
    {
      "corners": [
        [
          123.91709844559585,
          90.65284974093264,
          2
        ],
        [
          180.39378238341968,
          93.76165803108807,
          2
        ],
        [
          172.36269430051811,
          155.41968911917098,
          2
        ],
        [
          118.47668393782382,
          147.38860103626942,
          2
        ]
      ]
    },
    {
      "corners": [
        [
          81.86528497409327,
          130.8082901554404,
          2
        ],
        [
          107.25388601036269,
          132.10362694300517,
          2
        ],
        [
          105.95854922279793,
          159.30569948186528,
          2
        ],
        [
          82.38341968911918,
          162.67357512953367,
          2
        ]
      ]
    }
  ],
  "unconverted": []
}