{
  "image": "recordings/20260513_115203/img_000217.png",
  "image_width": 324,
  "image_height": 244,
  "gates": [
    {
      "corners": [
        [
          287.90673575129534,
          27.699481865284962,
          2
        ],
        [
          324.0,
          6.939957330082265,
          0
        ],
        [
          324.0,
          83.39896373056995,
          0
        ],
        [
          298.0103626943005,
          91.68911917098445,
          2
        ]
      ]
    }
  ],
  "unconverted": []
}