{
  "image": "recordings/20260513_115203/img_000287.png",
  "image_width": 324,
  "image_height": 244,
  "gates": [
    {
      "corners": [
        [
          233.76165803108807,
          48.165803108808284,
          2
        ],
        [
          259.6683937823834,
          48.68393782383419,
          2
        ],
        [
          261.22279792746116,
          74.07253886010362,
          2
        ],
        [
          234.7979274611399,
          73.29533678756476,
          2
        ]
      ]
    },
    {
      "corners": [
        [
          171.58549222797927,
          88.580310880829,
          2
        ],
        [
          176.24870466321244,
          93.24352331606217,
          2
        ],
        [
          176.24870466321244,
          109.82383419689118,
          2
        ],
        [
          171.84455958549222,
          106.71502590673575,
          2
        ]
      ]
    },
    {
      "corners": [
        [
          270.46632124352334,
          0.23834196891190657,
          0
        ],
        [
          323.57512953367876,
          0.49740932642485985,
          0
        ],
        [
          323.57512953367876,
          30.290155440414498,
          0
        ],
        [
          275.6476683937824,
          38.839378238341965,
          2
        ]
      ]
    }
  ],
  "unconverted": []
}