{
  "image": "recordings/20260513_115203/img_000071.png",
  "image_width": 324,
  "image_height": 244,
  "gates": [
    {
      "corners": [
        [
          52.93264248704662,
          77.44041450777202,
          2
        ],
        [
          65.10880829015542,
          89.61658031088082,
          2
        ],
        [
          62.25906735751295,
          130.54922279792746,
          2
        ],
        [
          49.56476683937822,
          124.59067357512953,
          2
        ]
      ]
    },
    {
      "corners": [
        [
          298.5284974093264,
          131.58549222797927,
          2
        ],
        [
          324.0,
          132.53769793230353,
          0
        ],
        [
          324.0,
          176.40414507772022,
          0
        ],
        [
          300.08290155440415,
          176.9222797927461,
          2
        ]
      ]
    },
    {
      "corners": [
        [
          179.0984455958549,
          141.4300518134715,
          2
        ],
        [
          182.9844559585492,
          141.94818652849742,
          2
        ],
        [
          181.68911917098444,
          172.77720207253887,
          2
        ],
        [
          177.80310880829015,
          172.77720207253887,
          2
        ]
      ]
    }
  ],
  "unconverted": []
}