{
  "image": "recordings/20260513_115203/img_000600.png",
  "image_width": 324,
  "image_height": 244,
  "gates": [
    {
      "corners": [
        [
          153.7098445595855,
          133.13989637305698,
          2
        ],
        [
          190.75647668393782,
          129.7720207253886,
          2
        ],
        [
          195.67875647668393,
          191.68911917098444,
          2
        ],
        [
          156.81865284974091,
          191.68911917098444,
          2
        ]
      ]
    },
    {
      "corners": [
        [
          112.77720207253884,
          122.51813471502591,
          2
        ],
        [
          132.72538860103626,
          122.0,
          2
        ],
        [
          135.3160621761658,
          151.2746113989637,
          2
        ],
        [
          114.59067357512953,
          152.82901554404145,
          2
        ]
      ]
    }
  ],
  "unconverted": []
}