{
  "image": "recordings/20260513_115203/img_000943.png",
  "image_width": 324,
  "image_height": 244,
  "gates": [
    {
      "corners": [
        [
          215.10880829015542,
          42.725388601036265,
          2
        ],
        [
          287.90673575129534,
          48.68393782383419,
          2
        ],
        [
          288.1658031088083,
          130.54922279792746,
          2
        ],
        [
          219.51295336787564,
          135.47150259067357,
          2
        ]
      ]
    },
    {
      "corners": [
        [
          61.48186528497408,
          128.99481865284974,
          2
        ],
        [
          87.12953367875646,
          125.10880829015544,
          2
        ],
        [
          94.90155440414507,
          165.00518134715026,
          2
        ],
        [
          74.43523316062175,
          178.47668393782382,
          2
        ]
      ]
    }
  ],
  "unconverted": []
}