{
  "image": "recordings/20260513_115203/img_001095.png",
  "image_width": 324,
  "image_height": 244,
  "gates": [
    {
      "corners": [
        [
          192.82901554404145,
          129.2538860103627,
          2
        ],
        [
          212.25906735751295,
          128.21761658031087,
          2
        ],
        [
          206.81865284974091,
          161.63730569948186,
          2
        ],
        [
          188.1658031088083,
          159.56476683937822,
          2
        ]
      ]
    },
    {
      "corners": [
        [
          151.3782383419689,
          131.84455958549222,
          2
        ],
        [
          163.81347150259066,
          125.8860103626943,
          2
        ],
        [
          149.56476683937822,
          212.41450777202073,
          2
        ],
        [
          139.97927461139895,
          199.2020725388601,
          2
        ]
      ]
    }
  ],
  "unconverted": []
}