{
  "image": "recordings/20260513_115203/img_000238.png",
  "image_width": 324,
  "image_height": 244,
  "gates": [
    {
      "corners": [
        [
          53.96891191709844,
          178.7357512953368,
          2
        ],
        [
          71.06735751295335,
          173.81347150259066,
          2
        ],
        [
          70.2901554404145,
          202.31088082901553,
          2
        ],
        [
          53.45077720207253,
          218.37305699481865,
          2
        ]
      ]
    },
    {
      "corners": [
        [
          176.42487046632124,
          129.2538860103627,
          2
        ],
        [
          323.57512953367876,
          62.673575129533674,
          0
        ],
        [
          323.57512953367876,
          243.76165803108807,
          0
        ],
        [
          171.76165803108807,
          243.76165803108807,
          0
        ]
      ]
    }
  ],
  "unconverted": []
}