{
  "image": "recordings/20260513_115203/img_001101.png",
  "image_width": 324,
  "image_height": 244,
  "gates": [
    {
      "corners": [
        [
          147.75129533678756,
          125.36787564766838,
          2
        ],
        [
          160.44559585492226,
          115.00518134715026,
          2
        ],
        [
          148.5284974093264,
          208.0103626943005,
          2
        ],
        [
          137.64766839378237,
          195.57512953367876,
          2
        ]
      ]
    },
    {
      "corners": [
        [
          192.56994818652848,
          123.81347150259067,
          2
        ],
        [
          211.74093264248705,
          122.51813471502591,
          2
        ],
        [
          207.33678756476684,
          156.71502590673575,
          2
        ],
        [
          188.1658031088083,
          155.41968911917098,
          2
        ]
      ]
    }
  ],
  "unconverted": []
}