{
  "image": "recordings/20260513_115203/img_001099.png",
  "image_width": 324,
  "image_height": 244,
  "gates": [
    {
      "corners": [
        [
          145.41968911917098,
          136.24870466321244,
          2
        ],
        [
          159.66839378238342,
          129.51295336787564,
          2
        ],
        [
          143.86528497409324,
          219.92746113989637,
          2
        ],
        [
          134.27979274611397,
          205.16062176165804,
          2
        ]
      ]
    },
    {
      "corners": [
        [
          189.2020725388601,
          132.36269430051814,
          2
        ],
        [
          207.33678756476684,
          132.36269430051814,
          2
        ],
        [
          202.41450777202073,
          165.78238341968913,
          2
        ],
        [
          183.50259067357513,
          163.96891191709844,
          2
        ]
      ]
    }
  ],
  "unconverted": []
}