{
  "image": "recordings/20260513_115203/img_000446.png",
  "image_width": 324,
  "image_height": 244,
  "gates": [
    {
      "corners": [
        [
          95.16062176165802,
          113.96891191709844,
          2
        ],
        [
          202.15544041450775,
          118.37305699481865,
          2
        ],
        [
          198.0103626943005,
          224.59067357512953,
          2
        ],
        [
          89.720207253886,
          221.4818652849741,
          2
        ]
      ]
    },
    {
      "corners": [
        [
          0.2590673575129534,
          173.81347150259066,
          0
        ],
        [
          40.67357512953368,
          169.66839378238342,
          2
        ],
        [
          42.2279792746114,
          211.8963730569948,
          2
        ],
        [
          1.5544041450777202,
          226.66321243523316,
          0
        ]
      ]
    }
  ],
  "unconverted": []
}