{
  "image": "recordings/20260513_115203/img_000178.png",
  "image_width": 324,
  "image_height": 244,
  "gates": [
    {
      "corners": [
        [
          259.1502590673575,
          106.19689119170984,
          2
        ],
        [
          312.25906735751295,
          104.64248704663213,
          2
        ],
        [
          314.3316062176166,
          176.40414507772022,
          2
        ],
        [
          260.1865284974093,
          176.14507772020724,
          2
        ]
      ]
    },
    {
      "corners": [
        [
          157.59585492227978,
          108.52849740932642,
          2
        ],
        [
          180.13471502590673,
          110.08290155440415,
          2
        ],
        [
          180.39378238341968,
          141.94818652849742,
          2
        ],
        [
          157.59585492227978,
          141.4300518134715,
          2
        ]
      ]
    }
  ],
  "unconverted": []
}