{
  "image": "recordings/20260513_115203/img_001288.png",
  "image_width": 324,
  "image_height": 244,
  "gates": [
    {
      "corners": [
        [
          156.55958549222797,
          138.58031088082902,
          2
        ],
        [
          173.39896373056993,
          140.65284974093265,
          2
        ],
        [
          171.58549222797927,
          162.67357512953367,
          2
        ],
        [
          154.48704663212433,
          163.45077720207254,
          2
        ]
      ]
    },
    {
      "corners": [
        [
          89.63730569948187,
          92.72538860103626,
          2
        ],
        [
          186.0103626943005,
          12.932642487046623,
          2
        ],
        [
          173.8341968911917,
          216.55958549222797,
          2
        ],
        [
          95.85492227979275,
          216.30051813471502,
          2
        ]
      ]
    }
  ],
  "unconverted": []
}