{
  "image": "recordings/20260513_115203/img_000638.png",
  "image_width": 324,
  "image_height": 244,
  "gates": [
    {
      "corners": [
        [
          0.5181347150259068,
          47.38860103626942,
          0
        ],
        [
          29.015544041450777,
          46.611398963730565,
          2
        ],
        [
          29.27461139896373,
          122.51813471502591,
          2
        ],
        [
          0.0,
          122.77720207253886,
          0
        ]
      ]
    }
  ],
  "unconverted": []
}