{
  "image": "recordings/20260513_115203/img_000792.png",
  "image_width": 324,
  "image_height": 244,
  "gates": [
    {
      "corners": [
        [
          215.3678756476684,
          112.41450777202073,
          2
        ],
        [
          290.2383419689119,
          115.78238341968911,
          2
        ],
        [
          281.68911917098444,
          174.84974093264248,
          2
        ],
        [
          209.1502590673575,
          165.52331606217615,
          2
        ]
      ]
    },
    {
      "corners": [
        [
          120.03108808290153,
          129.7720207253886,
          2
        ],
        [
          126.50777202072538,
          130.2901554404145,
          2
        ],
        [
          125.21243523316062,
          151.01554404145077,
          2
        ],
        [
          117.95854922279793,
          151.5336787564767,
          2
        ]
      ]
    },
    {
      "corners": [
        [
          184.4559585492228,
          113.19170984455958,
          2
        ],
        [
          201.03626943005182,
          115.78238341968911,
          2
        ],
        [
          198.18652849740934,
          144.02072538860102,
          2
        ],
        [
          181.0880829015544,
          139.87564766839378,
          2
        ]
      ]
    }
  ],
  "unconverted": []
}