{
  "image": "recordings/20260513_115203/img_000762.png",
  "image_width": 324,
  "image_height": 244,
  "gates": [
    {
      "corners": [
        [
          192.05181347150258,
          122.77720207253886,
          2
        ],
        [
          232.72538860103626,
          128.99481865284974,
          2
        ],
        [
          228.32124352331604,
          163.1917098445596,
          2
        ],
        [
          187.90673575129532,
          159.30569948186528,
          2
        ]
      ]
    },
    {
      "corners": [
        [
          144.38341968911917,
          117.85492227979275,
          2
        ],
        [
          162.77720207253884,
          123.29533678756476,
          2
        ],
        [
          161.22279792746113,
          144.7979274611399,
          2
        ],
        [
          142.05181347150258,
          141.4300518134715,
          2
        ]
      ]
    }
  ],
  "unconverted": []
}