{
  "image": "recordings/20260513_115203/img_000188.png",
  "image_width": 324,
  "image_height": 244,
  "gates": [
    {
      "corners": [
        [
          93.08808290155439,
          95.57512953367875,
          2
        ],
        [
          134.02072538860102,
          99.2020725388601,
          2
        ],
        [
          137.38860103626942,
          159.30569948186528,
          2
        ],
        [
          97.4922279792746,
          162.93264248704662,
          2
        ]
      ]
    }
  ],
  "unconverted": []
}