{
  "image": "recordings/20260513_115203/img_000385.png",
  "image_width": 324,
  "image_height": 244,
  "gates": [],
  "unconverted": [
    [
      [
        152.93264248704662,
        101.53367875647668
      ],
      [
        203.96891191709844,
        101.01554404145077
      ],
      [
        204.48704663212433,
        151.5336787564767
      ],
      [
        153.45077720207254,
        153.34715025906735
      ]
    ],
    [
      [
        92.48704663212436,
        28.21761658031087
      ],
      [
        152.28768360507675,
        0.0
      ],
      [
        323.57512953367876,
        0.49740932642485985
      ],
      [
        323.57512953367876,
        200.23834196891193
      ],
      [
        117.61658031088083,
        199.46113989637306
      ]
    ]
  ]
}