{
  "image": "recordings/20260513_115203/img_000448.png",
  "image_width": 324,
  "image_height": 244,
  "gates": [
    {
      "corners": [
        [
          77.72020725388602,
          113.45077720207253,
          2
        ],
        [
          195.0777202072539,
          126.14507772020725,
          2
        ],
        [
          187.8238341968912,
          243.24352331606218,
          0
        ],
        [
          65.5440414507772,
          239.87564766839378,
          2
        ]
      ]
    },
    {
      "corners": [
        [
          0.2590673575129534,
          180.54922279792746,
          0
        ],
        [
          20.72538860103627,
          180.03108808290156,
          2
        ],
        [
          19.689119170984455,
          224.84974093264248,
          2
        ],
        [
          0.2590673575129534,
          231.84455958549222,
          0
        ]
      ]
    }
  ],
  "unconverted": []
}