{
  "image": "recordings/20260513_115203/img_001006.png",
  "image_width": 324,
  "image_height": 244,
  "gates": [
    {
      "corners": [
        [
          132.38341968911917,
          130.2901554404145,
          2
        ],
        [
          217.61658031088083,
          123.55440414507771,
          2
        ],
        [
          196.37305699481865,
          243.76165803108807,
          0
        ],
        [
          115.0259067357513,
          243.50259067357513,
          0
        ]
      ]
    },
    {
      "corners": [
        [
          144.30051813471502,
          129.51295336787564,
          2
        ],
        [
          169.94818652849742,
          127.44041450777202,
          2
        ],
        [
          163.73056994818654,
          165.78238341968913,
          2
        ],
        [
          138.3419689119171,
          162.15544041450778,
          2
        ]
      ]
    }
  ],
  "unconverted": []
}