{
  "image": "recordings/20260513_115203/img_000219.png",
  "image_width": 324,
  "image_height": 244,
  "gates": [
    {
      "corners": [
        [
          298.26943005181346,
          28.99481865284973,
          2
        ],
        [
          324.0,
          17.55900978698905,
          0
        ],
        [
          324.0,
          89.61658031088082,
          0
        ],
        [
          305.00518134715026,
          93.50259067357513,
          2
        ]
      ]
    }
  ],
  "unconverted": []
}