{
  "image": "recordings/20260513_115203/img_000743.png",
  "image_width": 324,
  "image_height": 244,
  "gates": [
    {
      "corners": [
        [
          132.4663212435233,
          115.52331606217616,
          2
        ],
        [
          195.41968911917098,
          129.2538860103627,
          2
        ],
        [
          186.61139896373055,
          179.7720207253886,
          2
        ],
        [
          124.6943005181347,
          171.22279792746113,
          2
        ]
      ]
    },
    {
      "corners": [
        [
          87.56476683937824,
          109.30569948186528,
          2
        ],
        [
          118.65284974093265,
          119.92746113989637,
          2
        ],
        [
          111.39896373056995,
          147.12953367875647,
          2
        ],
        [
          82.12435233160622,
          139.35751295336786,
          2
        ]
      ]
    }
  ],
  "unconverted": []
}