{
  "image": "recordings/20260513_115203/img_001036.png",
  "image_width": 324,
  "image_height": 244,
  "gates": [
    {
      "corners": [
        [
          138.68393782383419,
          100.49740932642487,
          2
        ],
        [
          172.10362694300517,
          87.80310880829015,
          2
        ],
        [
          167.18134715025906,
          169.15025906735752,
          2
        ],
        [
          133.24352331606218,
          166.04145077720207,
          2
        ]
      ]
    },
    {
      "corners": [
        [
          140.2383419689119,
          111.37823834196891,
          2
        ],
        [
          158.89119170984455,
          110.60103626943005,
          2
        ],
        [
          157.0777202072539,
          140.65284974093265,
          2
        ],
        [
          138.1658031088083,
          140.65284974093265,
          2
        ]
      ]
    }
  ],
  "unconverted": []
}