{
  "image": "recordings/20260513_115203/img_000420.png",
  "image_width": 324,
  "image_height": 244,
  "gates": [
    {
      "corners": [
        [
          123.39896373056993,
          75.62694300518135,
          2
        ],
        [
          217.95854922279793,
          79.25388601036269,
          2
        ],
        [
          208.6321243523316,
          181.32642487046633,
          2
        ],
        [
          114.84974093264248,
          170.1865284974093,
          2
        ]
      ]
    },
    {
      "corners": [
        [
          46.196891191709824,
          140.9119170984456,
          2
        ],
        [
          80.13471502590673,
          141.4300518134715,
          2
        ],
        [
          80.65284974093264,
          177.440414507772,
          2
        ],
        [
          48.52849740932642,
          185.21243523316062,
          2
        ]
      ]
    }
  ],
  "unconverted": []
}