{
  "image": "recordings/20260513_115203/img_000918.png",
  "image_width": 324,
  "image_height": 244,
  "gates": [
    {
      "corners": [
        [
          179.61658031088083,
          127.44041450777202,
          2
        ],
        [
          201.11917098445596,
          156.4559585492228,
          2
        ],
        [
          178.0621761658031,
          216.30051813471502,
          2
        ],
        [
          141.01554404145077,
          224.84974093264248,
          2
        ]
      ]
    }
  ],
  "unconverted": [
    [
      [
        0.5181347150259068,
        47.90673575129533
      ],
      [
        25.38860103626943,
        71.48186528497409
      ],
      [
        0.5181347150259068,
        125.10880829015544
      ]
    ]
  ]
}