{
  "image": "recordings/20260513_115203/img_000851.png",
  "image_width": 324,
  "image_height": 244,
  "gates": [
    {
      "corners": [
        [
          134.02072538860102,
          103.34715025906735,
          2
        ],
        [
          160.96373056994818,
          120.96373056994818,
          2
        ],
        [
          152.15544041450775,
          208.26943005181346,
          2
        ],
        [
          124.1761658031088,
          232.88082901554404,
          2
        ]
      ]
    }
  ],
  "unconverted": []
}