{
  "image": "recordings/20260513_115203/img_000503.png",
  "image_width": 324,
  "image_height": 244,
  "gates": [
    {
      "corners": [
        [
          59.150259067357496,
          170.4455958549223,
          2
        ],
        [
          87.90673575129533,
          170.70466321243524,
          2
        ],
        [
          84.79792746113989,
          205.67875647668393,
          2
        ],
        [
          56.818652849740914,
          209.30569948186528,
          2
        ]
      ]
    }
  ],
  "unconverted": []
}