{
  "image": "recordings/20260513_115203/img_001199.png",
  "image_width": 324,
  "image_height": 244,
  "gates": [
    {
      "corners": [
        [
          38.601036269430054,
          1.27461139896372,
          0
        ],
        [
          264.76683937823833,
          0.49740932642485985,
          0
        ],
        [
          271.2435233160622,
          226.14507772020724,
          2
        ],
        [
          59.326424870466326,
          234.43523316062175,
          2
        ]
      ]
    }
  ],
  "unconverted": []
}