{
  "image": "recordings/20260513_115203/img_000461.png",
  "image_width": 324,
  "image_height": 244,
  "gates": [
    {
      "corners": [
        [
          5.52331606217615,
          168.89119170984455,
          2
        ],
        [
          75.73056994818651,
          161.3782383419689,
          2
        ],
        [
          84.53886010362693,
          216.55958549222797,
          2
        ],
        [
          21.067357512953354,
          239.3575129533679,
          2
        ]
      ]
    }
  ],
  "unconverted": []
}