{
  "image": "recordings/20260513_115203/img_000302.png",
  "image_width": 324,
  "image_height": 244,
  "gates": [
    {
      "corners": [
        [
          227.28497409326425,
          73.81347150259067,
          2
        ],
        [
          253.70984455958546,
          75.36787564766838,
          2
        ],
        [
          253.96891191709847,
          99.46113989637306,
          2
        ],
        [
          227.80310880829015,
          98.68393782383419,
          2
        ]
      ]
    },
    {
      "corners": [
        [
          164.84974093264248,
          109.82383419689118,
          2
        ],
        [
          169.2538860103627,
          113.19170984455958,
          2
        ],
        [
          169.2538860103627,
          130.2901554404145,
          2
        ],
        [
          164.59067357512953,
          127.69948186528497,
          2
        ]
      ]
    },
    {
      "corners": [
        [
          263.9896373056995,
          25.626943005181335,
          2
        ],
        [
          323.3160621761658,
          15.78238341968911,
          0
        ],
        [
          323.3160621761658,
          65.00518134715026,
          0
        ],
        [
          269.17098445595855,
          71.74093264248704,
          2
        ]
      ]
    }
  ],
  "unconverted": []
}