{
  "image": "recordings/20260513_115203/img_000801.png",
  "image_width": 324,
  "image_height": 244,
  "gates": [
    {
      "corners": [
        [
          253.45077720207252,
          98.94300518134715,
          2
        ],
        [
          294.64248704663214,
          100.23834196891191,
          2
        ],
        [
          286.3523316062176,
          141.94818652849742,
          2
        ],
        [
          245.93782383419688,
          136.24870466321244,
          2
        ]
      ]
    },
    {
      "corners": [
        [
          222.7979274611399,
          88.580310880829,
          2
        ],
        [
          323.57512953367876,
          70.44559585492227,
          0
        ],
        [
          323.3160621761658,
          191.68911917098444,
          0
        ],
        [
          215.5440414507772,
          164.7461139896373,
          2
        ]
      ]
    },
    {
      "corners": [
        [
          194.559585492228,
          127.69948186528497,
          2
        ],
        [
          206.99481865284974,
          128.21761658031087,
          2
        ],
        [
          204.14507772020727,
          148.94300518134716,
          2
        ],
        [
          192.48704663212436,
          148.94300518134716,
          2
        ]
      ]
    }
  ],
  "unconverted": []
}