{
  "image": "recordings/20260513_115203/img_001193.png",
  "image_width": 324,
  "image_height": 244,
  "gates": [
    {
      "corners": [
        [
          3.1088082901554404,
          0.7564766839378134,
          0
        ],
        [
          263.4715025906736,
          0.49740932642485985,
          0
        ],
        [
          271.5025906735751,
          231.58549222797927,
          2
        ],
        [
          50.77720207253886,
          232.10362694300517,
          2
        ]
      ]
    }
  ],
  "unconverted": []
}