{
  "image": "recordings/20260513_115203/img_000576.png",
  "image_width": 324,
  "image_height": 244,
  "gates": [
    {
      "corners": [
        [
          55.78238341968911,
          138.0621761658031,
          2
        ],
        [
          74.69430051813471,
          139.35751295336786,
          2
        ],
        [
          75.73056994818651,
          164.7461139896373,
          2
        ],
        [
          57.077720207253876,
          164.7461139896373,
          2
        ]
      ]
    },
    {
      "corners": [
        [
          116.92227979274611,
          101.27461139896373,
          2
        ],
        [
          169.2538860103627,
          50.75647668393782,
          2
        ],
        [
          192.82901554404145,
          174.33160621761658,
          2
        ],
        [
          125.73056994818651,
          187.0259067357513,
          2
        ]
      ]
    },
    {
      "corners": [
        [
          127.80310880829015,
          148.42487046632124,
          2
        ],
        [
          151.3782383419689,
          148.42487046632124,
          2
        ],
        [
          152.67357512953367,
          181.32642487046633,
          2
        ],
        [
          129.6165803108808,
          183.13989637305698,
          2
        ]
      ]
    }
  ],
  "unconverted": []
}