{
  "image": "recordings/20260513_115203/img_000476.png",
  "image_width": 324,
  "image_height": 244,
  "gates": [
    {
      "corners": [
        [
          137.90673575129532,
          151.2746113989637,
          2
        ],
        [
          205.00518134715026,
          154.12435233160622,
          2
        ],
        [
          203.19170984455957,
          220.70466321243524,
          2
        ],
        [
          137.12953367875647,
          223.03626943005182,
          2
        ]
      ]
    },
    {
      "corners": [
        [
          22.36269430051812,
          146.3523316062176,
          2
        ],
        [
          49.046632124352314,
          149.97927461139895,
          2
        ],
        [
          46.196891191709824,
          189.3575129533679,
          2
        ],
        [
          20.031088082901537,
          193.24352331606218,
          2
        ]
      ]
    }
  ],
  "unconverted": []
}