{
  "image": "recordings/20260513_115203/img_000098.png",
  "image_width": 324,
  "image_height": 244,
  "gates": [
    {
      "corners": [
        [
          125.21243523316062,
          195.8341968911917,
          2
        ],
        [
          141.79274611398964,
          195.05699481865284,
          2
        ],
        [
          138.42487046632124,
          230.03108808290156,
          2
        ],
        [
          120.8082901554404,
          235.21243523316062,
          2
        ]
      ]
    },
    {
      "corners": [
        [
          249.8238341968912,
          227.44041450777203,
          2
        ],
        [
          271.8445595854922,
          228.7357512953368,
          2
        ],
        [
          269.2538860103627,
          243.50259067357513,
          0
        ],
        [
          248.78756476683935,
          243.76165803108807,
          0
        ]
      ]
    },
    {
      "corners": [
        [
          0.08290155440412761,
          143.50259067357513,
          0
        ],
        [
          15.108808290155423,
          145.8341968911917,
          2
        ],
        [
          10.704663212435218,
          186.76683937823833,
          2
        ],
        [
          0.0,
          187.0157850343415,
          0
        ]
      ]
    }
  ],
  "unconverted": []
}