{
  "image": "recordings/20260513_115203/img_001287.png",
  "image_width": 324,
  "image_height": 244,
  "gates": [
    {
      "corners": [
        [
          174.1761658031088,
          106.4559585492228,
          2
        ],
        [
          219.7720207253886,
          107.4922279792746,
          2
        ],
        [
          214.59067357512953,
          158.0103626943005,
          2
        ],
        [
          170.03108808290153,
          152.05181347150258,
          2
        ]
      ]
    },
    {
      "corners": [
        [
          131.17098445595855,
          140.65284974093265,
          2
        ],
        [
          149.82383419689117,
          140.9119170984456,
          2
        ],
        [
          149.30569948186528,
          164.7461139896373,
          2
        ],
        [
          131.68911917098444,
          167.33678756476684,
          2
        ]
      ]
    },
    {
      "corners": [
        [
          45.41968911917097,
          138.58031088082902,
          2
        ],
        [
          49.56476683937822,
          139.0984455958549,
          2
        ],
        [
          49.56476683937822,
          164.48704663212436,
          2
        ],
        [
          45.41968911917097,
          166.55958549222797,
          2
        ]
      ]
    },
    {
      "corners": [
        [
          54.145077720207254,
          21.48186528497408,
          2
        ],
        [
          70.02812415663041,
          272.96343386167405,
          0
        ],
        [
          47.66839378238342,
          217.33678756476684,
          2
        ],
        [
          36.01036269430052,
          96.09326424870466,
          2
        ]
      ]
    }
  ],
  "unconverted": []
}