{
  "image": "recordings/20260513_115203/img_000064.png",
  "image_width": 324,
  "image_height": 244,
  "gates": [
    {
      "corners": [
        [
          284.79792746113986,
          130.54922279792746,
          2
        ],
        [
          313.55440414507774,
          130.54922279792746,
          2
        ],
        [
          315.1088082901554,
          170.1865284974093,
          2
        ],
        [
          286.61139896373055,
          172.25906735751295,
          2
        ]
      ]
    },
    {
      "corners": [
        [
          168.21761658031087,
          140.65284974093265,
          2
        ],
        [
          172.6217616580311,
          142.98445595854923,
          2
        ],
        [
          172.10362694300517,
          172.25906735751295,
          2
        ],
        [
          168.21761658031087,
          172.5181347150259,
          2
        ]
      ]
    },
    {
      "corners": [
        [
          38.16580310880828,
          77.44041450777202,
          2
        ],
        [
          51.896373056994804,
          91.4300518134715,
          2
        ],
        [
          49.823834196891184,
          133.13989637305698,
          2
        ],
        [
          34.79792746113988,
          127.44041450777202,
          2
        ]
      ]
    }
  ],
  "unconverted": []
}