{
  "image": "recordings/20260513_115203/img_001263.png",
  "image_width": 324,
  "image_height": 244,
  "gates": [
    {
      "corners": [
        [
          246.71502590673572,
          149.46113989637306,
          2
        ],
        [
          251.89637305699483,
          149.46113989637306,
          2
        ],
        [
          254.2279792746114,
          175.3678756476684,
          2
        ],
        [
          249.3056994818653,
          175.62694300518135,
          2
        ]
      ]
    },
    {
      "corners": [
        [
          149.04663212435233,
          133.6580310880829,
          2
        ],
        [
          155.52331606217615,
          135.21243523316062,
          2
        ],
        [
          159.92746113989637,
          162.15544041450778,
          2
        ],
        [
          153.19170984455957,
          162.41450777202073,
          2
        ]
      ]
    }
  ],
  "unconverted": []
}