{
  "image": "recordings/20260513_115203/img_000778.png",
  "image_width": 324,
  "image_height": 244,
  "gates": [
    {
      "corners": [
        [
          221.32642487046633,
          107.4922279792746,
          2
        ],
        [
          263.55440414507774,
          108.78756476683937,
          2
        ],
        [
          262.25906735751295,
          144.7979274611399,
          2
        ],
        [
          220.2901554404145,
          144.7979274611399,
          2
        ]
      ]
    },
    {
      "corners": [
        [
          167.95854922279793,
          107.75129533678756,
          2
        ],
        [
          186.3523316062176,
          110.60103626943005,
          2
        ],
        [
          186.3523316062176,
          133.6580310880829,
          2
        ],
        [
          167.440414507772,
          131.84455958549222,
          2
        ]
      ]
    }
  ],
  "unconverted": []
}