{
  "image": "recordings/20260513_115203/img_000337.png",
  "image_width": 324,
  "image_height": 244,
  "gates": [
    {
      "corners": [
        [
          172.36269430051811,
          122.51813471502591,
          2
        ],
        [
          242.5699481865285,
          124.33160621761658,
          2
        ],
        [
          244.9015544041451,
          183.39896373056993,
          2
        ],
        [
          172.6217616580311,
          182.88082901554404,
          2
        ]
      ]
    },
    {
      "corners": [
        [
          127.5440414507772,
          136.24870466321244,
          2
        ],
        [
          154.7461139896373,
          140.9119170984456,
          2
        ],
        [
          153.45077720207254,
          168.6321243523316,
          2
        ],
        [
          124.43523316062175,
          166.30051813471502,
          2
        ]
      ]
    },
    {
      "corners": [
        [
          48.26943005181346,
          159.30569948186528,
          2
        ],
        [
          57.595854922279784,
          161.63730569948186,
          2
        ],
        [
          56.55958549222797,
          186.24870466321244,
          2
        ],
        [
          46.455958549222785,
          187.0259067357513,
          2
        ]
      ]
    }
  ],
  "unconverted": []
}