{
  "image": "recordings/20260513_115203/img_000701.png",
  "image_width": 324,
  "image_height": 244,
  "gates": [
    {
      "corners": [
        [
          169.17098445595855,
          68.37305699481864,
          2
        ],
        [
          265.54404145077723,
          87.80310880829015,
          2
        ],
        [
          265.2849740932643,
          235.21243523316062,
          2
        ],
        [
          173.9254192308079,
          257.7114300873476,
          0
        ]
      ]
    }
  ],
  "unconverted": []
}