{
  "image": "recordings/20260513_115203/img_001201.png",
  "image_width": 324,
  "image_height": 244,
  "gates": [
    {
      "corners": [
        [
          117.15631182980485,
          -37.101361657817364,
          0
        ],
        [
          213.73056994818654,
          37.02590673575129,
          2
        ],
        [
          227.46113989637306,
          180.54922279792746,
          2
        ],
        [
          105.44041450777202,
          169.66839378238342,
          2
        ]
      ]
    }
  ],
  "unconverted": []
}