{
  "image": "recordings/20260513_115203/img_000193.png",
  "image_width": 324,
  "image_height": 244,
  "gates": [
    {
      "corners": [
        [
          107.33678756476682,
          90.39378238341969,
          2
        ],
        [
          195.93782383419688,
          110.34196891191709,
          2
        ],
        [
          198.0103626943005,
          224.84974093264248,
          2
        ],
        [
          104.22797927461139,
          224.33160621761658,
          2
        ]
      ]
    }
  ],
  "unconverted": []
}