{
  "image": "recordings/20260513_115203/img_000439.png",
  "image_width": 324,
  "image_height": 244,
  "gates": [
    {
      "corners": [
        [
          17.181347150259054,
          160.60103626943004,
          2
        ],
        [
          55.78238341968911,
          154.38341968911917,
          2
        ],
        [
          56.818652849740914,
          188.58031088082902,
          2
        ],
        [
          20.29015544041449,
          202.31088082901553,
          2
        ]
      ]
    },
    {
      "corners": [
        [
          89.37823834196891,
          165.78238341968913,
          2
        ],
        [
          187.8238341968912,
          189.0984455958549,
          2
        ],
        [
          172.279792746114,
          243.50259067357513,
          0
        ],
        [
          79.27461139896373,
          243.24352331606218,
          0
        ]
      ]
    }
  ],
  "unconverted": []
}