{
  "image": "recordings/20260513_115203/img_000077.png",
  "image_width": 324,
  "image_height": 244,
  "gates": [
    {
      "corners": [
        [
          197.23316062176164,
          195.8341968911917,
          2
        ],
        [
          205.78238341968913,
          198.94300518134716,
          2
        ],
        [
          203.19170984455957,
          236.24870466321244,
          2
        ],
        [
          193.86528497409327,
          236.50777202072538,
          2
        ]
      ]
    }
  ],
  "unconverted": []
}