{
  "image": "recordings/20260513_115203/img_001203.png",
  "image_width": 324,
  "image_height": 244,
  "gates": [
    {
      "corners": [
        [
          157.94882498833584,
          -55.58269282714929,
          0
        ],
        [
          251.03626943005182,
          16.81865284974092,
          2
        ],
        [
          277.20207253886014,
          157.49222797927462,
          2
        ],
        [
          160.88082901554404,
          135.7305699481865,
          2
        ]
      ]
    }
  ],
  "unconverted": []
}