{
  "image": "recordings/20260513_115203/img_000303.png",
  "image_width": 324,
  "image_height": 244,
  "gates": [
    {
      "corners": [
        [
          170.2901554404145,
          115.78238341968911,
          2
        ],
        [
          174.6943005181347,
          118.89119170984455,
          2
        ],
        [
          174.6943005181347,
          136.24870466321244,
          2
        ],
        [
          170.03108808290153,
          134.69430051813472,
          2
        ]
      ]
    },
    {
      "corners": [
        [
          234.53886010362694,
          82.88082901554404,
          2
        ],
        [
          261.22279792746116,
          85.47150259067357,
          2
        ],
        [
          260.96373056994815,
          110.60103626943005,
          2
        ],
        [
          232.72538860103626,
          108.26943005181347,
          2
        ]
      ]
    },
    {
      "corners": [
        [
          274.3523316062176,
          39.09844559585491,
          2
        ],
        [
          323.3160621761658,
          31.844559585492217,
          0
        ],
        [
          323.3160621761658,
          83.13989637305698,
          0
        ],
        [
          276.42487046632124,
          87.02590673575129,
          2
        ]
      ]
    }
  ],
  "unconverted": []
}