{
  "image": "recordings/20260513_115203/img_000266.png",
  "image_width": 324,
  "image_height": 244,
  "gates": [
    {
      "corners": [
        [
          165.8860103626943,
          142.98445595854923,
          2
        ],
        [
          220.8082901554404,
          158.26943005181346,
          2
        ],
        [
          215.10880829015542,
          205.93782383419688,
          2
        ],
        [
          155.7823834196891,
          198.68393782383419,
          2
        ]
      ]
    },
    {
      "corners": [
        [
          96.19689119170984,
          136.50777202072538,
          2
        ],
        [
          120.8082901554404,
          147.12953367875647,
          2
        ],
        [
          115.62694300518135,
          172.77720207253887,
          2
        ],
        [
          88.68393782383419,
          166.04145077720207,
          2
        ]
      ]
    }
  ],
  "unconverted": []
}