{
  "image": "recordings/20260513_115203/img_000640.png",
  "image_width": 324,
  "image_height": 244,
  "gates": [
    {
      "corners": [
        [
          0.2590673575129534,
          29.512953367875635,
          0
        ],
        [
          21.243523316062177,
          27.958549222797917,
          2
        ],
        [
          24.352331606217618,
          105.67875647668393,
          2
        ],
        [
          0.2590673575129534,
          105.93782383419689,
          0
        ]
      ]
    }
  ],
  "unconverted": []
}