{
  "image": "recordings/20260513_115203/img_000895.png",
  "image_width": 324,
  "image_height": 244,
  "gates": [
    {
      "corners": [
        [
          121.58549222797927,
          51.79274611398963,
          2
        ],
        [
          176.24870466321244,
          87.28497409326424,
          2
        ],
        [
          171.32642487046633,
          195.05699481865284,
          2
        ],
        [
          118.73575129533677,
          218.37305699481865,
          2
        ]
      ]
    }
  ],
  "unconverted": []
}