{
  "image": "recordings/20260513_115203/img_000209.png",
  "image_width": 324,
  "image_height": 244,
  "gates": [
    {
      "corners": [
        [
          213.29533678756476,
          176.9222797927461,
          2
        ],
        [
          324.0,
          134.70003614893358,
          0
        ],
        [
          324.0,
          244.0,
          0
        ],
        [
          210.1865284974093,
          243.76165803108807,
          0
        ]
      ]
    },
    {
      "corners": [
        [
          282.20725388601034,
          159.30569948186528,
          2
        ],
        [
          324.0,
          155.7161384659398,
          0
        ],
        [
          324.0,
          223.5544041450777,
          0
        ],
        [
          279.6165803108808,
          217.0777202072539,
          2
        ]
      ]
    }
  ],
  "unconverted": []
}