{
  "image": "recordings/20260513_115203/img_001068.png",
  "image_width": 324,
  "image_height": 244,
  "gates": [
    {
      "corners": [
        [
          157.0777202072539,
          101.27461139896373,
          2
        ],
        [
          187.12953367875647,
          80.8082901554404,
          2
        ],
        [
          177.80310880829015,
          187.80310880829015,
          2
        ],
        [
          149.82383419689117,
          179.51295336787564,
          2
        ]
      ]
    },
    {
      "corners": [
        [
          180.5699481865285,
          117.07772020725388,
          2
        ],
        [
          184.4559585492228,
          117.07772020725388,
          2
        ],
        [
          181.0880829015544,
          147.90673575129534,
          2
        ],
        [
          177.97927461139898,
          148.1658031088083,
          2
        ]
      ]
    },
    {
      "corners": [
        [
          197.15025906735752,
          115.2642487046632,
          2
        ],
        [
          201.29533678756476,
          115.2642487046632,
          2
        ],
        [
          198.18652849740934,
          149.2020725388601,
          2
        ],
        [
          193.26424870466323,
          149.2020725388601,
          2
        ]
      ]
    }
  ],
  "unconverted": []
}