{
  "image": "recordings/20260513_115203/img_000101.png",
  "image_width": 324,
  "image_height": 244,
  "gates": [
    {
      "corners": [
        [
          125.73056994818651,
          190.65284974093265,
          2
        ],
        [
          139.46113989637306,
          190.65284974093265,
          2
        ],
        [
          132.20725388601036,
          221.74093264248705,
          2
        ],
        [
          117.18134715025906,
          223.03626943005182,
          2
        ]
      ]
    },
    {
      "corners": [
        [
          252.67357512953367,
          152.82901554404145,
          2
        ],
        [
          323.6580310880829,
          145.3160621761658,
          0
        ],
        [
          323.6580310880829,
          243.50259067357513,
          0
        ],
        [
          229.61658031088083,
          243.76165803108807,
          0
        ]
      ]
    },
    {
      "corners": [
        [
          234.279792746114,
          227.18134715025906,
          2
        ],
        [
          291.7927461139896,
          236.76683937823833,
          2
        ],
        [
          289.2020725388601,
          242.72538860103626,
          0
        ],
        [
          229.87564766839378,
          243.24352331606218,
          0
        ]
      ]
    },
    {
      "corners": [
        [
          6.041450777202055,
          123.29533678756476,
          2
        ],
        [
          28.839378238341954,
          130.2901554404145,
          2
        ],
        [
          21.067357512953354,
          166.04145077720207,
          2
        ],
        [
          -3.0353732652584853,
          164.55362788965815,
          0
        ]
      ]
    }
  ],
  "unconverted": []
}