{
  "image": "recordings/20260513_115203/img_000654.png",
  "image_width": 324,
  "image_height": 244,
  "gates": [
    {
      "corners": [
        [
          115.62694300518135,
          76.66321243523315,
          2
        ],
        [
          157.33678756476684,
          68.37305699481864,
          2
        ],
        [
          157.85492227979273,
          139.0984455958549,
          2
        ],
        [
          114.59067357512953,
          140.9119170984456,
          2
        ]
      ]
    }
  ],
  "unconverted": []
}