{
  "image": "recordings/20260513_115203/img_000880.png",
  "image_width": 324,
  "image_height": 244,
  "gates": [
    {
      "corners": [
        [
          74.69430051813471,
          92.20725388601036,
          2
        ],
        [
          131.68911917098444,
          117.59585492227978,
          2
        ],
        [
          124.1761658031088,
          217.33678756476684,
          2
        ],
        [
          65.62694300518133,
          241.94818652849742,
          0
        ]
      ]
    }
  ],
  "unconverted": []
}