{
  "image": "recordings/20260513_115203/img_000466.png",
  "image_width": 324,
  "image_height": 244,
  "gates": [],
  "unconverted": [
    [
      [
        0.2590673575129534,
        166.81865284974094
      ],
      [
        17.098445595854923,
        227.95854922279793
      ],
      [
        0.2590673575129534,
        235.9896373056995
      ]
    ]
  ]
}