{
  "image": "recordings/20260513_115203/img_000310.png",
  "image_width": 324,
  "image_height": 244,
  "gates": [
    {
      "corners": [
        [
          267.69948186528495,
          106.19689119170984,
          2
        ],
        [
          299.8238341968912,
          107.75129533678756,
          2
        ],
        [
          300.60103626943004,
          138.58031088082902,
          2
        ],
        [
          268.2176165803109,
          136.76683937823833,
          2
        ]
      ]
    },
    {
      "corners": [
        [
          196.9740932642487,
          139.35751295336786,
          2
        ],
        [
          201.8963730569948,
          141.68911917098444,
          2
        ],
        [
          201.8963730569948,
          160.86010362694302,
          2
        ],
        [
          196.9740932642487,
          160.86010362694302,
          2
        ]
      ]
    }
  ],
  "unconverted": []
}