{
  "image": "recordings/20260513_115203/img_000148.png",
  "image_width": 324,
  "image_height": 244,
  "gates": [
    {
      "corners": [
        [
          175.7305699481865,
          138.83937823834196,
          2
        ],
        [
          198.0103626943005,
          140.39378238341968,
          2
        ],
        [
          198.26943005181346,
          173.29533678756476,
          2
        ],
        [
          173.91709844559585,
          173.03626943005182,
          2
        ]
      ]
    },
    {
      "corners": [
        [
          283.7616580310881,
          176.66321243523316,
          2
        ],
        [
          313.8134715025907,
          177.440414507772,
          2
        ],
        [
          313.29533678756474,
          244.0,
          0
        ],
        [
          279.35751295336786,
          243.50259067357513,
          0
        ]
      ]
    }
  ],
  "unconverted": []
}