{
  "image": "recordings/20260513_115203/img_000090.png",
  "image_width": 324,
  "image_height": 244,
  "gates": [
    {
      "corners": [
        [
          95.67875647668393,
          52.31088082901554,
          2
        ],
        [
          183.24352331606218,
          85.73056994818653,
          2
        ],
        [
          183.76165803108807,
          174.07253886010363,
          2
        ],
        [
          89.2020725388601,
          173.81347150259066,
          2
        ]
      ]
    }
  ],
  "unconverted": []
}