{
  "image": "recordings/20260513_115203/img_000805.png",
  "image_width": 324,
  "image_height": 244,
  "gates": [
    {
      "corners": [
        [
          195.16062176165804,
          104.12435233160622,
          2
        ],
        [
          309.40932642487047,
          73.0362694300518,
          2
        ],
        [
          306.559585492228,
          200.75647668393782,
          2
        ],
        [
          195.16062176165804,
          181.06735751295338,
          2
        ]
      ]
    },
    {
      "corners": [
        [
          230.13471502590673,
          114.48704663212435,
          2
        ],
        [
          270.03108808290153,
          114.2279792746114,
          2
        ],
        [
          266.4041450777202,
          153.86528497409327,
          2
        ],
        [
          227.28497409326425,
          151.01554404145077,
          2
        ]
      ]
    },
    {
      "corners": [
        [
          176.94300518134716,
          144.7979274611399,
          2
        ],
        [
          183.41968911917098,
          144.7979274611399,
          2
        ],
        [
          183.16062176165804,
          166.30051813471502,
          2
        ],
        [
          176.42487046632124,
          166.55958549222797,
          2
        ]
      ]
    }
  ],
  "unconverted": []
}