{
  "image": "recordings/20260513_115203/img_000806.png",
  "image_width": 324,
  "image_height": 244,
  "gates": [
    {
      "corners": [
        [
          193.0880829015544,
          103.86528497409326,
          2
        ],
        [
          302.1554404145078,
          66.81865284974093,
          2
        ],
        [
          310.7046632124352,
          192.20725388601036,
          2
        ],
        [
          197.75129533678756,
          177.95854922279793,
          2
        ]
      ]
    },
    {
      "corners": [
        [
          230.65284974093262,
          113.45077720207253,
          2
        ],
        [
          268.99481865284974,
          112.41450777202073,
          2
        ],
        [
          268.7357512953368,
          149.97927461139895,
          2
        ],
        [
          228.0621761658031,
          148.68393782383419,
          2
        ]
      ]
    },
    {
      "corners": [
        [
          178.49740932642487,
          146.3523316062176,
          2
        ],
        [
          183.41968911917098,
          146.3523316062176,
          2
        ],
        [
          183.67875647668393,
          168.89119170984455,
          2
        ],
        [
          178.75647668393782,
          169.15025906735752,
          2
        ]
      ]
    }
  ],
  "unconverted": []
}