{
  "image": "recordings/20260513_115203/img_001248.png",
  "image_width": 324,
  "image_height": 244,
  "gates": [
    {
      "corners": [
        [
          250.860103626943,
          140.9119170984456,
          2
        ],
        [
          256.04145077720204,
          141.4300518134715,
          2
        ],
        [
          257.5958549222798,
          166.30051813471502,
          2
        ],
        [
          252.15544041450778,
          168.37305699481865,
          2
        ]
      ]
    },
    {
      "corners": [
        [
          152.8497409326425,
          124.07253886010362,
          2
        ],
        [
          160.1036269430052,
          124.59067357512953,
          2
        ],
        [
          164.76683937823836,
          152.05181347150258,
          2
        ],
        [
          156.7357512953368,
          153.0880829015544,
          2
        ]
      ]
    }
  ],
  "unconverted": []
}