{
  "image": "recordings/20260513_115203/img_000779.png",
  "image_width": 324,
  "image_height": 244,
  "gates": [
    {
      "corners": [
        [
          216.14507772020724,
          114.74611398963731,
          2
        ],
        [
          256.559585492228,
          116.55958549222798,
          2
        ],
        [
          255.2642487046632,
          152.82901554404145,
          2
        ],
        [
          214.59067357512953,
          152.05181347150258,
          2
        ]
      ]
    },
    {
      "corners": [
        [
          162.0,
          113.70984455958549,
          2
        ],
        [
          180.13471502590673,
          117.85492227979275,
          2
        ],
        [
          179.87564766839378,
          139.35751295336786,
          2
        ],
        [
          161.48186528497408,
          137.28497409326425,
          2
        ]
      ]
    }
  ],
  "unconverted": []
}