{
  "image": "recordings/20260513_115203/img_000810.png",
  "image_width": 324,
  "image_height": 244,
  "gates": [
    {
      "corners": [
        [
          262.43523316062175,
          87.02590673575129,
          2
        ],
        [
          323.05699481865287,
          64.2279792746114,
          0
        ],
        [
          323.05699481865287,
          190.13471502590673,
          0
        ],
        [
          262.1761658031088,
          176.40414507772022,
          2
        ]
      ]
    },
    {
      "corners": [
        [
          314.76683937823833,
          100.75647668393782,
          2
        ],
        [
          322.7979274611399,
          100.49740932642487,
          0
        ],
        [
          322.7979274611399,
          146.3523316062176,
          0
        ],
        [
          309.0673575129534,
          145.3160621761658,
          2
        ]
      ]
    }
  ],
  "unconverted": []
}