{
  "image": "recordings/20260513_115203/img_001261.png",
  "image_width": 324,
  "image_height": 244,
  "gates": [
    {
      "corners": [
        [
          246.97409326424872,
          154.12435233160622,
          2
        ],
        [
          251.89637305699483,
          154.12435233160622,
          2
        ],
        [
          255.00518134715026,
          180.03108808290156,
          2
        ],
        [
          249.3056994818653,
          180.54922279792746,
          2
        ]
      ]
    },
    {
      "corners": [
        [
          149.82383419689117,
          136.24870466321244,
          2
        ],
        [
          156.55958549222797,
          138.32124352331607,
          2
        ],
        [
          160.1865284974093,
          165.52331606217615,
          2
        ],
        [
          153.96891191709844,
          166.55958549222797,
          2
        ]
      ]
    }
  ],
  "unconverted": []
}