{
  "image": "recordings/20260513_115203/img_000703.png",
  "image_width": 324,
  "image_height": 244,
  "gates": [
    {
      "corners": [
        [
          204.14507772020727,
          73.81347150259067,
          2
        ],
        [
          292.48704663212436,
          91.9481865284974,
          2
        ],
        [
          290.9326424870466,
          236.24870466321244,
          2
        ],
        [
          207.56189025109953,
          260.31448881379515,
          0
        ]
      ]
    }
  ],
  "unconverted": []
}