{
  "image": "recordings/20260513_115203/img_000854.png",
  "image_width": 324,
  "image_height": 244,
  "gates": [
    {
      "corners": [
        [
          134.02072538860102,
          101.79274611398964,
          2
        ],
        [
          160.44559585492226,
          119.15025906735751,
          2
        ],
        [
          152.41450777202073,
          206.9740932642487,
          2
        ],
        [
          122.88082901554404,
          233.39896373056996,
          2
        ]
      ]
    }
  ],
  "unconverted": []
}