{
  "image": "recordings/20260513_115203/img_000493.png",
  "image_width": 324,
  "image_height": 244,
  "gates": [
    {
      "corners": [
        [
          34.53886010362693,
          142.98445595854923,
          2
        ],
        [
          63.0362694300518,
          149.2020725388601,
          2
        ],
        [
          55.52331606217615,
          188.83937823834196,
          2
        ],
        [
          24.953367875647654,
          188.83937823834196,
          2
        ]
      ]
    },
    {
      "corners": [
        [
          123.3160621761658,
          150.23834196891193,
          2
        ],
        [
          214.76683937823836,
          159.30569948186528,
          2
        ],
        [
          203.62694300518135,
          243.76165803108807,
          0
        ],
        [
          114.5077720207254,
          243.76165803108807,
          0
        ]
      ]
    }
  ],
  "unconverted": []
}