{
  "image": "recordings/20260513_115203/img_000699.png",
  "image_width": 324,
  "image_height": 244,
  "gates": [
    {
      "corners": [
        [
          71.24352331606218,
          33.139896373056985,
          2
        ],
        [
          214.76683937823836,
          51.79274611398963,
          2
        ],
        [
          211.139896373057,
          232.10362694300517,
          2
        ],
        [
          68.9119170984456,
          232.10362694300517,
          2
        ]
      ]
    }
  ],
  "unconverted": []
}