{
  "image": "recordings/20260513_115203/img_000663.png",
  "image_width": 324,
  "image_height": 244,
  "gates": [
    {
      "corners": [
        [
          100.08290155440413,
          138.58031088082902,
          2
        ],
        [
          152.67357512953367,
          132.88082901554404,
          2
        ],
        [
          160.70466321243524,
          208.78756476683938,
          2
        ],
        [
          107.59585492227978,
          213.96891191709844,
          2
        ]
      ]
    }
  ],
  "unconverted": []
}