{
  "image": "recordings/20260513_115203/img_000341.png",
  "image_width": 324,
  "image_height": 244,
  "gates": [
    {
      "corners": [
        [
          178.83937823834196,
          147.12953367875647,
          2
        ],
        [
          266.14507772020727,
          145.05699481865284,
          2
        ],
        [
          270.80829015544043,
          217.33678756476684,
          2
        ],
        [
          180.13471502590673,
          219.15025906735752,
          2
        ]
      ]
    },
    {
      "corners": [
        [
          54.227979274611386,
          178.99481865284974,
          2
        ],
        [
          64.33160621761657,
          180.03108808290156,
          2
        ],
        [
          63.29533678756475,
          204.9015544041451,
          2
        ],
        [
          52.41450777202071,
          207.75129533678756,
          2
        ]
      ]
    },
    {
      "corners": [
        [
          134.19689119170985,
          153.6062176165803,
          2
        ],
        [
          162.1761658031088,
          156.9740932642487,
          2
        ],
        [
          161.91709844559585,
          189.61658031088083,
          2
        ],
        [
          132.38341968911917,
          186.76683937823833,
          2
        ]
      ]
    }
  ],
  "unconverted": []
}