{
  "image": "recordings/20260513_115203/img_000116.png",
  "image_width": 324,
  "image_height": 244,
  "gates": [
    {
      "corners": [
        [
          45.93782383419688,
          139.61658031088083,
          2
        ],
        [
          64.33160621761657,
          144.53886010362694,
          2
        ],
        [
          62.518134715025894,
          174.84974093264248,
          2
        ],
        [
          44.124352331606204,
          174.07253886010363,
          2
        ]
      ]
    },
    {
      "corners": [
        [
          154.22797927461139,
          171.22279792746113,
          2
        ],
        [
          166.9222797927461,
          172.5181347150259,
          2
        ],
        [
          167.18134715025906,
          202.31088082901553,
          2
        ],
        [
          153.96891191709844,
          203.6062176165803,
          2
        ]
      ]
    },
    {
      "corners": [
        [
          185.3160621761658,
          0.49740932642485985,
          0
        ],
        [
          324.0,
          0.24058721934368543,
          0
        ],
        [
          323.6580310880829,
          129.51295336787564,
          0
        ],
        [
          186.3523316062176,
          165.2642487046632,
          2
        ]
      ]
    }
  ],
  "unconverted": []
}