{
  "image": "recordings/20260513_115203/img_000974.png",
  "image_width": 324,
  "image_height": 244,
  "gates": [
    {
      "corners": [
        [
          106.30051813471502,
          121.22279792746113,
          2
        ],
        [
          115.62694300518135,
          128.7357512953368,
          2
        ],
        [
          112.25906735751295,
          188.83937823834196,
          2
        ],
        [
          101.8963730569948,
          197.64766839378237,
          2
        ]
      ]
    }
  ],
  "unconverted": []
}