{
  "image": "recordings/20260513_115203/img_000386.png",
  "image_width": 324,
  "image_height": 244,
  "gates": [],
  "unconverted": [
    [
      [
        152.93264248704662,
        102.82901554404144
      ],
      [
        203.19170984455957,
        102.82901554404144
      ],
      [
        203.45077720207254,
        153.34715025906735
      ],
      [
        152.15544041450775,
        153.86528497409327
      ]
    ],
    [
      [
        104.92227979274612,
        25.626943005181335
      ],
      [
        165.0259067357513,
        0.23834196891190657
      ],
      [
        323.05699481865287,
        0.23834196891190657
      ],
      [
        323.57512953367876,
        196.09326424870466
      ],
      [
        124.09326424870467,
        199.720207253886
      ]
    ]
  ]
}