{
  "image": "recordings/20260513_115203/img_000226.png",
  "image_width": 324,
  "image_height": 244,
  "gates": [
    {
      "corners": [
        [
          174.6943005181347,
          149.2020725388601,
          2
        ],
        [
          184.53886010362694,
          154.9015544041451,
          2
        ],
        [
          175.7305699481865,
          187.5440414507772,
          2
        ],
        [
          162.77720207253884,
          189.0984455958549,
          2
        ]
      ]
    },
    {
      "corners": [
        [
          56.30051813471502,
          98.68393782383419,
          2
        ],
        [
          72.36269430051813,
          111.11917098445595,
          2
        ],
        [
          64.59067357512953,
          144.02072538860102,
          2
        ],
        [
          46.455958549222785,
          138.58031088082902,
          2
        ]
      ]
    }
  ],
  "unconverted": []
}