{
  "image": "recordings/20260513_115203/img_001017.png",
  "image_width": 324,
  "image_height": 244,
  "gates": [
    {
      "corners": [
        [
          164.33160621761658,
          127.44041450777202,
          2
        ],
        [
          203.19170984455957,
          112.41450777202073,
          2
        ],
        [
          196.4559585492228,
          205.41968911917098,
          2
        ],
        [
          154.48704663212433,
          198.68393782383419,
          2
        ]
      ]
    },
    {
      "corners": [
        [
          164.33160621761658,
          142.20725388601036,
          2
        ],
        [
          183.50259067357513,
          142.20725388601036,
          2
        ],
        [
          180.65284974093262,
          172.25906735751295,
          2
        ],
        [
          160.1865284974093,
          171.22279792746113,
          2
        ]
      ]
    }
  ],
  "unconverted": []
}