{
  "image": "recordings/20260513_115203/img_000237.png",
  "image_width": 324,
  "image_height": 244,
  "gates": [
    {
      "corners": [
        [
          69.77202072538859,
          177.69948186528498,
          2
        ],
        [
          86.61139896373057,
          172.25906735751295,
          2
        ],
        [
          85.57512953367875,
          200.75647668393782,
          2
        ],
        [
          66.4041450777202,
          217.0777202072539,
          2
        ]
      ]
    },
    {
      "corners": [
        [
          219.68911917098447,
          120.96373056994818,
          2
        ],
        [
          323.57512953367876,
          77.69948186528497,
          0
        ],
        [
          323.57512953367876,
          244.0,
          0
        ],
        [
          209.58549222797927,
          243.76165803108807,
          0
        ]
      ]
    }
  ],
  "unconverted": []
}