{
  "image": "recordings/20260513_115203/img_000075.png",
  "image_width": 324,
  "image_height": 244,
  "gates": [
    {
      "corners": [
        [
          205.2642487046632,
          172.77720207253887,
          2
        ],
        [
          210.96373056994818,
          177.440414507772,
          2
        ],
        [
          210.70466321243524,
          212.41450777202073,
          2
        ],
        [
          204.22797927461139,
          212.93264248704662,
          2
        ]
      ]
    }
  ],
  "unconverted": []
}