{
  "image": "recordings/20260513_115203/img_000868.png",
  "image_width": 324,
  "image_height": 244,
  "gates": [
    {
      "corners": [
        [
          90.75647668393782,
          113.96891191709844,
          2
        ],
        [
          137.64766839378237,
          130.8082901554404,
          2
        ],
        [
          131.68911917098444,
          224.59067357512953,
          2
        ],
        [
          87.95343696027629,
          244.0,
          0
        ]
      ]
    }
  ],
  "unconverted": []
}