{
  "image": "recordings/20260513_115203/img_000578.png",
  "image_width": 324,
  "image_height": 244,
  "gates": [],
  "unconverted": [
    [
      [
        67.69948186528497,
        126.66321243523316
      ],
      [
        87.64766839378237,
        129.7720207253886
      ],
      [
        87.12953367875646,
        158.0103626943005
      ],
      [
        65.8860103626943,
        156.9740932642487
      ]
    ],
    [
      [
        147.23316062176164,
        149.97927461139895
      ],
      [
        174.95336787564767,
        151.01554404145077
      ],
      [
        172.88082901554404,
        192.4663212435233
      ],
      [
        147.49222797927462,
        191.4300518134715
      ]
    ],
    [
      [
        147.92746113989637,
        77.69948186528497
      ],
      [
        248.60120840720913,
        0.0
      ],
      [
        323.05699481865287,
        0.49740932642485985
      ],
      [
        323.57512953367876,
        229.2538860103627
      ],
      [
        151.8134715025907,
        224.84974093264248
      ]
    ]
  ]
}