{
  "image": "recordings/20260513_115203/img_000510.png",
  "image_width": 324,
  "image_height": 244,
  "gates": [
    {
      "corners": [
        [
          139.720207253886,
          165.78238341968913,
          2
        ],
        [
          162.77720207253884,
          169.40932642487047,
          2
        ],
        [
          153.96891191709844,
          197.90673575129534,
          2
        ],
        [
          131.9481865284974,
          196.87046632124353,
          2
        ]
      ]
    },
    {
      "corners": [
        [
          59.668393782383404,
          100.23834196891191,
          2
        ],
        [
          81.68911917098444,
          103.86528497409326,
          2
        ],
        [
          78.83937823834196,
          130.8082901554404,
          2
        ],
        [
          56.55958549222797,
          130.54922279792746,
          2
        ]
      ]
    }
  ],
  "unconverted": []
}