{
  "image": "recordings/20260513_115203/img_000038.png",
  "image_width": 324,
  "image_height": 244,
  "gates": [
    {
      "corners": [
        [
          0.08290155440412761,
          24.072538860103617,
          0
        ],
        [
          174.6943005181347,
          130.03108808290156,
          2
        ],
        [
          170.03108808290153,
          215.2642487046632,
          2
        ],
        [
          0.08290155440412761,
          216.55958549222797,
          0
        ]
      ]
    }
  ],
  "unconverted": []
}