{
  "image": "recordings/20260513_115203/img_000300.png",
  "image_width": 324,
  "image_height": 244,
  "gates": [
    {
      "corners": [
        [
          219.7720207253886,
          64.2279792746114,
          2
        ],
        [
          245.93782383419688,
          66.55958549222797,
          2
        ],
        [
          246.45595854922277,
          90.13471502590673,
          2
        ],
        [
          220.03108808290156,
          89.09844559585491,
          2
        ]
      ]
    },
    {
      "corners": [
        [
          158.89119170984455,
          100.75647668393782,
          2
        ],
        [
          163.03626943005182,
          104.64248704663213,
          2
        ],
        [
          163.29533678756476,
          121.48186528497409,
          2
        ],
        [
          158.6321243523316,
          118.6321243523316,
          2
        ]
      ]
    },
    {
      "corners": [
        [
          256.7357512953368,
          16.559585492227967,
          2
        ],
        [
          321.5025906735751,
          4.642487046632113,
          0
        ],
        [
          323.57512953367876,
          52.31088082901554,
          0
        ],
        [
          261.139896373057,
          59.823834196891184,
          2
        ]
      ]
    }
  ],
  "unconverted": []
}