{
  "image": "recordings/20260513_115203/img_000482.png",
  "image_width": 324,
  "image_height": 244,
  "gates": [
    {
      "corners": [
        [
          211.48186528497408,
          152.5699481865285,
          2
        ],
        [
          296.45595854922277,
          155.41968911917098,
          2
        ],
        [
          286.3523316062176,
          238.58031088082902,
          2
        ],
        [
          205.52331606217615,
          231.58549222797927,
          2
        ]
      ]
    },
    {
      "corners": [
        [
          102.41450777202071,
          147.64766839378237,
          2
        ],
        [
          122.62176165803109,
          149.97927461139895,
          2
        ],
        [
          118.21761658031087,
          184.95336787564767,
          2
        ],
        [
          97.75129533678755,
          187.80310880829015,
          2
        ]
      ]
    }
  ],
  "unconverted": []
}