{
  "image": "recordings/20260513_115203/img_000126.png",
  "image_width": 324,
  "image_height": 244,
  "gates": [
    {
      "corners": [
        [
          10.18652849740931,
          129.7720207253886,
          2
        ],
        [
          35.05699481865284,
          137.02590673575128,
          2
        ],
        [
          31.170984455958536,
          174.33160621761658,
          2
        ],
        [
          4.227979274611382,
          172.5181347150259,
          2
        ]
      ]
    },
    {
      "corners": [
        [
          152.67357512953367,
          176.66321243523316,
          2
        ],
        [
          161.74093264248702,
          177.18134715025906,
          2
        ],
        [
          160.70466321243524,
          216.30051813471502,
          2
        ],
        [
          153.96891191709844,
          216.30051813471502,
          2
        ]
      ]
    },
    {
      "corners": [
        [
          280.65284974093265,
          160.60103626943004,
          2
        ],
        [
          323.6580310880829,
          158.0103626943005,
          0
        ],
        [
          323.6580310880829,
          240.9119170984456,
          0
        ],
        [
          288.1658031088083,
          241.94818652849742,
          0
        ]
      ]
    }
  ],
  "unconverted": []
}