{
  "image": "recordings/20260513_115203/img_001153.png",
  "image_width": 324,
  "image_height": 244,
  "gates": [
    {
      "corners": [
        [
          256.559585492228,
          157.23316062176164,
          2
        ],
        [
          288.94300518134713,
          157.49222797927462,
          2
        ],
        [
          286.61139896373055,
          185.21243523316062,
          2
        ],
        [
          254.7461139896373,
          186.24870466321244,
          2
        ]
      ]
    },
    {
      "corners": [
        [
          201.8963730569948,
          144.279792746114,
          2
        ],
        [
          215.3678756476684,
          145.8341968911917,
          2
        ],
        [
          215.62694300518135,
          165.2642487046632,
          2
        ],
        [
          201.3782383419689,
          164.48704663212436,
          2
        ]
      ]
    }
  ],
  "unconverted": []
}