{
  "image": "recordings/20260513_115203/img_001050.png",
  "image_width": 324,
  "image_height": 244,
  "gates": [
    {
      "corners": [
        [
          152.15544041450775,
          97.90673575129533,
          2
        ],
        [
          186.87046632124353,
          84.95336787564766,
          2
        ],
        [
          182.20725388601036,
          168.1139896373057,
          2
        ],
        [
          146.71502590673575,
          166.04145077720207,
          2
        ]
      ]
    },
    {
      "corners": [
        [
          152.41450777202073,
          114.2279792746114,
          2
        ],
        [
          172.36269430051811,
          112.67357512953367,
          2
        ],
        [
          169.7720207253886,
          142.72538860103626,
          2
        ],
        [
          151.11917098445596,
          142.98445595854923,
          2
        ]
      ]
    }
  ],
  "unconverted": []
}