{
  "image": "recordings/20260513_115203/img_001019.png",
  "image_width": 324,
  "image_height": 244,
  "gates": [
    {
      "corners": [
        [
          154.7461139896373,
          118.6321243523316,
          2
        ],
        [
          193.86528497409327,
          104.90155440414507,
          2
        ],
        [
          186.3523316062176,
          196.87046632124353,
          2
        ],
        [
          146.4559585492228,
          192.4663212435233,
          2
        ]
      ]
    },
    {
      "corners": [
        [
          156.30051813471502,
          135.7305699481865,
          2
        ],
        [
          175.7305699481865,
          134.95336787564767,
          2
        ],
        [
          172.6217616580311,
          165.00518134715026,
          2
        ],
        [
          151.8963730569948,
          165.00518134715026,
          2
        ]
      ]
    }
  ],
  "unconverted": []
}