{
  "image": "recordings/20260513_115203/img_001295.png",
  "image_width": 324,
  "image_height": 244,
  "gates": [
    {
      "corners": [
        [
          206.04145077720207,
          112.67357512953367,
          2
        ],
        [
          255.7823834196891,
          120.44559585492227,
          2
        ],
        [
          244.1243523316062,
          170.70466321243524,
          2
        ],
        [
          194.6424870466321,
          159.56476683937822,
          2
        ]
      ]
    },
    {
      "corners": [
        [
          141.2746113989637,
          140.9119170984456,
          2
        ],
        [
          158.37305699481865,
          143.24352331606218,
          2
        ],
        [
          155.2642487046632,
          167.59585492227978,
          2
        ],
        [
          138.42487046632124,
          167.33678756476684,
          2
        ]
      ]
    },
    {
      "corners": [
        [
          116.83937823834198,
          72.25906735751295,
          2
        ],
        [
          323.05699481865287,
          0.7564766839378134,
          0
        ],
        [
          323.05699481865287,
          196.09326424870466,
          0
        ],
        [
          105.95854922279793,
          200.49740932642487,
          2
        ]
      ]
    }
  ],
  "unconverted": []
}