{
  "image": "recordings/20260513_115203/img_000223.png",
  "image_width": 324,
  "image_height": 244,
  "gates": [
    {
      "corners": [
        [
          138.1658031088083,
          157.49222797927462,
          2
        ],
        [
          141.53367875647666,
          166.04145077720207,
          2
        ],
        [
          135.05699481865284,
          202.82901554404145,
          2
        ],
        [
          129.0984455958549,
          203.34715025906735,
          2
        ]
      ]
    }
  ],
  "unconverted": []
}