{
  "image": "recordings/20260513_115203/img_000820.png",
  "image_width": 324,
  "image_height": 244,
  "gates": [
    {
      "corners": [
        [
          129.35751295336786,
          135.47150259067357,
          2
        ],
        [
          176.24870466321244,
          123.81347150259067,
          2
        ],
        [
          183.50259067357513,
          206.71502590673575,
          2
        ],
        [
          134.7979274611399,
          191.4300518134715,
          2
        ]
      ]
    },
    {
      "corners": [
        [
          151.63730569948186,
          152.5699481865285,
          2
        ],
        [
          165.10880829015542,
          151.79274611398964,
          2
        ],
        [
          165.10880829015542,
          168.1139896373057,
          2
        ],
        [
          152.41450777202073,
          171.74093264248705,
          2
        ]
      ]
    },
    {
      "corners": [
        [
          194.559585492228,
          126.14507772020725,
          2
        ],
        [
          217.3575129533679,
          125.62694300518135,
          2
        ],
        [
          217.09844559585494,
          159.04663212435233,
          2
        ],
        [
          195.5958549222798,
          158.26943005181346,
          2
        ]
      ]
    }
  ],
  "unconverted": []
}