{
  "image": "recordings/20260513_115203/img_000718.png",
  "image_width": 324,
  "image_height": 244,
  "gates": [
    {
      "corners": [
        [
          76.16580310880829,
          23.554404145077708,
          2
        ],
        [
          244.559585492228,
          45.8341968911917,
          2
        ],
        [
          238.86010362694302,
          217.33678756476684,
          2
        ],
        [
          53.626943005181346,
          216.04145077720207,
          2
        ]
      ]
    }
  ],
  "unconverted": []
}