{
  "image": "recordings/20260513_115203/img_000131.png",
  "image_width": 324,
  "image_height": 244,
  "gates": [
    {
      "corners": [
        [
          278.83937823834196,
          160.3419689119171,
          2
        ],
        [
          324.0,
          158.80240226095148,
          0
        ],
        [
          324.0,
          244.0,
          0
        ],
        [
          287.90673575129534,
          243.76165803108807,
          0
        ]
      ]
    },
    {
      "corners": [
        [
          121.3264248704663,
          176.9222797927461,
          2
        ],
        [
          143.0880829015544,
          180.8082901554404,
          2
        ],
        [
          140.49740932642487,
          222.77720207253887,
          2
        ],
        [
          120.03108808290153,
          225.3678756476684,
          2
        ]
      ]
    }
  ],
  "unconverted": []
}