{
  "image": "recordings/20260513_115203/img_000540.png",
  "image_width": 324,
  "image_height": 244,
  "gates": [
    {
      "corners": [
        [
          96.45595854922279,
          69.66839378238342,
          2
        ],
        [
          122.10362694300517,
          78.73575129533678,
          2
        ],
        [
          120.8082901554404,
          115.00518134715026,
          2
        ],
        [
          93.34715025906735,
          108.52849740932642,
          2
        ]
      ]
    },
    {
      "corners": [
        [
          0.2590673575129534,
          52.56994818652849,
          0
        ],
        [
          13.989637305699482,
          59.04663212435233,
          2
        ],
        [
          9.326424870466322,
          88.580310880829,
          2
        ],
        [
          0.2590673575129534,
          86.50777202072538,
          0
        ]
      ]
    }
  ],
  "unconverted": [
    [
      [
        172.02072538860105,
        0.7564766839378134
      ],
      [
        226.94300518134716,
        0.23834196891190657
      ],
      [
        174.09326424870466,
        17.59585492227978
      ]
    ]
  ]
}