{
  "image": "recordings/20260513_115203/img_000917.png",
  "image_width": 324,
  "image_height": 244,
  "gates": [
    {
      "corners": [
        [
          179.87564766839378,
          128.7357512953368,
          2
        ],
        [
          195.93782383419688,
          155.16062176165804,
          2
        ],
        [
          174.95336787564767,
          212.93264248704662,
          2
        ],
        [
          142.82901554404145,
          221.74093264248705,
          2
        ]
      ]
    }
  ],
  "unconverted": [
    [
      [
        0.5181347150259068,
        49.202072538860094
      ],
      [
        21.243523316062177,
        68.6321243523316
      ],
      [
        0.0,
        115.52331606217616
      ]
    ]
  ]
}