{
  "image": "recordings/20260513_115203/img_000384.png",
  "image_width": 324,
  "image_height": 244,
  "gates": [],
  "unconverted": [
    [
      [
        151.63730569948186,
        118.6321243523316
      ],
      [
        200.60103626943004,
        114.48704663212435
      ],
      [
        205.00518134715026,
        164.48704663212436
      ],
      [
        153.45077720207254,
        167.85492227979273
      ]
    ],
    [
      [
        85.23316062176166,
        51.015544041450774
      ],
      [
        180.82901554404145,
        0.49740932642485985
      ],
      [
        323.57512953367876,
        0.23834196891190657
      ],
      [
        323.3160621761658,
        196.61139896373058
      ],
      [
        109.06735751295336,
        199.97927461139895
      ]
    ]
  ]
}