{
  "image": "recordings/20260513_115203/img_001164.png",
  "image_width": 324,
  "image_height": 244,
  "gates": [
    {
      "corners": [
        [
          233.24352331606218,
          154.38341968911917,
          2
        ],
        [
          262.0,
          154.6424870466321,
          2
        ],
        [
          260.44559585492226,
          180.54922279792746,
          2
        ],
        [
          231.17098445595855,
          180.8082901554404,
          2
        ]
      ]
    },
    {
      "corners": [
        [
          180.13471502590673,
          141.4300518134715,
          2
        ],
        [
          193.86528497409327,
          142.4663212435233,
          2
        ],
        [
          193.6062176165803,
          160.86010362694302,
          2
        ],
        [
          180.39378238341968,
          160.60103626943004,
          2
        ]
      ]
    }
  ],
  "unconverted": []
}