{
  "image": "recordings/20260513_115203/img_000802.png",
  "image_width": 324,
  "image_height": 244,
  "gates": [
    {
      "corners": [
        [
          198.5284974093264,
          86.24870466321244,
          2
        ],
        [
          322.3626943005181,
          65.52331606217616,
          0
        ],
        [
          301.6373056994819,
          191.94818652849742,
          2
        ],
        [
          194.12435233160622,
          161.8963730569948,
          2
        ]
      ]
    },
    {
      "corners": [
        [
          233.24352331606218,
          98.16580310880829,
          2
        ],
        [
          272.10362694300517,
          101.53367875647668,
          2
        ],
        [
          263.29533678756474,
          139.61658031088083,
          2
        ],
        [
          225.7305699481865,
          133.6580310880829,
          2
        ]
      ]
    },
    {
      "corners": [
        [
          175.6476683937824,
          125.8860103626943,
          2
        ],
        [
          183.41968911917098,
          126.4041450777202,
          2
        ],
        [
          182.64248704663214,
          146.3523316062176,
          2
        ],
        [
          174.09326424870466,
          146.61139896373058,
          2
        ]
      ]
    }
  ],
  "unconverted": []
}