{
  "image": "recordings/20260513_115203/img_000842.png",
  "image_width": 324,
  "image_height": 244,
  "gates": [
    {
      "corners": [
        [
          135.57512953367873,
          70.18652849740933,
          2
        ],
        [
          172.36269430051811,
          98.16580310880829,
          2
        ],
        [
          166.14507772020724,
          196.3523316062176,
          2
        ],
        [
          128.58031088082902,
          219.92746113989637,
          2
        ]
      ]
    }
  ],
  "unconverted": []
}