{
  "image": "recordings/20260513_115203/img_000745.png",
  "image_width": 324,
  "image_height": 244,
  "gates": [
    {
      "corners": [
        [
          222.36269430051811,
          111.11917098445595,
          2
        ],
        [
          293.86528497409324,
          117.33678756476684,
          2
        ],
        [
          286.09326424870466,
          174.59067357512953,
          2
        ],
        [
          215.8860103626943,
          165.78238341968913,
          2
        ]
      ]
    },
    {
      "corners": [
        [
          173.91709844559585,
          112.15544041450777,
          2
        ],
        [
          198.78756476683938,
          118.37305699481865,
          2
        ],
        [
          195.16062176165804,
          145.05699481865284,
          2
        ],
        [
          169.51295336787564,
          139.87564766839378,
          2
        ]
      ]
    },
    {
      "corners": [
        [
          100.08290155440413,
          128.7357512953368,
          2
        ],
        [
          106.81865284974093,
          129.7720207253886,
          2
        ],
        [
          106.04145077720206,
          149.97927461139895,
          2
        ],
        [
          98.26943005181346,
          150.23834196891193,
          2
        ]
      ]
    }
  ],
  "unconverted": []
}