{
  "image": "recordings/20260513_115203/img_000963.png",
  "image_width": 324,
  "image_height": 244,
  "gates": [
    {
      "corners": [
        [
          153.7098445595855,
          135.9896373056995,
          2
        ],
        [
          168.99481865284974,
          138.32124352331607,
          2
        ],
        [
          168.21761658031087,
          178.47668393782382,
          2
        ],
        [
          153.19170984455957,
          185.7305699481865,
          2
        ]
      ]
    }
  ],
  "unconverted": []
}