{
  "image": "recordings/20260513_115203/img_000061.png",
  "image_width": 324,
  "image_height": 244,
  "gates": [
    {
      "corners": [
        [
          42.31088082901553,
          82.88082901554404,
          2
        ],
        [
          56.04145077720206,
          95.05699481865284,
          2
        ],
        [
          53.19170984455957,
          135.9896373056995,
          2
        ],
        [
          39.72020725388599,
          131.06735751295335,
          2
        ]
      ]
    },
    {
      "corners": [
        [
          171.32642487046633,
          142.4663212435233,
          2
        ],
        [
          174.95336787564767,
          144.279792746114,
          2
        ],
        [
          174.6943005181347,
          173.5544041450777,
          2
        ],
        [
          171.06735751295335,
          174.07253886010363,
          2
        ]
      ]
    },
    {
      "corners": [
        [
          286.8704663212435,
          130.54922279792746,
          2
        ],
        [
          315.36787564766837,
          130.8082901554404,
          2
        ],
        [
          318.99481865284974,
          170.96373056994818,
          2
        ],
        [
          289.979274611399,
          173.81347150259066,
          2
        ]
      ]
    }
  ],
  "unconverted": []
}