{
  "image": "recordings/20260513_115203/img_000968.png",
  "image_width": 324,
  "image_height": 244,
  "gates": [
    {
      "corners": [
        [
          160.1865284974093,
          137.5440414507772,
          2
        ],
        [
          174.6943005181347,
          140.13471502590673,
          2
        ],
        [
          172.36269430051811,
          180.03108808290156,
          2
        ],
        [
          158.37305699481865,
          186.50777202072538,
          2
        ]
      ]
    }
  ],
  "unconverted": []
}