{
  "image": "recordings/20260513_115203/img_000784.png",
  "image_width": 324,
  "image_height": 244,
  "gates": [
    {
      "corners": [
        [
          214.59067357512953,
          117.07772020725388,
          2
        ],
        [
          255.2642487046632,
          119.92746113989637,
          2
        ],
        [
          252.67357512953367,
          154.6424870466321,
          2
        ],
        [
          211.74093264248705,
          153.86528497409327,
          2
        ]
      ]
    },
    {
      "corners": [
        [
          160.70466321243524,
          115.00518134715026,
          2
        ],
        [
          179.35751295336786,
          119.15025906735751,
          2
        ],
        [
          179.0984455958549,
          140.39378238341968,
          2
        ],
        [
          160.44559585492226,
          138.32124352331607,
          2
        ]
      ]
    }
  ],
  "unconverted": []
}