{
  "image": "recordings/20260513_115203/img_000481.png",
  "image_width": 324,
  "image_height": 244,
  "gates": [
    {
      "corners": [
        [
          166.14507772020724,
          152.05181347150258,
          2
        ],
        [
          186.09326424870466,
          152.05181347150258,
          2
        ],
        [
          184.53886010362694,
          188.32124352331607,
          2
        ],
        [
          165.3678756476684,
          190.39378238341968,
          2
        ]
      ]
    },
    {
      "corners": [
        [
          286.52849740932646,
          143.50259067357513,
          2
        ],
        [
          323.57512953367876,
          142.4663212435233,
          0
        ],
        [
          323.3160621761658,
          240.9119170984456,
          0
        ],
        [
          284.1968911917099,
          235.9896373056995,
          2
        ]
      ]
    },
    {
      "corners": [
        [
          55.18134715025907,
          117.59585492227978,
          2
        ],
        [
          76.94300518134715,
          120.18652849740933,
          2
        ],
        [
          76.42487046632125,
          154.12435233160622,
          2
        ],
        [
          70.98445595854922,
          153.34715025906735,
          2
        ]
      ]
    }
  ],
  "unconverted": []
}