{
  "image": "recordings/20260513_115203/img_000120.png",
  "image_width": 324,
  "image_height": 244,
  "gates": [
    {
      "corners": [
        [
          175.21243523316062,
          163.7098445595855,
          2
        ],
        [
          187.90673575129532,
          164.7461139896373,
          2
        ],
        [
          186.61139896373055,
          194.279792746114,
          2
        ],
        [
          172.88082901554404,
          194.279792746114,
          2
        ]
      ]
    },
    {
      "corners": [
        [
          72.88082901554402,
          125.62694300518135,
          2
        ],
        [
          88.16580310880828,
          130.54922279792746,
          2
        ],
        [
          86.61139896373057,
          159.04663212435233,
          2
        ],
        [
          70.54922279792746,
          158.0103626943005,
          2
        ]
      ]
    },
    {
      "corners": [
        [
          221.84455958549222,
          0.23834196891190657,
          0
        ],
        [
          324.0,
          0.23834196891190657,
          0
        ],
        [
          322.88082901554407,
          154.6424870466321,
          0
        ],
        [
          214.07253886010363,
          163.45077720207254,
          2
        ]
      ]
    }
  ],
  "unconverted": []
}