{
  "image": "recordings/20260513_115203/img_000835.png",
  "image_width": 324,
  "image_height": 244,
  "gates": [
    {
      "corners": [
        [
          207.85492227979273,
          111.89637305699482,
          2
        ],
        [
          222.6217616580311,
          119.66839378238342,
          2
        ],
        [
          223.6580310880829,
          184.95336787564767,
          2
        ],
        [
          210.1865284974093,
          194.53886010362694,
          2
        ]
      ]
    }
  ],
  "unconverted": []
}