{
  "image": "recordings/20260513_115203/img_000163.png",
  "image_width": 324,
  "image_height": 244,
  "gates": [
    {
      "corners": [
        [
          214.33160621761658,
          184.43523316062175,
          2
        ],
        [
          251.11917098445593,
          188.58031088082902,
          2
        ],
        [
          244.9015544041451,
          242.4663212435233,
          0
        ],
        [
          208.37305699481865,
          234.69430051813472,
          2
        ]
      ]
    },
    {
      "corners": [
        [
          156.04145077720207,
          181.32642487046633,
          2
        ],
        [
          324.0,
          161.2023590649698,
          0
        ],
        [
          323.65811666618475,
          244.0,
          0
        ],
        [
          150.08290155440415,
          243.76165803108807,
          0
        ]
      ]
    },
    {
      "corners": [
        [
          144.38341968911917,
          148.94300518134716,
          2
        ],
        [
          152.41450777202073,
          149.2020725388601,
          2
        ],
        [
          149.04663212435233,
          176.14507772020724,
          2
        ],
        [
          141.79274611398964,
          176.9222797927461,
          2
        ]
      ]
    }
  ],
  "unconverted": []
}