{
  "image": "recordings/20260513_115203/img_001064.png",
  "image_width": 324,
  "image_height": 244,
  "gates": [
    {
      "corners": [
        [
          152.93264248704662,
          107.4922279792746,
          2
        ],
        [
          181.68911917098444,
          89.61658031088082,
          2
        ],
        [
          170.8082901554404,
          187.28497409326425,
          2
        ],
        [
          143.0880829015544,
          179.2538860103627,
          2
        ]
      ]
    },
    {
      "corners": [
        [
          171.50259067357513,
          119.92746113989637,
          2
        ],
        [
          178.49740932642487,
          119.66839378238342,
          2
        ],
        [
          174.87046632124353,
          150.23834196891193,
          2
        ],
        [
          168.9119170984456,
          150.23834196891193,
          2
        ]
      ]
    }
  ],
  "unconverted": []
}