{
  "image": "recordings/20260513_115203/img_000807.png",
  "image_width": 324,
  "image_height": 244,
  "gates": [
    {
      "corners": [
        [
          200.60103626943004,
          108.26943005181347,
          2
        ],
        [
          321.3264248704663,
          78.73575129533678,
          0
        ],
        [
          316.9222797927461,
          207.49222797927462,
          2
        ],
        [
          200.08290155440415,
          185.7305699481865,
          2
        ]
      ]
    },
    {
      "corners": [
        [
          235.05699481865284,
          120.96373056994818,
          2
        ],
        [
          274.1761658031088,
          120.70466321243524,
          2
        ],
        [
          270.5492227979275,
          160.08290155440415,
          2
        ],
        [
          231.17098445595855,
          156.4559585492228,
          2
        ]
      ]
    },
    {
      "corners": [
        [
          180.31088082901556,
          149.720207253886,
          2
        ],
        [
          186.52849740932643,
          149.720207253886,
          2
        ],
        [
          186.2694300518135,
          171.22279792746113,
          2
        ],
        [
          179.27461139896374,
          171.48186528497408,
          2
        ]
      ]
    }
  ],
  "unconverted": []
}