{
  "image": "recordings/20260513_115203/img_000321.png",
  "image_width": 324,
  "image_height": 244,
  "gates": [
    {
      "corners": [
        [
          151.8963730569948,
          94.27979274611398,
          2
        ],
        [
          208.6321243523316,
          96.87046632124351,
          2
        ],
        [
          207.33678756476684,
          143.50259067357513,
          2
        ],
        [
          151.8963730569948,
          141.4300518134715,
          2
        ]
      ]
    },
    {
      "corners": [
        [
          41.01554404145077,
          126.66321243523316,
          2
        ],
        [
          48.26943005181346,
          128.99481865284974,
          2
        ],
        [
          48.78756476683937,
          152.05181347150258,
          2
        ],
        [
          40.49740932642486,
          152.05181347150258,
          2
        ]
      ]
    },
    {
      "corners": [
        [
          114.24870466321244,
          104.90155440414507,
          2
        ],
        [
          140.15544041450778,
          111.11917098445595,
          2
        ],
        [
          139.89637305699483,
          135.7305699481865,
          2
        ],
        [
          112.69430051813472,
          132.10362694300517,
          2
        ]
      ]
    }
  ],
  "unconverted": []
}