{
  "image": "recordings/20260513_115203/img_000018.png",
  "image_width": 324,
  "image_height": 244,
  "gates": [
    {
      "corners": [
        [
          192.05181347150258,
          133.13989637305698,
          2
        ],
        [
          249.56476683937825,
          140.39378238341968,
          2
        ],
        [
          245.67875647668393,
          168.1139896373057,
          2
        ],
        [
          186.87046632124353,
          167.59585492227978,
          2
        ]
      ]
    }
  ],
  "unconverted": []
}