{
  "image": "recordings/20260513_115203/img_001157.png",
  "image_width": 324,
  "image_height": 244,
  "gates": [
    {
      "corners": [
        [
          266.14507772020727,
          160.08290155440415,
          2
        ],
        [
          299.8238341968912,
          160.08290155440415,
          2
        ],
        [
          298.78756476683935,
          189.61658031088083,
          2
        ],
        [
          265.1088082901554,
          190.65284974093265,
          2
        ]
      ]
    },
    {
      "corners": [
        [
          209.1502590673575,
          149.2020725388601,
          2
        ],
        [
          223.6580310880829,
          150.75647668393782,
          2
        ],
        [
          223.39896373056993,
          169.15025906735752,
          2
        ],
        [
          209.1502590673575,
          169.40932642487047,
          2
        ]
      ]
    }
  ],
  "unconverted": []
}