{
  "image": "recordings/20260513_115203/img_000024.png",
  "image_width": 324,
  "image_height": 244,
  "gates": [
    {
      "corners": [
        [
          39.72020725388599,
          139.0984455958549,
          2
        ],
        [
          109.40932642487046,
          152.5699481865285,
          2
        ],
        [
          102.93264248704662,
          216.55958549222797,
          2
        ],
        [
          25.989637305699464,
          214.7461139896373,
          2
        ]
      ]
    }
  ],
  "unconverted": []
}