{
  "image": "recordings/20260513_115203/img_000149.png",
  "image_width": 324,
  "image_height": 244,
  "gates": [
    {
      "corners": [
        [
          176.24870466321244,
          139.0984455958549,
          2
        ],
        [
          199.8238341968912,
          139.87564766839378,
          2
        ],
        [
          199.56476683937822,
          174.07253886010363,
          2
        ],
        [
          174.6943005181347,
          174.07253886010363,
          2
        ]
      ]
    },
    {
      "corners": [
        [
          284.020725388601,
          177.440414507772,
          2
        ],
        [
          313.8134715025907,
          178.21761658031087,
          2
        ],
        [
          311.74093264248705,
          244.0,
          0
        ],
        [
          279.35751295336786,
          243.50259067357513,
          0
        ]
      ]
    }
  ],
  "unconverted": []
}