{
  "image": "recordings/20260513_115203/img_001249.png",
  "image_width": 324,
  "image_height": 244,
  "gates": [
    {
      "corners": [
        [
          249.8238341968912,
          144.53886010362694,
          2
        ],
        [
          255.00518134715026,
          144.279792746114,
          2
        ],
        [
          257.33678756476684,
          169.15025906735752,
          2
        ],
        [
          251.63730569948189,
          172.0,
          2
        ]
      ]
    },
    {
      "corners": [
        [
          152.33160621761658,
          126.92227979274611,
          2
        ],
        [
          158.80829015544043,
          128.21761658031087,
          2
        ],
        [
          163.21243523316062,
          155.41968911917098,
          2
        ],
        [
          156.47668393782385,
          155.93782383419688,
          2
        ]
      ]
    }
  ],
  "unconverted": []
}