{
  "image": "recordings/20260513_115203/img_001278.png",
  "image_width": 324,
  "image_height": 244,
  "gates": [
    {
      "corners": [
        [
          163.03626943005182,
          117.85492227979275,
          2
        ],
        [
          216.9222797927461,
          120.96373056994818,
          2
        ],
        [
          207.0777202072539,
          183.6580310880829,
          2
        ],
        [
          155.2642487046632,
          173.03626943005182,
          2
        ]
      ]
    },
    {
      "corners": [
        [
          120.03108808290153,
          151.5336787564767,
          2
        ],
        [
          140.75647668393782,
          152.5699481865285,
          2
        ],
        [
          140.2383419689119,
          177.69948186528498,
          2
        ],
        [
          118.99481865284974,
          180.2901554404145,
          2
        ]
      ]
    },
    {
      "corners": [
        [
          24.6943005181347,
          144.7979274611399,
          2
        ],
        [
          31.94818652849739,
          145.57512953367876,
          2
        ],
        [
          30.13471502590672,
          174.33160621761658,
          2
        ],
        [
          22.621761658031073,
          176.9222797927461,
          2
        ]
      ]
    }
  ],
  "unconverted": []
}