{
  "image": "recordings/20260513_115203/img_000335.png",
  "image_width": 324,
  "image_height": 244,
  "gates": [
    {
      "corners": [
        [
          158.6321243523316,
          123.81347150259067,
          2
        ],
        [
          220.2901554404145,
          129.51295336787564,
          2
        ],
        [
          219.7720207253886,
          178.7357512953368,
          2
        ],
        [
          155.7823834196891,
          176.66321243523316,
          2
        ]
      ]
    },
    {
      "corners": [
        [
          36.352331606217604,
          151.2746113989637,
          2
        ],
        [
          44.90155440414506,
          153.86528497409327,
          2
        ],
        [
          42.56994818652848,
          177.95854922279793,
          2
        ],
        [
          32.72538860103626,
          178.47668393782382,
          2
        ]
      ]
    },
    {
      "corners": [
        [
          115.5440414507772,
          133.13989637305698,
          2
        ],
        [
          141.1917098445596,
          138.83937823834196,
          2
        ],
        [
          138.3419689119171,
          165.78238341968913,
          2
        ],
        [
          112.17616580310882,
          161.8963730569948,
          2
        ]
      ]
    }
  ],
  "unconverted": []
}