{
  "image": "recordings/20260513_115203/img_001023.png",
  "image_width": 324,
  "image_height": 244,
  "gates": [
    {
      "corners": [
        [
          135.05699481865284,
          111.37823834196891,
          2
        ],
        [
          173.39896373056993,
          98.94300518134715,
          2
        ],
        [
          164.0725388601036,
          192.20725388601036,
          2
        ],
        [
          125.98963730569946,
          185.7305699481865,
          2
        ]
      ]
    },
    {
      "corners": [
        [
          137.38860103626942,
          124.07253886010362,
          2
        ],
        [
          157.85492227979273,
          124.07253886010362,
          2
        ],
        [
          154.48704663212433,
          154.12435233160622,
          2
        ],
        [
          134.53886010362694,
          153.34715025906735,
          2
        ]
      ]
    }
  ],
  "unconverted": []
}