{
  "image": "recordings/20260513_115203/img_000459.png",
  "image_width": 324,
  "image_height": 244,
  "gates": [
    {
      "corners": [
        [
          0.2590673575129534,
          170.96373056994818,
          0
        ],
        [
          61.139896373057,
          165.2642487046632,
          2
        ],
        [
          68.13471502590674,
          220.70466321243524,
          2
        ],
        [
          4.460794473229669,
          244.0,
          0
        ]
      ]
    }
  ],
  "unconverted": []
}