{
  "image": "recordings/20260513_115203/img_000770.png",
  "image_width": 324,
  "image_height": 244,
  "gates": [
    {
      "corners": [
        [
          251.11917098445593,
          106.19689119170984,
          2
        ],
        [
          301.11917098445593,
          108.01036269430051,
          2
        ],
        [
          298.78756476683935,
          148.94300518134716,
          2
        ],
        [
          249.8238341968912,
          147.38860103626942,
          2
        ]
      ]
    },
    {
      "corners": [
        [
          197.49222797927462,
          109.56476683937824,
          2
        ],
        [
          216.66321243523316,
          112.15544041450777,
          2
        ],
        [
          216.14507772020724,
          135.21243523316062,
          2
        ],
        [
          195.67875647668393,
          133.91709844559585,
          2
        ]
      ]
    }
  ],
  "unconverted": []
}