{
  "image": "recordings/20260513_115203/img_000200.png",
  "image_width": 324,
  "image_height": 244,
  "gates": [],
  "unconverted": [
    [
      [
        322.62176165803106,
        106.4559585492228
      ],
      [
        324.0,
        106.4559585492228
      ],
      [
        324.0,
        181.32642487046633
      ],
      [
        317.18134715025906,
        180.54922279792746
      ]
    ]
  ]
}