{
  "image": "recordings/20260513_115203/img_001145.png",
  "image_width": 324,
  "image_height": 244,
  "gates": [
    {
      "corners": [
        [
          195.93782383419688,
          132.10362694300517,
          2
        ],
        [
          222.36269430051811,
          130.03108808290156,
          2
        ],
        [
          223.39896373056993,
          154.6424870466321,
          2
        ],
        [
          196.4559585492228,
          159.56476683937822,
          2
        ]
      ]
    },
    {
      "corners": [
        [
          141.01554404145077,
          126.92227979274611,
          2
        ],
        [
          155.2642487046632,
          127.18134715025906,
          2
        ],
        [
          156.55958549222797,
          144.279792746114,
          2
        ],
        [
          142.31088082901553,
          144.7979274611399,
          2
        ]
      ]
    }
  ],
  "unconverted": []
}