{
  "image": "recordings/20260513_115203/img_000660.png",
  "image_width": 324,
  "image_height": 244,
  "gates": [
    {
      "corners": [
        [
          101.11917098445595,
          156.71502590673575,
          2
        ],
        [
          149.82383419689117,
          149.2020725388601,
          2
        ],
        [
          159.40932642487047,
          224.84974093264248,
          2
        ],
        [
          107.59585492227978,
          230.03108808290156,
          2
        ]
      ]
    }
  ],
  "unconverted": []
}