{
  "image": "recordings/20260513_115203/img_001146.png",
  "image_width": 324,
  "image_height": 244,
  "gates": [
    {
      "corners": [
        [
          194.38341968911917,
          135.47150259067357,
          2
        ],
        [
          222.6217616580311,
          132.6217616580311,
          2
        ],
        [
          222.88082901554404,
          158.26943005181346,
          2
        ],
        [
          195.93782383419688,
          162.67357512953367,
          2
        ]
      ]
    },
    {
      "corners": [
        [
          142.05181347150258,
          128.47668393782382,
          2
        ],
        [
          156.04145077720207,
          128.99481865284974,
          2
        ],
        [
          157.59585492227978,
          148.42487046632124,
          2
        ],
        [
          143.34715025906735,
          148.42487046632124,
          2
        ]
      ]
    }
  ],
  "unconverted": []
}