{
  "image": "recordings/20260513_115203/img_001198.png",
  "image_width": 324,
  "image_height": 244,
  "gates": [
    {
      "corners": [
        [
          23.05699481865285,
          0.49740932642485985,
          0
        ],
        [
          255.95854922279793,
          0.49740932642485985,
          0
        ],
        [
          260.10362694300517,
          223.03626943005182,
          2
        ],
        [
          55.18134715025907,
          232.36269430051814,
          2
        ]
      ]
    }
  ],
  "unconverted": []
}