{
  "image": "recordings/20260513_115203/img_000317.png",
  "image_width": 324,
  "image_height": 244,
  "gates": [
    {
      "corners": [
        [
          226.76683937823833,
          92.98445595854922,
          2
        ],
        [
          292.5699481865285,
          88.32124352331606,
          2
        ],
        [
          294.1243523316062,
          140.65284974093265,
          2
        ],
        [
          228.32124352331604,
          142.98445595854923,
          2
        ]
      ]
    },
    {
      "corners": [
        [
          184.02072538860102,
          110.60103626943005,
          2
        ],
        [
          208.37305699481865,
          112.67357512953367,
          2
        ],
        [
          208.6321243523316,
          137.5440414507772,
          2
        ],
        [
          184.27979274611397,
          136.76683937823833,
          2
        ]
      ]
    },
    {
      "corners": [
        [
          121.84455958549222,
          138.0621761658031,
          2
        ],
        [
          126.76683937823833,
          139.61658031088083,
          2
        ],
        [
          127.02590673575128,
          158.78756476683938,
          2
        ],
        [
          121.84455958549222,
          158.52849740932643,
          2
        ]
      ]
    }
  ],
  "unconverted": []
}