{
  "image": "recordings/20260513_115203/img_000545.png",
  "image_width": 324,
  "image_height": 244,
  "gates": [
    {
      "corners": [
        [
          200.3419689119171,
          43.761658031088075,
          2
        ],
        [
          227.28497409326425,
          48.42487046632124,
          2
        ],
        [
          226.76683937823833,
          89.35751295336787,
          2
        ],
        [
          200.08290155440415,
          86.50777202072538,
          2
        ]
      ]
    },
    {
      "corners": [
        [
          105.78238341968911,
          43.761658031088075,
          2
        ],
        [
          124.6943005181347,
          48.94300518134715,
          2
        ],
        [
          124.95336787564767,
          77.69948186528497,
          2
        ],
        [
          105.00518134715026,
          72.77720207253886,
          2
        ]
      ]
    }
  ],
  "unconverted": []
}