{
  "image": "recordings/20260513_115203/img_000790.png",
  "image_width": 324,
  "image_height": 244,
  "gates": [
    {
      "corners": [
        [
          198.0103626943005,
          119.92746113989637,
          2
        ],
        [
          256.559585492228,
          124.59067357512953,
          2
        ],
        [
          252.15544041450778,
          170.96373056994818,
          2
        ],
        [
          195.41968911917098,
          166.55958549222797,
          2
        ]
      ]
    },
    {
      "corners": [
        [
          160.44559585492226,
          118.37305699481865,
          2
        ],
        [
          185.57512953367876,
          123.0362694300518,
          2
        ],
        [
          182.72538860103626,
          146.87046632124353,
          2
        ],
        [
          158.6321243523316,
          144.279792746114,
          2
        ]
      ]
    },
    {
      "corners": [
        [
          94.38341968911917,
          135.47150259067357,
          2
        ],
        [
          100.34196891191709,
          136.50777202072538,
          2
        ],
        [
          99.30569948186528,
          156.71502590673575,
          2
        ],
        [
          94.1243523316062,
          156.9740932642487,
          2
        ]
      ]
    }
  ],
  "unconverted": []
}