{
  "image": "recordings/20260513_115203/img_001236.png",
  "image_width": 324,
  "image_height": 244,
  "gates": [
    {
      "corners": [
        [
          255.7823834196891,
          148.68393782383419,
          2
        ],
        [
          262.25906735751295,
          149.46113989637306,
          2
        ],
        [
          262.77720207253884,
          174.84974093264248,
          2
        ],
        [
          257.33678756476684,
          176.9222797927461,
          2
        ]
      ]
    },
    {
      "corners": [
        [
          158.89119170984455,
          128.47668393782382,
          2
        ],
        [
          165.62694300518135,
          130.8082901554404,
          2
        ],
        [
          167.69948186528495,
          156.9740932642487,
          2
        ],
        [
          161.74093264248702,
          157.75129533678756,
          2
        ]
      ]
    }
  ],
  "unconverted": []
}