{
  "image": "recordings/20260513_115203/img_000074.png",
  "image_width": 324,
  "image_height": 244,
  "gates": [
    {
      "corners": [
        [
          264.3316062176166,
          139.87564766839378,
          2
        ],
        [
          287.6476683937824,
          141.17098445595855,
          2
        ],
        [
          295.67875647668393,
          179.51295336787564,
          2
        ],
        [
          272.62176165803106,
          182.10362694300517,
          2
        ]
      ]
    },
    {
      "corners": [
        [
          140.2383419689119,
          155.41968911917098,
          2
        ],
        [
          146.4559585492228,
          158.26943005181346,
          2
        ],
        [
          145.67875647668393,
          191.4300518134715,
          2
        ],
        [
          140.75647668393782,
          189.87564766839378,
          2
        ]
      ]
    }
  ],
  "unconverted": []
}