{
  "image": "recordings/20260513_115203/img_000750.png",
  "image_width": 324,
  "image_height": 244,
  "gates": [
    {
      "corners": [
        [
          218.73575129533677,
          129.51295336787564,
          2
        ],
        [
          223.6580310880829,
          130.2901554404145,
          2
        ],
        [
          221.32642487046633,
          151.5336787564767,
          2
        ],
        [
          216.4041450777202,
          152.82901554404145,
          2
        ]
      ]
    },
    {
      "corners": [
        [
          306.47668393782385,
          102.56994818652849,
          2
        ],
        [
          323.05699481865287,
          104.64248704663213,
          0
        ],
        [
          323.05699481865287,
          142.72538860103626,
          0
        ],
        [
          301.03626943005185,
          139.61658031088083,
          2
        ]
      ]
    }
  ],
  "unconverted": []
}