{
  "image": "recordings/20260513_115203/img_000800.png",
  "image_width": 324,
  "image_height": 244,
  "gates": [
    {
      "corners": [
        [
          256.04145077720204,
          90.91191709844558,
          2
        ],
        [
          298.5284974093264,
          90.39378238341969,
          2
        ],
        [
          293.34715025906735,
          130.2901554404145,
          2
        ],
        [
          250.60103626943004,
          126.92227979274611,
          2
        ]
      ]
    },
    {
      "corners": [
        [
          198.26943005181346,
          124.07253886010362,
          2
        ],
        [
          210.1865284974093,
          124.33160621761658,
          2
        ],
        [
          209.1502590673575,
          142.98445595854923,
          2
        ],
        [
          196.9740932642487,
          144.279792746114,
          2
        ]
      ]
    },
    {
      "corners": [
        [
          227.97927461139898,
          80.54922279792746,
          2
        ],
        [
          323.05699481865287,
          58.269430051813465,
          0
        ],
        [
          323.3160621761658,
          173.81347150259066,
          0
        ],
        [
          226.1658031088083,
          157.23316062176164,
          2
        ]
      ]
    }
  ],
  "unconverted": []
}