{
  "image": "recordings/20260513_115203/img_000279.png",
  "image_width": 324,
  "image_height": 244,
  "gates": [
    {
      "corners": [
        [
          233.76165803108807,
          48.165803108808284,
          2
        ],
        [
          260.44559585492226,
          48.68393782383419,
          2
        ],
        [
          260.96373056994815,
          73.55440414507771,
          2
        ],
        [
          234.53886010362694,
          73.29533678756476,
          2
        ]
      ]
    },
    {
      "corners": [
        [
          171.84455958549222,
          89.09844559585491,
          2
        ],
        [
          176.50777202072538,
          93.50259067357513,
          2
        ],
        [
          176.50777202072538,
          109.82383419689118,
          2
        ],
        [
          171.58549222797927,
          106.71502590673575,
          2
        ]
      ]
    },
    {
      "corners": [
        [
          270.2072538860104,
          0.23834196891190657,
          0
        ],
        [
          323.3160621761658,
          0.49740932642485985,
          0
        ],
        [
          323.57512953367876,
          30.290155440414498,
          0
        ],
        [
          275.90673575129534,
          37.80310880829015,
          2
        ]
      ]
    }
  ],
  "unconverted": []
}