{
  "image": "recordings/20260513_115203/img_000544.png",
  "image_width": 324,
  "image_height": 244,
  "gates": [
    {
      "corners": [
        [
          198.78756476683938,
          31.844559585492217,
          2
        ],
        [
          226.24870466321244,
          36.76683937823834,
          2
        ],
        [
          225.7305699481865,
          79.51295336787564,
          2
        ],
        [
          197.23316062176164,
          75.62694300518135,
          2
        ]
      ]
    },
    {
      "corners": [
        [
          101.8963730569948,
          31.844559585492217,
          2
        ],
        [
          122.10362694300517,
          39.09844559585491,
          2
        ],
        [
          122.10362694300517,
          68.37305699481864,
          2
        ],
        [
          101.63730569948186,
          63.45077720207253,
          2
        ]
      ]
    }
  ],
  "unconverted": []
}