{
  "image": "recordings/20260513_115203/img_000449.png",
  "image_width": 324,
  "image_height": 244,
  "gates": [
    {
      "corners": [
        [
          80.31088082901555,
          98.16580310880829,
          2
        ],
        [
          212.95336787564767,
          121.48186528497409,
          2
        ],
        [
          197.92746113989637,
          240.9119170984456,
          2
        ],
        [
          55.18134715025906,
          241.94818652849742,
          0
        ]
      ]
    },
    {
      "corners": [
        [
          0.2590673575129534,
          168.89119170984455,
          0
        ],
        [
          17.61658031088083,
          169.15025906735752,
          2
        ],
        [
          14.507772020725389,
          217.33678756476684,
          2
        ],
        [
          0.0,
          221.4818652849741,
          0
        ]
      ]
    }
  ],
  "unconverted": []
}