{
  "image": "recordings/20260513_115203/img_000044.png",
  "image_width": 324,
  "image_height": 244,
  "gates": [
    {
      "corners": [
        [
          213.29533678756476,
          173.81347150259066,
          2
        ],
        [
          233.76165803108807,
          171.22279792746113,
          2
        ],
        [
          236.87046632124353,
          198.42487046632124,
          2
        ],
        [
          216.9222797927461,
          199.97927461139895,
          2
        ]
      ]
    },
    {
      "corners": [
        [
          17.95854922279791,
          155.41968911917098,
          2
        ],
        [
          26.24870466321242,
          158.26943005181346,
          2
        ],
        [
          28.580310880829,
          194.279792746114,
          2
        ],
        [
          20.8082901554404,
          198.1658031088083,
          2
        ]
      ]
    },
    {
      "corners": [
        [
          267.69948186528495,
          131.06735751295335,
          2
        ],
        [
          323.39896373056996,
          120.96373056994818,
          0
        ],
        [
          323.6580310880829,
          191.4300518134715,
          0
        ],
        [
          271.3264248704663,
          190.39378238341968,
          2
        ]
      ]
    }
  ],
  "unconverted": []
}