{
  "image": "recordings/20260513_115203/img_001033.png",
  "image_width": 324,
  "image_height": 244,
  "gates": [
    {
      "corners": [
        [
          138.1658031088083,
          117.59585492227978,
          2
        ],
        [
          174.95336787564767,
          107.4922279792746,
          2
        ],
        [
          169.7720207253886,
          192.20725388601036,
          2
        ],
        [
          130.13471502590673,
          187.0259067357513,
          2
        ]
      ]
    },
    {
      "corners": [
        [
          136.87046632124353,
          128.21761658031087,
          2
        ],
        [
          155.2642487046632,
          127.95854922279793,
          2
        ],
        [
          152.67357512953367,
          157.75129533678756,
          2
        ],
        [
          134.7979274611399,
          157.75129533678756,
          2
        ]
      ]
    }
  ],
  "unconverted": []
}