{
  "image": "recordings/20260513_115203/img_001224.png",
  "image_width": 324,
  "image_height": 244,
  "gates": [
    {
      "corners": [
        [
          184.97409326424872,
          94.79792746113989,
          2
        ],
        [
          188.3419689119171,
          97.12953367875647,
          2
        ],
        [
          184.4559585492228,
          128.7357512953368,
          2
        ],
        [
          181.0880829015544,
          127.69948186528497,
          2
        ]
      ]
    }
  ],
  "unconverted": []
}