{
  "image": "recordings/20260513_115203/img_000257.png",
  "image_width": 324,
  "image_height": 244,
  "gates": [
    {
      "corners": [
        [
          103.19170984455957,
          153.6062176165803,
          2
        ],
        [
          122.62176165803109,
          157.49222797927462,
          2
        ],
        [
          120.54922279792746,
          191.17098445595855,
          2
        ],
        [
          98.78756476683937,
          197.90673575129534,
          2
        ]
      ]
    }
  ],
  "unconverted": []
}