{
  "image": "recordings/20260513_115203/img_000698.png",
  "image_width": 324,
  "image_height": 244,
  "gates": [
    {
      "corners": [
        [
          40.49740932642486,
          21.99999999999999,
          2
        ],
        [
          193.0880829015544,
          37.28497409326424,
          2
        ],
        [
          185.8341968911917,
          240.13471502590673,
          2
        ],
        [
          36.61139896373055,
          241.17098445595855,
          0
        ]
      ]
    }
  ],
  "unconverted": []
}