{
  "image": "recordings/20260513_115203/img_000327.png",
  "image_width": 324,
  "image_height": 244,
  "gates": [
    {
      "corners": [
        [
          31.94818652849739,
          90.91191709844558,
          2
        ],
        [
          95.93782383419688,
          105.67875647668393,
          2
        ],
        [
          92.82901554404144,
          150.75647668393782,
          2
        ],
        [
          25.989637305699464,
          144.53886010362694,
          2
        ]
      ]
    },
    {
      "corners": [
        [
          0.5181347150259068,
          96.35233160621762,
          0
        ],
        [
          17.098445595854923,
          102.82901554404144,
          2
        ],
        [
          11.658031088082902,
          133.6580310880829,
          2
        ],
        [
          0.5181347150259068,
          130.8082901554404,
          0
        ]
      ]
    }
  ],
  "unconverted": []
}