{
  "image": "recordings/20260513_115203/img_000394.png",
  "image_width": 324,
  "image_height": 244,
  "gates": [
    {
      "corners": [
        [
          87.90673575129533,
          87.28497409326424,
          2
        ],
        [
          151.63730569948186,
          96.09326424870466,
          2
        ],
        [
          149.04663212435233,
          157.23316062176164,
          2
        ],
        [
          82.72538860103626,
          152.82901554404145,
          2
        ]
      ]
    },
    {
      "corners": [
        [
          0.0,
          138.83937823834196,
          0
        ],
        [
          27.46113989637306,
          140.65284974093265,
          2
        ],
        [
          27.720207253886013,
          176.40414507772022,
          2
        ],
        [
          0.0,
          181.32642487046633,
          0
        ]
      ]
    }
  ],
  "unconverted": []
}