{
  "image": "recordings/20260513_115203/img_000464.png",
  "image_width": 324,
  "image_height": 244,
  "gates": [
    {
      "corners": [
        [
          6.5595854922279635,
          162.93264248704662,
          2
        ],
        [
          80.13471502590673,
          155.67875647668393,
          2
        ],
        [
          87.38860103626942,
          215.00518134715026,
          2
        ],
        [
          21.067357512953354,
          238.83937823834196,
          2
        ]
      ]
    }
  ],
  "unconverted": []
}