{
  "image": "recordings/20260513_115203/img_000333.png",
  "image_width": 324,
  "image_height": 244,
  "gates": [
    {
      "corners": [
        [
          150.860103626943,
          122.0,
          2
        ],
        [
          207.85492227979273,
          128.47668393782382,
          2
        ],
        [
          206.81865284974091,
          174.84974093264248,
          2
        ],
        [
          148.0103626943005,
          170.96373056994818,
          2
        ]
      ]
    },
    {
      "corners": [
        [
          30.91191709844558,
          146.09326424870466,
          2
        ],
        [
          39.202072538860094,
          149.2020725388601,
          2
        ],
        [
          36.352331606217604,
          172.25906735751295,
          2
        ],
        [
          27.02590673575128,
          172.5181347150259,
          2
        ]
      ]
    },
    {
      "corners": [
        [
          109.92746113989637,
          128.99481865284974,
          2
        ],
        [
          134.53886010362694,
          135.47150259067357,
          2
        ],
        [
          132.20725388601036,
          160.08290155440415,
          2
        ],
        [
          106.55958549222797,
          156.19689119170985,
          2
        ]
      ]
    }
  ],
  "unconverted": []
}