{
  "image": "recordings/20260513_115203/img_000926.png",
  "image_width": 324,
  "image_height": 244,
  "gates": [
    {
      "corners": [
        [
          188.42487046632124,
          68.11398963730569,
          2
        ],
        [
          257.85492227979273,
          111.37823834196891,
          2
        ],
        [
          248.0103626943005,
          202.5699481865285,
          2
        ],
        [
          175.98963730569946,
          219.92746113989637,
          2
        ]
      ]
    },
    {
      "corners": [
        [
          0.2590673575129534,
          76.4041450777202,
          0
        ],
        [
          52.07253886010363,
          96.87046632124351,
          2
        ],
        [
          46.89119170984456,
          151.79274611398964,
          2
        ],
        [
          0.2590673575129534,
          146.61139896373058,
          0
        ]
      ]
    }
  ],
  "unconverted": []
}