{
  "image": "recordings/20260513_115203/img_001060.png",
  "image_width": 324,
  "image_height": 244,
  "gates": [
    {
      "corners": [
        [
          143.86528497409324,
          89.35751295336787,
          2
        ],
        [
          177.28497409326425,
          71.22279792746113,
          2
        ],
        [
          170.8082901554404,
          152.31088082901553,
          2
        ],
        [
          135.57512953367873,
          154.38341968911917,
          2
        ]
      ]
    },
    {
      "corners": [
        [
          148.5284974093264,
          113.70984455958549,
          2
        ],
        [
          166.9222797927461,
          113.45077720207253,
          2
        ],
        [
          163.5544041450777,
          140.39378238341968,
          2
        ],
        [
          144.6424870466321,
          141.17098445595855,
          2
        ]
      ]
    }
  ],
  "unconverted": []
}