{
  "image": "recordings/20260513_115203/img_000094.png",
  "image_width": 324,
  "image_height": 244,
  "gates": [
    {
      "corners": [
        [
          193.86528497409327,
          155.16062176165804,
          2
        ],
        [
          322.88082901554407,
          149.720207253886,
          0
        ],
        [
          323.6580310880829,
          241.68911917098447,
          0
        ],
        [
          196.9740932642487,
          241.94818652849742,
          0
        ]
      ]
    }
  ],
  "unconverted": []
}