{
  "image": "recordings/20260513_115203/img_000291.png",
  "image_width": 324,
  "image_height": 244,
  "gates": [
    {
      "corners": [
        [
          230.65284974093262,
          49.202072538860094,
          2
        ],
        [
          255.2642487046632,
          50.497409326424865,
          2
        ],
        [
          256.81865284974094,
          74.59067357512953,
          2
        ],
        [
          230.13471502590673,
          74.84974093264248,
          2
        ]
      ]
    },
    {
      "corners": [
        [
          168.47668393782382,
          90.13471502590673,
          2
        ],
        [
          173.6580310880829,
          94.27979274611398,
          2
        ],
        [
          173.39896373056993,
          111.11917098445595,
          2
        ],
        [
          167.69948186528495,
          107.4922279792746,
          2
        ]
      ]
    },
    {
      "corners": [
        [
          266.580310880829,
          0.7564766839378134,
          0
        ],
        [
          323.57512953367876,
          0.49740932642485985,
          0
        ],
        [
          323.57512953367876,
          31.32642487046631,
          0
        ],
        [
          271.5025906735751,
          39.61658031088082,
          2
        ]
      ]
    }
  ],
  "unconverted": []
}