{
  "image": "recordings/20260513_115203/img_000378.png",
  "image_width": 324,
  "image_height": 244,
  "gates": [
    {
      "corners": [
        [
          115.10880829015542,
          151.79274611398964,
          2
        ],
        [
          156.55958549222797,
          157.23316062176164,
          2
        ],
        [
          153.19170984455957,
          198.68393782383419,
          2
        ],
        [
          108.11398963730569,
          195.57512953367876,
          2
        ]
      ]
    },
    {
      "corners": [
        [
          30.13471502590672,
          180.8082901554404,
          2
        ],
        [
          50.86010362694299,
          182.88082901554404,
          2
        ],
        [
          47.23316062176164,
          210.86010362694302,
          2
        ],
        [
          25.73056994818651,
          215.52331606217618,
          2
        ]
      ]
    },
    {
      "corners": [
        [
          111.39896373056995,
          126.14507772020725,
          2
        ],
        [
          299.4818652849741,
          121.22279792746113,
          2
        ],
        [
          305.699481865285,
          216.04145077720207,
          2
        ],
        [
          104.66321243523316,
          216.04145077720207,
          2
        ]
      ]
    }
  ],
  "unconverted": []
}