{
  "image": "recordings/20260513_115203/img_000052.png",
  "image_width": 324,
  "image_height": 244,
  "gates": [],
  "unconverted": [
    [
      [
        157.33678756476684,
        20.70466321243522
      ],
      [
        159.66839378238342,
        0.49740932642485985
      ],
      [
        324.0,
        0.49740932642485985
      ],
      [
        324.0,
        178.21761658031087
      ],
      [
        166.14507772020724,
        163.7098445595855
      ]
    ],
    [
      [
        251.63730569948189,
        141.94818652849742
      ],
      [
        274.1761658031088,
        142.4663212435233
      ],
      [
        275.4715025906736,
        172.25906735751295
      ],
      [
        252.93264248704662,
        171.48186528497408
      ]
    ],
    [
      [
        312.77720207253884,
        73.0362694300518
      ],
      [
        323.91709844559585,
        70.44559585492227
      ],
      [
        323.6580310880829,
        134.43523316062175
      ],
      [
        315.1088082901554,
        134.69430051813472
      ]
    ]
  ]
}