{
  "image": "recordings/20260513_115203/img_001041.png",
  "image_width": 324,
  "image_height": 244,
  "gates": [
    {
      "corners": [
        [
          137.12953367875647,
          100.49740932642487,
          2
        ],
        [
          169.51295336787564,
          86.50777202072538,
          2
        ],
        [
          167.18134715025906,
          165.00518134715026,
          2
        ],
        [
          134.7979274611399,
          163.45077720207254,
          2
        ]
      ]
    },
    {
      "corners": [
        [
          141.53367875647666,
          110.08290155440415,
          2
        ],
        [
          160.70466321243524,
          110.34196891191709,
          2
        ],
        [
          158.89119170984455,
          139.61658031088083,
          2
        ],
        [
          139.720207253886,
          139.61658031088083,
          2
        ]
      ]
    }
  ],
  "unconverted": []
}