{
  "image": "recordings/20260513_115203/img_000501.png",
  "image_width": 324,
  "image_height": 244,
  "gates": [
    {
      "corners": [
        [
          65.28497409326425,
          171.74093264248705,
          2
        ],
        [
          92.48704663212436,
          173.5544041450777,
          2
        ],
        [
          82.38341968911918,
          211.11917098445596,
          2
        ],
        [
          59.326424870466326,
          211.11917098445596,
          2
        ]
      ]
    }
  ],
  "unconverted": [
    [
      [
        97.66839378238342,
        215.78238341968913
      ],
      [
        179.0155440414508,
        243.50259067357513
      ],
      [
        95.07772020725389,
        243.76165803108807
      ]
    ]
  ]
}