{
  "image": "recordings/20260513_115203/img_000023.png",
  "image_width": 324,
  "image_height": 244,
  "gates": [
    {
      "corners": [
        [
          43.34715025906735,
          138.58031088082902,
          2
        ],
        [
          113.81347150259066,
          151.2746113989637,
          2
        ],
        [
          108.37305699481864,
          216.81865284974094,
          2
        ],
        [
          31.94818652849739,
          215.2642487046632,
          2
        ]
      ]
    }
  ],
  "unconverted": []
}