{
  "image": "recordings/20260513_115203/img_000848.png",
  "image_width": 324,
  "image_height": 244,
  "gates": [
    {
      "corners": [
        [
          144.12435233160622,
          120.44559585492227,
          2
        ],
        [
          164.59067357512953,
          132.88082901554404,
          2
        ],
        [
          156.55958549222797,
          219.92746113989637,
          2
        ],
        [
          132.9844559585492,
          241.68911917098447,
          0
        ]
      ]
    }
  ],
  "unconverted": []
}