{
  "image": "recordings/20260513_115203/img_000053.png",
  "image_width": 324,
  "image_height": 244,
  "gates": [],
  "unconverted": [
    [
      [
        155.52331606217615,
        23.036269430051803
      ],
      [
        157.33678756476684,
        0.23834196891190657
      ],
      [
        324.0,
        0.49396039289232546
      ],
      [
        324.0,
        162.67357512953367
      ],
      [
        168.47668393782382,
        159.30569948186528
      ]
    ],
    [
      [
        254.2279792746114,
        140.13471502590673
      ],
      [
        276.24870466321244,
        139.87564766839378
      ],
      [
        277.0259067357513,
        159.8238341968912
      ],
      [
        255.2642487046632,
        160.3419689119171
      ]
    ],
    [
      [
        313.55440414507774,
        67.07772020725388
      ],
      [
        323.91709844559585,
        65.52331606217616
      ],
      [
        323.39896373056996,
        131.32642487046633
      ],
      [
        316.14507772020727,
        130.8082901554404
      ]
    ]
  ]
}