{
  "image": "recordings/20260513_115203/img_000869.png",
  "image_width": 324,
  "image_height": 244,
  "gates": [
    {
      "corners": [
        [
          93.00518134715026,
          120.96373056994818,
          2
        ],
        [
          141.1917098445596,
          139.35751295336786,
          2
        ],
        [
          134.71502590673575,
          235.73056994818654,
          2
        ],
        [
          82.28697495912391,
          262.36069106443375,
          0
        ]
      ]
    }
  ],
  "unconverted": []
}