{
  "image": "recordings/20260513_115203/img_000180.png",
  "image_width": 324,
  "image_height": 244,
  "gates": [
    {
      "corners": [
        [
          260.1865284974093,
          100.75647668393782,
          2
        ],
        [
          315.36787564766837,
          97.12953367875647,
          2
        ],
        [
          318.2176165803109,
          172.5181347150259,
          2
        ],
        [
          261.4818652849741,
          172.25906735751295,
          2
        ]
      ]
    },
    {
      "corners": [
        [
          157.33678756476684,
          106.71502590673575,
          2
        ],
        [
          180.13471502590673,
          107.75129533678756,
          2
        ],
        [
          180.13471502590673,
          140.13471502590673,
          2
        ],
        [
          157.33678756476684,
          140.13471502590673,
          2
        ]
      ]
    }
  ],
  "unconverted": []
}