{
  "image": "recordings/20260513_115203/img_001205.png",
  "image_width": 324,
  "image_height": 244,
  "gates": [
    {
      "corners": [
        [
          160.86589832956605,
          -34.395010728346534,
          0
        ],
        [
          249.74093264248705,
          31.32642487046631,
          2
        ],
        [
          268.3937823834197,
          175.10880829015545,
          2
        ],
        [
          162.43523316062178,
          163.96891191709844,
          2
        ]
      ]
    }
  ],
  "unconverted": []
}