{
  "image": "recordings/20260513_115203/img_000484.png",
  "image_width": 324,
  "image_height": 244,
  "gates": [
    {
      "corners": [
        [
          128.58031088082902,
          149.2020725388601,
          2
        ],
        [
          201.3782383419689,
          152.5699481865285,
          2
        ],
        [
          197.23316062176164,
          224.59067357512953,
          2
        ],
        [
          123.13989637305698,
          229.2538860103627,
          2
        ]
      ]
    },
    {
      "corners": [
        [
          0.2590673575129534,
          141.94818652849742,
          0
        ],
        [
          27.720207253886013,
          145.8341968911917,
          2
        ],
        [
          22.538860103626945,
          188.83937823834196,
          2
        ],
        [
          0.2590673575129534,
          191.94818652849742,
          0
        ]
      ]
    }
  ],
  "unconverted": []
}