{
  "image": "recordings/20260513_115203/img_001204.png",
  "image_width": 324,
  "image_height": 244,
  "gates": [
    {
      "corners": [
        [
          168.72375996643316,
          -56.70703007302214,
          0
        ],
        [
          260.88082901554407,
          16.300518134715016,
          2
        ],
        [
          285.4922279792746,
          162.41450777202073,
          2
        ],
        [
          175.6476683937824,
          141.17098445595855,
          2
        ]
      ]
    }
  ],
  "unconverted": []
}