{
  "image": "recordings/20260513_112205/img_000049.png",
  "image_width": 324,
  "image_height": 244,
  "gates": [
    {
      "corners": [
        [
          100.08290155440413,
          154.12435233160622,
          2
        ],
        [
          152.15544041450775,
          146.61139896373058,
          2
        ],
        [
          157.59585492227978,
          190.13471502590673,
          2
        ],
        [
          107.59585492227978,
          203.0880829015544,
          2
        ]
      ]
    }
  ],
  "unconverted": []
}