{
  "image": "recordings/20260513_112205/img_000038.png",
  "image_width": 324,
  "image_height": 244,
  "gates": [
    {
      "corners": [
        [
          0.0,
          118.89119170984455,
          0
        ],
        [
          21.84455958549221,
          120.18652849740933,
          2
        ],
        [
          26.507772020725373,
          174.59067357512953,
          2
        ],
        [
          0.0,
          178.99481865284974,
          0
        ]
      ]
    }
  ],
  "unconverted": []
}