{
  "image": "recordings/20260513_112205/img_000039.png",
  "image_width": 324,
  "image_height": 244,
  "gates": [
    {
      "corners": [
        [
          0.08290155440412761,
          129.2538860103627,
          0
        ],
        [
          32.20725388601035,
          128.21761658031087,
          2
        ],
        [
          40.756476683937805,
          181.32642487046633,
          2
        ],
        [
          0.0,
          190.29797634177336,
          0
        ]
      ]
    }
  ],
  "unconverted": []
}