{
  "image": "recordings/20260513_112205/img_000046.png",
  "image_width": 324,
  "image_height": 244,
  "gates": [
    {
      "corners": [
        [
          115.62694300518135,
          160.08290155440415,
          2
        ],
        [
          175.7305699481865,
          149.46113989637306,
          2
        ],
        [
          183.76165803108807,
          195.31606217616581,
          2
        ],
        [
          125.73056994818651,
          208.26943005181346,
          2
        ]
      ]
    },
    {
      "corners": [
        [
          27.284974093264236,
          187.0259067357513,
          2
        ],
        [
          37.64766839378237,
          185.7305699481865,
          2
        ],
        [
          41.01554404145077,
          206.4559585492228,
          2
        ],
        [
          31.43005181347149,
          212.41450777202073,
          2
        ]
      ]
    },
    {
      "corners": [
        [
          93.6062176165803,
          155.16062176165804,
          2
        ],
        [
          101.8963730569948,
          155.16062176165804,
          2
        ],
        [
          106.30051813471502,
          180.8082901554404,
          2
        ],
        [
          95.93782383419688,
          182.10362694300517,
          2
        ]
      ]
    },
    {
      "corners": [
        [
          115.8860103626943,
          160.3419689119171,
          2
        ],
        [
          120.54922279792746,
          160.08290155440415,
          2
        ],
        [
          123.13989637305698,
          178.99481865284974,
          2
        ],
        [
          120.03108808290153,
          179.51295336787564,
          2
        ]
      ]
    }
  ],
  "unconverted": []
}