{
  "image": "recordings/20260513_112205/img_000047.png",
  "image_width": 324,
  "image_height": 244,
  "gates": [
    {
      "corners": [
        [
          115.8860103626943,
          160.86010362694302,
          2
        ],
        [
          177.02590673575128,
          148.68393782383419,
          2
        ],
        [
          186.3523316062176,
          194.7979274611399,
          2
        ],
        [
          126.76683937823833,
          209.56476683937825,
          2
        ]
      ]
    },
    {
      "corners": [
        [
          32.20725388601035,
          188.83937823834196,
          2
        ],
        [
          42.31088082901553,
          187.28497409326425,
          2
        ],
        [
          45.16062176165802,
          207.49222797927462,
          2
        ],
        [
          36.352331606217604,
          213.96891191709844,
          2
        ]
      ]
    },
    {
      "corners": [
        [
          116.40414507772019,
          161.11917098445596,
          2
        ],
        [
          122.88082901554404,
          160.08290155440415,
          2
        ],
        [
          125.73056994818651,
          180.54922279792746,
          2
        ],
        [
          121.3264248704663,
          180.8082901554404,
          2
        ]
      ]
    },
    {
      "corners": [
        [
          95.67875647668393,
          156.19689119170985,
          2
        ],
        [
          102.93264248704662,
          156.19689119170985,
          2
        ],
        [
          108.6321243523316,
          182.10362694300517,
          2
        ],
        [
          98.78756476683937,
          183.6580310880829,
          2
        ]
      ]
    }
  ],
  "unconverted": []
}