{
  "image": "recordings/20260513_112205/img_000042.png",
  "image_width": 324,
  "image_height": 244,
  "gates": [
    {
      "corners": [
        [
          62.77720207253884,
          152.5699481865285,
          2
        ],
        [
          124.43523316062175,
          143.50259067357513,
          2
        ],
        [
          132.72538860103626,
          186.24870466321244,
          2
        ],
        [
          74.1761658031088,
          202.5699481865285,
          2
        ]
      ]
    },
    {
      "corners": [
        [
          24.17616580310879,
          146.61139896373058,
          2
        ],
        [
          46.974093264248694,
          145.8341968911917,
          2
        ],
        [
          52.93264248704662,
          175.3678756476684,
          2
        ],
        [
          28.839378238341954,
          179.51295336787564,
          2
        ]
      ]
    }
  ],
  "unconverted": []
}