{
  "image": "recordings/20260513_112205/img_000044.png",
  "image_width": 324,
  "image_height": 244,
  "gates": [
    {
      "corners": [
        [
          97.4922279792746,
          156.4559585492228,
          2
        ],
        [
          155.2642487046632,
          145.8341968911917,
          2
        ],
        [
          164.33160621761658,
          189.0984455958549,
          2
        ],
        [
          107.33678756476682,
          204.12435233160622,
          2
        ]
      ]
    },
    {
      "corners": [
        [
          68.47668393782382,
          152.5699481865285,
          2
        ],
        [
          82.20725388601035,
          150.75647668393782,
          2
        ],
        [
          87.38860103626942,
          178.47668393782382,
          2
        ],
        [
          71.84455958549222,
          180.8082901554404,
          2
        ]
      ]
    },
    {
      "corners": [
        [
          0.08290155440412761,
          185.7305699481865,
          0
        ],
        [
          5.264248704663196,
          184.43523316062175,
          2
        ],
        [
          10.445595854922264,
          208.78756476683938,
          2
        ],
        [
          0.3419689119170819,
          213.96891191709844,
          0
        ]
      ]
    }
  ],
  "unconverted": []
}