{
  "image": "recordings/20260513_112205/img_000027.png",
  "image_width": 324,
  "image_height": 244,
  "gates": [
    {
      "corners": [
        [
          0.0,
          62.155440414507765,
          0
        ],
        [
          27.02590673575128,
          92.98445595854922,
          2
        ],
        [
          23.39896373056993,
          155.93782383419688,
          2
        ],
        [
          0.0,
          150.75647668393782,
          0
        ]
      ]
    }
  ],
  "unconverted": []
}