{
  "image": "recordings/20260513_112205/img_000048.png",
  "image_width": 324,
  "image_height": 244,
  "gates": [
    {
      "corners": [
        [
          121.06735751295335,
          161.3782383419689,
          2
        ],
        [
          182.72538860103626,
          149.720207253886,
          2
        ],
        [
          191.5336787564767,
          197.12953367875647,
          2
        ],
        [
          131.9481865284974,
          210.86010362694302,
          2
        ]
      ]
    },
    {
      "corners": [
        [
          39.202072538860094,
          187.80310880829015,
          2
        ],
        [
          48.78756476683937,
          186.76683937823833,
          2
        ],
        [
          51.896373056994804,
          206.9740932642487,
          2
        ],
        [
          43.08808290155439,
          212.67357512953367,
          2
        ]
      ]
    },
    {
      "corners": [
        [
          101.3782383419689,
          156.19689119170985,
          2
        ],
        [
          107.07772020725388,
          156.19689119170985,
          2
        ],
        [
          112.25906735751295,
          182.6217616580311,
          2
        ],
        [
          105.00518134715026,
          183.39896373056993,
          2
        ]
      ]
    },
    {
      "corners": [
        [
          121.58549222797927,
          161.3782383419689,
          2
        ],
        [
          128.32124352331604,
          160.86010362694302,
          2
        ],
        [
          131.17098445595855,
          180.54922279792746,
          2
        ],
        [
          125.98963730569946,
          180.54922279792746,
          2
        ]
      ]
    }
  ],
  "unconverted": []
}