{
  "image": "recordings/20260513_112205/img_000035.png",
  "image_width": 324,
  "image_height": 244,
  "gates": [
    {
      "corners": [
        [
          0.0,
          106.19689119170984,
          0
        ],
        [
          33.243523316062166,
          110.860103626943,
          2
        ],
        [
          35.05699481865284,
          164.22797927461139,
          2
        ],
        [
          0.0,
          169.40932642487047,
          0
        ]
      ]
    }
  ],
  "unconverted": []
}