{
  "image": "recordings/20260513_112205/img_000040.png",
  "image_width": 324,
  "image_height": 244,
  "gates": [
    {
      "corners": [
        [
          -12.930413950637938,
          150.39887087488623,
          0
        ],
        [
          66.9222797927461,
          139.87564766839378,
          2
        ],
        [
          77.54404145077719,
          187.0259067357513,
          2
        ],
        [
          9.668393782383404,
          210.08290155440415,
          2
        ]
      ]
    }
  ],
  "unconverted": []
}