{
  "image": "recordings/20260513_112205/img_000041.png",
  "image_width": 324,
  "image_height": 244,
  "gates": [
    {
      "corners": [
        [
          27.803108808290137,
          149.720207253886,
          2
        ],
        [
          94.90155440414507,
          141.68911917098444,
          2
        ],
        [
          104.7461139896373,
          185.9896373056995,
          2
        ],
        [
          40.756476683937805,
          204.6424870466321,
          2
        ]
      ]
    },
    {
      "corners": [
        [
          0.0,
          145.05699481865284,
          0
        ],
        [
          9.40932642487045,
          143.76165803108807,
          2
        ],
        [
          17.181347150259054,
          176.66321243523316,
          2
        ],
        [
          0.0,
          179.22759260691362,
          0
        ]
      ]
    }
  ],
  "unconverted": []
}