Gate,x,y,z,theta,width,height
1,0.3864757716655731,0.833701491355896,1.300812840461731,1.171167020950235,0.46910280709284036,0.4487222372031394
2,-0.6114885360002518,0.9062212407588959,1.1370005309581757,1.0339365930645665,0.5113957995208274,0.5938166149782687
3,-1.3282334506511688,-0.07704366743564606,1.432804435491562,-3.0582511134615076,0.4131959230938831,0.40786105192792005
4,-0.7590811252593994,-1.0875579118728638,1.1638903468847275,-1.8801661747390028,0.38858406973001486,0.42534434115527076
5,0.45245102792978287,-1.1110507100820541,1.2149996310472488,-1.6445236380912192,0.43906719554888984,0.6561808314468637
