{
  "image": "recordings/20260513_112256/img_000125.png",
  "image_width": 324,
  "image_height": 244,
  "gates": [
    {
      "corners": [
        [
          130.9119170984456,
          89.87564766839378,
          2
        ],
        [
          155.52331606217615,
          90.65284974093264,
          2
        ],
        [
          152.67357512953367,
          122.51813471502591,
          2
        ],
        [
          129.87564766839378,
          122.77720207253886,
          2
        ]
      ]
    },
    {
      "corners": [
        [
          45.93782383419688,
          37.28497409326424,
          2
        ],
        [
          68.99481865284973,
          37.28497409326424,
          2
        ],
        [
          71.84455958549222,
          69.15025906735751,
          2
        ],
        [
          51.896373056994804,
          69.92746113989637,
          2
        ]
      ]
    },
    {
      "corners": [
        [
          127.80310880829015,
          148.1658031088083,
          2
        ],
        [
          182.25,
          192.88125610351562,
          2
        ],
        [
          169.2538860103627,
          244.0,
          0
        ],
        [
          128.0621761658031,
          200.23834196891193,
          2
        ]
      ]
    }
  ],
  "unconverted": []
}