{
  "image": "recordings/20260513_112256/img_000201.png",
  "image_width": 324,
  "image_height": 244,
  "gates": [
    {
      "corners": [
        [
          188.94300518134713,
          128.21761658031087,
          2
        ],
        [
          205.52331606217615,
          126.66321243523316,
          2
        ],
        [
          202.67357512953367,
          157.49222797927462,
          2
        ],
        [
          186.61139896373055,
          156.9740932642487,
          2
        ]
      ]
    },
    {
      "corners": [
        [
          149.82383419689117,
          142.20725388601036,
          2
        ],
        [
          160.96373056994818,
          138.32124352331607,
          2
        ],
        [
          153.96891191709844,
          211.11917098445596,
          2
        ],
        [
          144.6424870466321,
          200.49740932642487,
          2
        ]
      ]
    }
  ],
  "unconverted": []
}