{
  "image": "recordings/20260513_112256/img_000164.png",
  "image_width": 324,
  "image_height": 244,
  "gates": [
    {
      "corners": [
        [
          128.32124352331604,
          133.6580310880829,
          2
        ],
        [
          162.77720207253884,
          134.95336787564767,
          2
        ],
        [
          162.5181347150259,
          184.43523316062175,
          2
        ],
        [
          127.02590673575128,
          183.6580310880829,
          2
        ]
      ]
    },
    {
      "corners": [
        [
          42.05181347150257,
          107.23316062176166,
          2
        ],
        [
          67.440414507772,
          109.30569948186528,
          2
        ],
        [
          66.66321243523315,
          142.98445595854923,
          2
        ],
        [
          42.05181347150257,
          141.68911917098444,
          2
        ]
      ]
    }
  ],
  "unconverted": []
}