{
  "image": "recordings/20260513_112256/img_000172.png",
  "image_width": 324,
  "image_height": 244,
  "gates": [
    {
      "corners": [
        [
          63.55440414507771,
          109.04663212435233,
          2
        ],
        [
          89.46113989637304,
          110.60103626943005,
          2
        ],
        [
          88.42487046632124,
          146.09326424870466,
          2
        ],
        [
          63.29533678756475,
          144.7979274611399,
          2
        ]
      ]
    },
    {
      "corners": [
        [
          136.61139896373055,
          135.47150259067357,
          2
        ],
        [
          185.57512953367876,
          135.9896373056995,
          2
        ],
        [
          183.24352331606218,
          204.12435233160622,
          2
        ],
        [
          134.7979274611399,
          202.05181347150258,
          2
        ]
      ]
    }
  ],
  "unconverted": []
}