{
  "image": "recordings/20260513_112256/img_000075.png",
  "image_width": 324,
  "image_height": 244,
  "gates": [
    {
      "corners": [
        [
          133.24352331606218,
          149.720207253886,
          2
        ],
        [
          165.3678756476684,
          151.79274611398964,
          2
        ],
        [
          162.0,
          183.7687530517578,
          2
        ],
        [
          130.65284974093262,
          183.6580310880829,
          2
        ]
      ]
    },
    {
      "corners": [
        [
          125.73056994818651,
          115.52331606217616,
          2
        ],
        [
          187.12953367875647,
          119.15025906735751,
          2
        ],
        [
          164.02499389648438,
          240.46875,
          2
        ],
        [
          116.66321243523316,
          196.09326424870466,
          2
        ]
      ]
    },
    {
      "corners": [
        [
          47.75129533678755,
          138.83937823834196,
          2
        ],
        [
          59.668393782383404,
          138.32124352331607,
          2
        ],
        [
          57.33678756476682,
          165.78238341968913,
          2
        ],
        [
          46.196891191709824,
          168.1139896373057,
          2
        ]
      ]
    }
  ],
  "unconverted": []
}