{
  "image": "recordings/20260513_112256/img_000167.png",
  "image_width": 324,
  "image_height": 244,
  "gates": [
    {
      "corners": [
        [
          37.64766839378237,
          104.38341968911917,
          2
        ],
        [
          64.07253886010362,
          107.4922279792746,
          2
        ],
        [
          63.29533678756475,
          141.94818652849742,
          2
        ],
        [
          37.38860103626942,
          140.9119170984456,
          2
        ]
      ]
    },
    {
      "corners": [
        [
          122.10362694300517,
          132.10362694300517,
          2
        ],
        [
          161.74093264248702,
          133.39896373056993,
          2
        ],
        [
          160.44559585492226,
          181.84455958549222,
          2
        ],
        [
          121.58549222797927,
          181.84455958549222,
          2
        ]
      ]
    }
  ],
  "unconverted": []
}