{
  "image": "recordings/20260513_112256/img_000071.png",
  "image_width": 324,
  "image_height": 244,
  "gates": [
    {
      "corners": [
        [
          139.72500610351562,
          84.54374694824219,
          2
        ],
        [
          231.8625030517578,
          75.4312515258789,
          2
        ],
        [
          206.5500030517578,
          220.21875,
          2
        ],
        [
          133.50259067357513,
          177.95854922279793,
          2
        ]
      ]
    },
    {
      "corners": [
        [
          38.94300518134713,
          130.54922279792746,
          2
        ],
        [
          50.86010362694299,
          129.51295336787564,
          2
        ],
        [
          52.155440414507765,
          158.26943005181346,
          2
        ],
        [
          41.01554404145077,
          162.15544041450778,
          2
        ]
      ]
    },
    {
      "corners": [
        [
          136.61139896373055,
          131.58549222797927,
          2
        ],
        [
          167.18134715025906,
          129.7720207253886,
          2
        ],
        [
          165.3678756476684,
          163.7098445595855,
          2
        ],
        [
          133.76165803108807,
          167.33678756476684,
          2
        ]
      ]
    }
  ],
  "unconverted": []
}