{
  "image": "recordings/20260513_112256/img_000040.png",
  "image_width": 324,
  "image_height": 244,
  "gates": [
    {
      "corners": [
        [
          111.375,
          83.53125,
          2
        ],
        [
          207.5625,
          94.66874694824219,
          2
        ],
        [
          196.19689119170982,
          190.9119170984456,
          2
        ],
        [
          99.2249984741211,
          181.74374389648438,
          2
        ]
      ]
    },
    {
      "corners": [
        [
          13.036269430051796,
          146.87046632124353,
          2
        ],
        [
          52.41450777202071,
          150.23834196891193,
          2
        ],
        [
          50.60103626943004,
          188.58031088082902,
          2
        ],
        [
          10.704663212435218,
          197.38860103626942,
          2
        ]
      ]
    }
  ],
  "unconverted": []
}