{
  "image": "recordings/20260513_112256/img_000107.png",
  "image_width": 324,
  "image_height": 244,
  "gates": [
    {
      "corners": [
        [
          107.07772020725388,
          134.95336787564767,
          2
        ],
        [
          179.21249389648438,
          132.13125610351562,
          2
        ],
        [
          176.76683937823833,
          205.41968911917098,
          2
        ],
        [
          110.18652849740931,
          204.38341968911917,
          2
        ]
      ]
    },
    {
      "corners": [
        [
          45.41968911917097,
          144.02072538860102,
          2
        ],
        [
          70.03108808290155,
          144.279792746114,
          2
        ],
        [
          69.86250305175781,
          177.69375610351562,
          2
        ],
        [
          46.71502590673573,
          180.2901554404145,
          2
        ]
      ]
    }
  ],
  "unconverted": []
}