{
  "image": "recordings/20260513_112256/img_000022.png",
  "image_width": 324,
  "image_height": 244,
  "gates": [
    {
      "corners": [
        [
          124.6943005181347,
          120.18652849740933,
          2
        ],
        [
          175.21243523316062,
          120.44559585492227,
          2
        ],
        [
          174.1761658031088,
          161.63730569948186,
          2
        ],
        [
          124.6943005181347,
          165.52331606217615,
          2
        ]
      ]
    },
    {
      "corners": [
        [
          74.1761658031088,
          108.78756476683937,
          2
        ],
        [
          100.60103626943004,
          112.41450777202073,
          2
        ],
        [
          100.860103626943,
          139.35751295336786,
          2
        ],
        [
          74.69430051813471,
          139.35751295336786,
          2
        ]
      ]
    }
  ],
  "unconverted": []
}