{
  "image": "recordings/20260513_112256/img_000076.png",
  "image_width": 324,
  "image_height": 244,
  "gates": [
    {
      "corners": [
        [
          125.54999542236328,
          115.9312515258789,
          2
        ],
        [
          187.3125,
          119.98124694824219,
          2
        ],
        [
          164.02499389648438,
          240.46875,
          2
        ],
        [
          117.18134715025906,
          194.279792746114,
          2
        ]
      ]
    },
    {
      "corners": [
        [
          135.8341968911917,
          149.2020725388601,
          2
        ],
        [
          167.0625,
          149.34375,
          2
        ],
        [
          163.81347150259066,
          180.8082901554404,
          2
        ],
        [
          133.24352331606218,
          180.8082901554404,
          2
        ]
      ]
    },
    {
      "corners": [
        [
          51.896373056994804,
          138.83937823834196,
          2
        ],
        [
          62.518134715025894,
          138.58031088082902,
          2
        ],
        [
          61.74093264248704,
          163.45077720207254,
          2
        ],
        [
          50.86010362694299,
          167.59585492227978,
          2
        ]
      ]
    }
  ],
  "unconverted": []
}