{
  "image": "recordings/20260513_112256/img_000130.png",
  "image_width": 324,
  "image_height": 244,
  "gates": [
    {
      "corners": [
        [
          122.36269430051811,
          108.26943005181347,
          2
        ],
        [
          144.6424870466321,
          108.26943005181347,
          2
        ],
        [
          144.90155440414506,
          137.28497409326425,
          2
        ],
        [
          123.39896373056993,
          139.0984455958549,
          2
        ]
      ]
    },
    {
      "corners": [
        [
          29.61658031088081,
          61.63730569948186,
          2
        ],
        [
          52.93264248704662,
          58.01036269430051,
          2
        ],
        [
          60.96373056994817,
          89.35751295336787,
          2
        ],
        [
          39.97927461139895,
          93.76165803108807,
          2
        ]
      ]
    },
    {
      "corners": [
        [
          128.58031088082902,
          191.4300518134715,
          2
        ],
        [
          176.76683937823833,
          235.21243523316062,
          2
        ],
        [
          176.76683937823833,
          275.60339142722563,
          0
        ],
        [
          132.72538860103626,
          223.5544041450777,
          2
        ]
      ]
    }
  ],
  "unconverted": []
}