{
  "image": "recordings/20260513_112256/img_000193.png",
  "image_width": 324,
  "image_height": 244,
  "gates": [
    {
      "corners": [
        [
          135.6750030517578,
          99.73124694824219,
          2
        ],
        [
          175.16250610351562,
          83.53125,
          2
        ],
        [
          163.81347150259066,
          197.38860103626942,
          2
        ],
        [
          129.6165803108808,
          182.6217616580311,
          2
        ]
      ]
    },
    {
      "corners": [
        [
          155.7823834196891,
          102.82901554404144,
          2
        ],
        [
          172.88082901554404,
          102.05181347150258,
          2
        ],
        [
          168.73575129533677,
          137.02590673575128,
          2
        ],
        [
          151.63730569948186,
          135.7305699481865,
          2
        ]
      ]
    }
  ],
  "unconverted": []
}