{
  "image": "recordings/20260513_112256/img_000078.png",
  "image_width": 324,
  "image_height": 244,
  "gates": [
    {
      "corners": [
        [
          123.65803108808288,
          116.81865284974093,
          2
        ],
        [
          179.35751295336786,
          127.44041450777202,
          2
        ],
        [
          151.3782383419689,
          239.61658031088083,
          2
        ],
        [
          110.70466321243522,
          194.02072538860102,
          2
        ]
      ]
    },
    {
      "corners": [
        [
          133.24352331606218,
          148.94300518134716,
          2
        ],
        [
          163.5544041450777,
          151.79274611398964,
          2
        ],
        [
          159.92746113989637,
          180.54922279792746,
          2
        ],
        [
          130.13471502590673,
          180.8082901554404,
          2
        ]
      ]
    },
    {
      "corners": [
        [
          49.046632124352314,
          133.91709844559585,
          2
        ],
        [
          60.445595854922274,
          133.91709844559585,
          2
        ],
        [
          58.6321243523316,
          159.30569948186528,
          2
        ],
        [
          46.974093264248694,
          161.63730569948186,
          2
        ]
      ]
    }
  ],
  "unconverted": []
}