{
  "image": "recordings/20260513_112256/img_000208.png",
  "image_width": 324,
  "image_height": 244,
  "gates": [
    {
      "corners": [
        [
          148.5284974093264,
          149.97927461139895,
          2
        ],
        [
          152.41450777202073,
          147.90673575129534,
          2
        ],
        [
          148.0103626943005,
          211.3782383419689,
          2
        ],
        [
          144.38341968911917,
          205.16062176165804,
          2
        ]
      ]
    },
    {
      "corners": [
        [
          198.5284974093264,
          133.6580310880829,
          2
        ],
        [
          213.03626943005182,
          133.13989637305698,
          2
        ],
        [
          211.48186528497408,
          163.1917098445596,
          2
        ],
        [
          195.93782383419688,
          163.1917098445596,
          2
        ]
      ]
    }
  ],
  "unconverted": []
}