{
  "image": "recordings/20260513_112256/img_000044.png",
  "image_width": 324,
  "image_height": 244,
  "gates": [
    {
      "corners": [
        [
          110.36249542236328,
          89.60624694824219,
          2
        ],
        [
          207.5625,
          75.4312515258789,
          2
        ],
        [
          198.4499969482422,
          199.96875,
          2
        ],
        [
          105.52331606217615,
          185.7305699481865,
          2
        ]
      ]
    },
    {
      "corners": [
        [
          77.80310880829015,
          151.5336787564767,
          2
        ],
        [
          90.49740932642486,
          150.49740932642487,
          2
        ],
        [
          91.27461139896371,
          189.3575129533679,
          2
        ],
        [
          80.39378238341968,
          189.61658031088083,
          2
        ]
      ]
    },
    {
      "corners": [
        [
          106.30051813471502,
          150.49740932642487,
          2
        ],
        [
          110.18652849740931,
          149.97927461139895,
          2
        ],
        [
          112.5181347150259,
          184.43523316062175,
          2
        ],
        [
          105.78238341968911,
          185.47150259067357,
          2
        ]
      ]
    }
  ],
  "unconverted": []
}