{
  "image": "recordings/20260513_112256/img_000247.png",
  "image_width": 324,
  "image_height": 244,
  "gates": [
    {
      "corners": [
        [
          100.860103626943,
          60.60103626943005,
          2
        ],
        [
          201.11917098445596,
          15.264248704663203,
          2
        ],
        [
          190.57918290447319,
          253.63013297504233,
          0
        ],
        [
          91.01554404145077,
          211.63730569948186,
          2
        ]
      ]
    }
  ],
  "unconverted": []
}