{
  "image": "recordings/20260513_112256/img_000143.png",
  "image_width": 324,
  "image_height": 244,
  "gates": [
    {
      "corners": [
        [
          143.34715025906735,
          131.58549222797927,
          2
        ],
        [
          212.0,
          125.8860103626943,
          2
        ],
        [
          207.5625,
          232.36874389648438,
          2
        ],
        [
          143.0880829015544,
          205.67875647668393,
          2
        ]
      ]
    },
    {
      "corners": [
        [
          56.818652849740914,
          114.2279792746114,
          2
        ],
        [
          75.73056994818651,
          116.55958549222798,
          2
        ],
        [
          74.1761658031088,
          142.98445595854923,
          2
        ],
        [
          55.52331606217615,
          141.4300518134715,
          2
        ]
      ]
    },
    {
      "corners": [
        [
          143.0880829015544,
          145.05699481865284,
          2
        ],
        [
          153.19170984455957,
          145.57512953367876,
          2
        ],
        [
          150.860103626943,
          177.440414507772,
          2
        ],
        [
          142.56994818652848,
          176.40414507772022,
          2
        ]
      ]
    }
  ],
  "unconverted": []
}