{
  "image": "recordings/20260513_112256/img_000288.png",
  "image_width": 324,
  "image_height": 244,
  "gates": [
    {
      "corners": [
        [
          156.04145077720207,
          120.44559585492227,
          2
        ],
        [
          206.55958549222797,
          107.4922279792746,
          2
        ],
        [
          209.66839378238342,
          163.45077720207254,
          2
        ],
        [
          155.7823834196891,
          164.48704663212436,
          2
        ]
      ]
    },
    {
      "corners": [
        [
          177.5440414507772,
          131.84455958549222,
          2
        ],
        [
          202.67357512953367,
          132.10362694300517,
          2
        ],
        [
          202.15544041450775,
          157.49222797927462,
          2
        ],
        [
          175.7305699481865,
          156.19689119170985,
          2
        ]
      ]
    },
    {
      "corners": [
        [
          137.38860103626942,
          156.71502590673575,
          2
        ],
        [
          149.56476683937822,
          158.52849740932643,
          2
        ],
        [
          149.56476683937822,
          174.07253886010363,
          2
        ],
        [
          136.61139896373055,
          174.84974093264248,
          2
        ]
      ]
    }
  ],
  "unconverted": []
}