{
  "image": "recordings/20260513_112256/img_000004.png",
  "image_width": 324,
  "image_height": 244,
  "gates": [
    {
      "corners": [
        [
          318.99481865284974,
          126.4041450777202,
          2
        ],
        [
          323.39896373056996,
          126.92227979274611,
          0
        ],
        [
          323.91709844559585,
          142.72538860103626,
          0
        ],
        [
          317.18134715025906,
          142.20725388601036,
          2
        ]
      ]
    }
  ],
  "unconverted": []
}