{
  "image": "recordings/20260513_112256/img_000181.png",
  "image_width": 324,
  "image_height": 244,
  "gates": [
    {
      "corners": [
        [
          109.92746113989637,
          75.36787564766838,
          2
        ],
        [
          202.15544041450775,
          70.44559585492227,
          2
        ],
        [
          194.38341968911917,
          215.00518134715026,
          2
        ],
        [
          109.3499984741211,
          200.9812469482422,
          2
        ]
      ]
    },
    {
      "corners": [
        [
          67.95854922279791,
          78.73575129533678,
          2
        ],
        [
          92.82901554404144,
          78.99481865284973,
          2
        ],
        [
          92.05181347150258,
          122.77720207253886,
          2
        ],
        [
          67.440414507772,
          122.51813471502591,
          2
        ]
      ]
    }
  ],
  "unconverted": []
}