{
  "image": "recordings/20260513_112256/img_000156.png",
  "image_width": 324,
  "image_height": 244,
  "gates": [
    {
      "corners": [
        [
          158.96249389648438,
          82.51875305175781,
          2
        ],
        [
          219.71249389648438,
          38.98125076293945,
          2
        ],
        [
          219.71249389648438,
          128.0812530517578,
          2
        ],
        [
          147.8249969482422,
          147.31875610351562,
          2
        ]
      ]
    },
    {
      "corners": [
        [
          85.31606217616579,
          131.32642487046633,
          2
        ],
        [
          100.08290155440413,
          136.50777202072538,
          2
        ],
        [
          93.86528497409326,
          158.26943005181346,
          2
        ],
        [
          77.80310880829015,
          152.5699481865285,
          2
        ]
      ]
    },
    {
      "corners": [
        [
          142.56994818652848,
          169.92746113989637,
          2
        ],
        [
          166.4041450777202,
          174.07253886010363,
          2
        ],
        [
          162.25906735751295,
          190.39378238341968,
          2
        ],
        [
          139.46113989637306,
          184.1761658031088,
          2
        ]
      ]
    }
  ],
  "unconverted": []
}