{
  "image": "recordings/20260513_112256/img_000178.png",
  "image_width": 324,
  "image_height": 244,
  "gates": [
    {
      "corners": [
        [
          110.18652849740931,
          134.43523316062175,
          2
        ],
        [
          181.17098445595855,
          134.43523316062175,
          2
        ],
        [
          179.35751295336786,
          242.98445595854923,
          0
        ],
        [
          112.25906735751295,
          234.1761658031088,
          2
        ]
      ]
    },
    {
      "corners": [
        [
          65.10880829015542,
          106.19689119170984,
          2
        ],
        [
          94.64248704663211,
          106.71502590673575,
          2
        ],
        [
          94.90155440414507,
          146.87046632124353,
          2
        ],
        [
          64.84974093264248,
          147.12953367875647,
          2
        ]
      ]
    }
  ],
  "unconverted": []
}