{
  "image": "recordings/20260513_112256/img_000195.png",
  "image_width": 324,
  "image_height": 244,
  "gates": [
    {
      "corners": [
        [
          144.12435233160622,
          112.15544041450777,
          2
        ],
        [
          166.14507772020724,
          103.0880829015544,
          2
        ],
        [
          160.44559585492226,
          196.3523316062176,
          2
        ],
        [
          138.42487046632124,
          182.88082901554404,
          2
        ]
      ]
    },
    {
      "corners": [
        [
          179.35751295336786,
          103.86528497409326,
          2
        ],
        [
          190.49740932642487,
          104.12435233160622,
          2
        ],
        [
          186.87046632124353,
          138.83937823834196,
          2
        ],
        [
          177.5440414507772,
          138.32124352331607,
          2
        ]
      ]
    }
  ],
  "unconverted": []
}