{
  "image": "recordings/20260513_112256/img_000209.png",
  "image_width": 324,
  "image_height": 244,
  "gates": [
    {
      "corners": [
        [
          194.6424870466321,
          131.06735751295335,
          2
        ],
        [
          211.22279792746113,
          128.99481865284974,
          2
        ],
        [
          208.89119170984455,
          160.3419689119171,
          2
        ],
        [
          192.82901554404145,
          159.8238341968912,
          2
        ]
      ]
    },
    {
      "corners": [
        [
          149.30569948186528,
          144.02072538860102,
          2
        ],
        [
          154.48704663212433,
          142.72538860103626,
          2
        ],
        [
          150.3419689119171,
          210.3419689119171,
          2
        ],
        [
          144.6424870466321,
          202.82901554404145,
          2
        ]
      ]
    }
  ],
  "unconverted": []
}