{
  "image": "recordings/20260513_112256/img_000003.png",
  "image_width": 324,
  "image_height": 244,
  "gates": [
    {
      "corners": [
        [
          283.7616580310881,
          153.86528497409327,
          2
        ],
        [
          306.30051813471505,
          156.71502590673575,
          2
        ],
        [
          304.7461139896373,
          173.03626943005182,
          2
        ],
        [
          281.68911917098444,
          169.66839378238342,
          2
        ]
      ]
    },
    {
      "corners": [
        [
          261.4818652849741,
          144.279792746114,
          2
        ],
        [
          272.3626943005181,
          146.09326424870466,
          2
        ],
        [
          270.80829015544043,
          157.49222797927462,
          2
        ],
        [
          260.44559585492226,
          156.71502590673575,
          2
        ]
      ]
    }
  ],
  "unconverted": []
}