{
  "image": "recordings/20260513_112256/img_000015.png",
  "image_width": 324,
  "image_height": 244,
  "gates": [
    {
      "corners": [
        [
          148.26943005181346,
          138.58031088082902,
          2
        ],
        [
          174.1761658031088,
          139.61658031088083,
          2
        ],
        [
          172.88082901554404,
          163.7098445595855,
          2
        ],
        [
          146.4559585492228,
          165.2642487046632,
          2
        ]
      ]
    },
    {
      "corners": [
        [
          99.30569948186528,
          124.84974093264249,
          2
        ],
        [
          114.0725388601036,
          126.92227979274611,
          2
        ],
        [
          114.33160621761658,
          146.87046632124353,
          2
        ],
        [
          98.78756476683937,
          146.61139896373058,
          2
        ]
      ]
    }
  ],
  "unconverted": []
}