{
  "image": "recordings/20260513_112256/img_000123.png",
  "image_width": 324,
  "image_height": 244,
  "gates": [
    {
      "corners": [
        [
          68.99481865284973,
          58.52849740932642,
          2
        ],
        [
          89.97927461139895,
          56.71502590673575,
          2
        ],
        [
          93.6062176165803,
          87.28497409326424,
          2
        ],
        [
          72.9000015258789,
          90.6187515258789,
          2
        ]
      ]
    },
    {
      "corners": [
        [
          150.08290155440415,
          100.49740932642487,
          2
        ],
        [
          174.43523316062175,
          101.01554404145077,
          2
        ],
        [
          173.39896373056993,
          134.69430051813472,
          2
        ],
        [
          150.860103626943,
          133.6580310880829,
          2
        ]
      ]
    },
    {
      "corners": [
        [
          150.860103626943,
          150.49740932642487,
          2
        ],
        [
          216.14507772020724,
          198.1658031088083,
          2
        ],
        [
          198.94619577673006,
          259.59038147836975,
          0
        ],
        [
          151.8963730569948,
          210.3419689119171,
          2
        ]
      ]
    }
  ],
  "unconverted": []
}