{
  "image": "recordings/20260513_112256/img_000066.png",
  "image_width": 324,
  "image_height": 244,
  "gates": [],
  "unconverted": [
    [
      [
        40.2383419689119,
        0.23834196891190657
      ],
      [
        193.0880829015544,
        0.23834196891190657
      ],
      [
        184.53886010362694,
        48.68393782383419
      ],
      [
        38.94300518134713,
        8.528497409326416
      ]
    ]
  ]
}