{
  "image": "recordings/20260513_112256/img_000117.png",
  "image_width": 324,
  "image_height": 244,
  "gates": [
    {
      "corners": [
        [
          0.08290155440412761,
          84.1761658031088,
          0
        ],
        [
          16.145077720207237,
          85.73056994818653,
          2
        ],
        [
          17.440414507772,
          118.11398963730569,
          2
        ],
        [
          0.08290155440412761,
          117.33678756476684,
          0
        ]
      ]
    },
    {
      "corners": [
        [
          90.23834196891191,
          115.52331606217616,
          2
        ],
        [
          102.67357512953367,
          117.07772020725388,
          2
        ],
        [
          102.93264248704662,
          151.2746113989637,
          2
        ],
        [
          91.79274611398962,
          151.79274611398964,
          2
        ]
      ]
    },
    {
      "corners": [
        [
          121.58549222797927,
          108.52849740932642,
          2
        ],
        [
          218.21761658031087,
          106.19689119170984,
          2
        ],
        [
          215.10880829015542,
          216.55958549222797,
          2
        ],
        [
          120.54922279792746,
          203.86528497409327,
          2
        ]
      ]
    }
  ],
  "unconverted": []
}