{
  "image": "recordings/20260513_112256/img_000305.png",
  "image_width": 324,
  "image_height": 244,
  "gates": [
    {
      "corners": [
        [
          81.4300518134715,
          126.14507772020725,
          2
        ],
        [
          102.93264248704662,
          126.66321243523316,
          2
        ],
        [
          103.96891191709844,
          154.12435233160622,
          2
        ],
        [
          85.31606217616579,
          155.41968911917098,
          2
        ]
      ]
    },
    {
      "corners": [
        [
          166.9222797927461,
          153.0880829015544,
          2
        ],
        [
          176.24870466321244,
          152.5699481865285,
          2
        ],
        [
          177.5440414507772,
          178.47668393782382,
          2
        ],
        [
          168.21761658031087,
          177.69948186528498,
          2
        ]
      ]
    },
    {
      "corners": [
        [
          195.41968911917098,
          171.48186528497408,
          2
        ],
        [
          323.39896373056996,
          184.95336787564767,
          0
        ],
        [
          323.91709844559585,
          243.76165803108807,
          0
        ],
        [
          198.5284974093264,
          243.50259067357513,
          0
        ]
      ]
    }
  ],
  "unconverted": []
}