{
  "image": "recordings/20260513_112256/img_000042.png",
  "image_width": 324,
  "image_height": 244,
  "gates": [
    {
      "corners": [
        [
          117.18134715025906,
          64.48704663212435,
          2
        ],
        [
          246.71502590673572,
          77.95854922279793,
          2
        ],
        [
          233.24352331606218,
          204.12435233160622,
          2
        ],
        [
          105.2642487046632,
          192.20725388601036,
          2
        ]
      ]
    },
    {
      "corners": [
        [
          12.777202072538845,
          147.12953367875647,
          2
        ],
        [
          56.818652849740914,
          148.68393782383419,
          2
        ],
        [
          56.55958549222797,
          191.4300518134715,
          2
        ],
        [
          14.590673575129518,
          202.05181347150258,
          2
        ]
      ]
    }
  ],
  "unconverted": []
}