{
  "image": "recordings/20260513_112256/img_000081.png",
  "image_width": 324,
  "image_height": 244,
  "gates": [
    {
      "corners": [
        [
          127.80310880829015,
          156.9740932642487,
          2
        ],
        [
          159.92746113989637,
          157.75129533678756,
          2
        ],
        [
          156.81865284974091,
          190.13471502590673,
          2
        ],
        [
          125.73056994818651,
          192.20725388601036,
          2
        ]
      ]
    },
    {
      "corners": [
        [
          34.02072538860102,
          147.12953367875647,
          2
        ],
        [
          46.71502590673573,
          146.87046632124353,
          2
        ],
        [
          45.5625,
          174.65625,
          2
        ],
        [
          32.466321243523296,
          177.69948186528498,
          2
        ]
      ]
    },
    {
      "corners": [
        [
          126.24870466321244,
          117.59585492227978,
          2
        ],
        [
          208.11398963730568,
          119.66839378238342,
          2
        ],
        [
          180.12120148445453,
          262.9433094894496,
          0
        ],
        [
          113.81347150259066,
          207.75129533678756,
          2
        ]
      ]
    }
  ],
  "unconverted": []
}