{
  "image": "recordings/20260513_112256/img_000011.png",
  "image_width": 324,
  "image_height": 244,
  "gates": [
    {
      "corners": [
        [
          306.559585492228,
          107.4922279792746,
          2
        ],
        [
          321.3264248704663,
          108.52849740932642,
          0
        ],
        [
          320.03108808290153,
          129.2538860103627,
          2
        ],
        [
          305.00518134715026,
          129.51295336787564,
          2
        ]
      ]
    }
  ],
  "unconverted": []
}