{
  "image": "recordings/20260513_112256/img_000034.png",
  "image_width": 324,
  "image_height": 244,
  "gates": [
    {
      "corners": [
        [
          128.58031088082902,
          96.87046632124351,
          2
        ],
        [
          206.81865284974091,
          97.38860103626942,
          2
        ],
        [
          207.5625,
          175.6687469482422,
          2
        ],
        [
          127.57499694824219,
          175.6687469482422,
          2
        ]
      ]
    },
    {
      "corners": [
        [
          51.378238341968895,
          158.0103626943005,
          2
        ],
        [
          81.68911917098444,
          158.26943005181346,
          2
        ],
        [
          82.01249694824219,
          191.86874389648438,
          2
        ],
        [
          51.63750076293945,
          199.96875,
          2
        ]
      ]
    }
  ],
  "unconverted": []
}