{
  "image": "recordings/20260513_112256/img_000241.png",
  "image_width": 324,
  "image_height": 244,
  "gates": [
    {
      "corners": [
        [
          151.875,
          105.8062515258789,
          2
        ],
        [
          188.3249969482422,
          95.6812515258789,
          2
        ],
        [
          194.38341968911917,
          157.49222797927462,
          2
        ],
        [
          156.81865284974091,
          162.15544041450778,
          2
        ]
      ]
    }
  ],
  "unconverted": []
}