{
  "image": "recordings/20260513_112256/img_000245.png",
  "image_width": 324,
  "image_height": 244,
  "gates": [
    {
      "corners": [
        [
          144.12435233160622,
          130.54922279792746,
          2
        ],
        [
          187.64766839378237,
          127.95854922279793,
          2
        ],
        [
          182.72538860103626,
          210.60103626943004,
          2
        ],
        [
          141.01554404145077,
          199.46113989637306,
          2
        ]
      ]
    }
  ],
  "unconverted": []
}