{
  "image": "recordings/20260513_112256/img_000152.png",
  "image_width": 324,
  "image_height": 244,
  "gates": [
    {
      "corners": [
        [
          139.72500610351562,
          143.2687530517578,
          2
        ],
        [
          200.47500610351562,
          103.78125,
          2
        ],
        [
          210.59999084472656,
          151.36874389648438,
          2
        ],
        [
          127.57499694824219,
          187.81875610351562,
          2
        ]
      ]
    },
    {
      "corners": [
        [
          108.89119170984455,
          225.62694300518135,
          2
        ],
        [
          133.24352331606218,
          233.39896373056996,
          2
        ],
        [
          130.14078099330214,
          244.0,
          0
        ],
        [
          102.93264248704662,
          243.76165803108807,
          0
        ]
      ]
    },
    {
      "corners": [
        [
          36.352331606217604,
          199.97927461139895,
          2
        ],
        [
          53.19170984455957,
          209.30569948186528,
          2
        ],
        [
          39.97927461139895,
          235.47150259067357,
          2
        ],
        [
          19.25388601036268,
          225.3678756476684,
          2
        ]
      ]
    }
  ],
  "unconverted": []
}