{
  "image": "recordings/20260513_112256/img_000162.png",
  "image_width": 324,
  "image_height": 244,
  "gates": [
    {
      "corners": [
        [
          29.875647668393764,
          108.01036269430051,
          2
        ],
        [
          52.67357512953366,
          111.63730569948186,
          2
        ],
        [
          50.86010362694299,
          140.13471502590673,
          2
        ],
        [
          28.839378238341954,
          139.0984455958549,
          2
        ]
      ]
    },
    {
      "corners": [
        [
          110.18652849740931,
          141.68911917098444,
          2
        ],
        [
          136.09326424870466,
          143.24352331606218,
          2
        ],
        [
          133.50259067357513,
          181.06735751295338,
          2
        ],
        [
          107.59585492227978,
          180.03108808290156,
          2
        ]
      ]
    },
    {
      "corners": [
        [
          99.82383419689118,
          121.74093264248704,
          2
        ],
        [
          191.79274611398964,
          103.34715025906735,
          2
        ],
        [
          189.97927461139895,
          224.84974093264248,
          2
        ],
        [
          98.78756476683937,
          224.07253886010363,
          2
        ]
      ]
    }
  ],
  "unconverted": []
}