{
  "image": "recordings/20260513_112256/img_000194.png",
  "image_width": 324,
  "image_height": 244,
  "gates": [
    {
      "corners": [
        [
          133.76165803108807,
          105.16062176165802,
          2
        ],
        [
          162.77720207253884,
          94.27979274611398,
          2
        ],
        [
          155.9250030517578,
          193.8937530517578,
          2
        ],
        [
          129.87564766839378,
          182.36269430051814,
          2
        ]
      ]
    }
  ],
  "unconverted": []
}