{
  "image": "recordings/20260513_112256/img_000023.png",
  "image_width": 324,
  "image_height": 244,
  "gates": [
    {
      "corners": [
        [
          119.51295336787564,
          115.78238341968911,
          2
        ],
        [
          178.0621761658031,
          120.18652849740933,
          2
        ],
        [
          175.21243523316062,
          164.48704663212436,
          2
        ],
        [
          118.47668393782382,
          166.55958549222797,
          2
        ]
      ]
    },
    {
      "corners": [
        [
          73.91709844559584,
          102.82901554404144,
          2
        ],
        [
          102.67357512953367,
          109.04663212435233,
          2
        ],
        [
          100.34196891191709,
          137.28497409326425,
          2
        ],
        [
          72.10362694300517,
          134.95336787564767,
          2
        ]
      ]
    }
  ],
  "unconverted": []
}