{
  "image": "recordings/20260513_112256/img_000086.png",
  "image_width": 324,
  "image_height": 244,
  "gates": [
    {
      "corners": [
        [
          78.580310880829,
          148.42487046632124,
          2
        ],
        [
          134.27979274611397,
          148.68393782383419,
          2
        ],
        [
          132.9844559585492,
          200.23834196891193,
          2
        ],
        [
          78.580310880829,
          209.56476683937825,
          2
        ]
      ]
    }
  ],
  "unconverted": []
}