{
  "image": "recordings/20260513_112256/img_000083.png",
  "image_width": 324,
  "image_height": 244,
  "gates": [
    {
      "corners": [
        [
          97.23316062176164,
          146.3523316062176,
          2
        ],
        [
          128.83937823834196,
          146.09326424870466,
          2
        ],
        [
          125.73056994818651,
          187.5440414507772,
          2
        ],
        [
          92.31088082901553,
          190.13471502590673,
          2
        ]
      ]
    },
    {
      "corners": [
        [
          112.12987012987014,
          58.88311688311688,
          2
        ],
        [
          323.038961038961,
          41.480519480519476,
          0
        ],
        [
          323.8181818181818,
          190.57142857142856,
          0
        ],
        [
          92.3896103896104,
          191.87012987012986,
          2
        ]
      ]
    }
  ],
  "unconverted": []
}