{
  "image": "recordings/20260513_112256/img_000310.png",
  "image_width": 324,
  "image_height": 244,
  "gates": [
    {
      "corners": [
        [
          167.69948186528495,
          146.87046632124353,
          2
        ],
        [
          198.78756476683938,
          145.8341968911917,
          2
        ],
        [
          199.8238341968912,
          190.65284974093265,
          2
        ],
        [
          168.73575129533677,
          190.9119170984456,
          2
        ]
      ]
    }
  ],
  "unconverted": []
}