{
  "image": "recordings/20260513_112256/img_000056.png",
  "image_width": 324,
  "image_height": 244,
  "gates": [
    {
      "corners": [
        [
          84.79792746113989,
          130.8082901554404,
          2
        ],
        [
          190.75647668393782,
          132.10362694300517,
          2
        ],
        [
          191.3625030517578,
          229.3312530517578,
          2
        ],
        [
          89.0999984741211,
          236.4187469482422,
          2
        ]
      ]
    },
    {
      "corners": [
        [
          0.3419689119170819,
          178.21761658031087,
          0
        ],
        [
          21.262500762939453,
          172.63125610351562,
          2
        ],
        [
          26.507772020725373,
          213.7098445595855,
          2
        ],
        [
          0.0,
          228.31874084472656,
          0
        ]
      ]
    }
  ],
  "unconverted": []
}