{
  "image": "recordings/20260513_112256/img_000058.png",
  "image_width": 324,
  "image_height": 244,
  "gates": [
    {
      "corners": [
        [
          105.78238341968911,
          110.34196891191709,
          2
        ],
        [
          198.5284974093264,
          117.85492227979275,
          2
        ],
        [
          192.375,
          207.05624389648438,
          2
        ],
        [
          101.3782383419689,
          208.52849740932643,
          2
        ]
      ]
    },
    {
      "corners": [
        [
          0.0,
          161.11917098445596,
          0
        ],
        [
          25.471502590673555,
          158.26943005181346,
          2
        ],
        [
          28.321243523316046,
          199.97927461139895,
          2
        ],
        [
          0.0,
          212.11874389648438,
          0
        ]
      ]
    }
  ],
  "unconverted": []
}