{
  "image": "recordings/20260513_112256/img_000103.png",
  "image_width": 324,
  "image_height": 244,
  "gates": [
    {
      "corners": [
        [
          53.96891191709844,
          132.88082901554404,
          2
        ],
        [
          132.4663212435233,
          129.2538860103627,
          2
        ],
        [
          136.61139896373055,
          205.93782383419688,
          2
        ],
        [
          59.668393782383404,
          210.3419689119171,
          2
        ]
      ]
    },
    {
      "corners": [
        [
          0.0,
          144.02072538860102,
          0
        ],
        [
          10.445595854922264,
          144.02072538860102,
          2
        ],
        [
          11.222797927461123,
          182.6217616580311,
          2
        ],
        [
          0.0,
          187.81875610351562,
          0
        ]
      ]
    }
  ],
  "unconverted": []
}