{
  "image": "recordings/20260513_112256/img_000109.png",
  "image_width": 324,
  "image_height": 244,
  "gates": [
    {
      "corners": [
        [
          134.53886010362694,
          135.9896373056995,
          2
        ],
        [
          205.52331606217615,
          135.21243523316062,
          2
        ],
        [
          204.48704663212433,
          211.3782383419689,
          2
        ],
        [
          135.57512953367873,
          205.16062176165804,
          2
        ]
      ]
    },
    {
      "corners": [
        [
          78.0621761658031,
          143.24352331606218,
          2
        ],
        [
          100.860103626943,
          144.279792746114,
          2
        ],
        [
          100.08290155440413,
          176.66321243523316,
          2
        ],
        [
          78.580310880829,
          177.69948186528498,
          2
        ]
      ]
    }
  ],
  "unconverted": []
}