{
  "image": "recordings/20260513_112256/img_000249.png",
  "image_width": 324,
  "image_height": 244,
  "gates": [
    {
      "corners": [
        [
          0.3419689119170819,
          144.7979274611399,
          0
        ],
        [
          30.91191709844558,
          144.53886010362694,
          2
        ],
        [
          28.839378238341954,
          178.21761658031087,
          2
        ],
        [
          0.0,
          187.48741672834936,
          0
        ]
      ]
    }
  ],
  "unconverted": []
}