{
  "image": "recordings/20260513_112256/img_000053.png",
  "image_width": 324,
  "image_height": 244,
  "gates": [
    {
      "corners": [
        [
          20.549222797927445,
          141.4300518134715,
          2
        ],
        [
          131.68911917098444,
          143.76165803108807,
          2
        ],
        [
          129.87602254622377,
          244.0,
          0
        ],
        [
          29.09844559585491,
          244.0,
          0
        ]
      ]
    },
    {
      "corners": [
        [
          22.621761658031073,
          170.96373056994818,
          2
        ],
        [
          28.06217616580309,
          169.66839378238342,
          2
        ],
        [
          32.72538860103626,
          206.19689119170985,
          2
        ],
        [
          26.766839378238327,
          209.30569948186528,
          2
        ]
      ]
    }
  ],
  "unconverted": []
}