{
  "image": "recordings/20260513_112256/img_000215.png",
  "image_width": 324,
  "image_height": 244,
  "gates": [
    {
      "corners": [
        [
          173.91709844559585,
          142.20725388601036,
          2
        ],
        [
          208.6321243523316,
          134.1761658031088,
          2
        ],
        [
          209.66839378238342,
          236.24870466321244,
          2
        ],
        [
          173.13989637305698,
          218.37305699481865,
          2
        ]
      ]
    },
    {
      "corners": [
        [
          184.02072538860102,
          140.65284974093265,
          2
        ],
        [
          205.2642487046632,
          135.47150259067357,
          2
        ],
        [
          204.48704663212433,
          160.3419689119171,
          2
        ],
        [
          184.02072538860102,
          161.3782383419689,
          2
        ]
      ]
    }
  ],
  "unconverted": []
}