{
  "image": "recordings/20260513_112256/img_000077.png",
  "image_width": 324,
  "image_height": 244,
  "gates": [
    {
      "corners": [
        [
          124.43523316062175,
          119.15025906735751,
          2
        ],
        [
          182.9844559585492,
          128.47668393782382,
          2
        ],
        [
          156.04145077720207,
          241.4300518134715,
          0
        ],
        [
          113.55440414507771,
          197.12953367875647,
          2
        ]
      ]
    },
    {
      "corners": [
        [
          134.02072538860102,
          152.31088082901553,
          2
        ],
        [
          165.10880829015542,
          153.6062176165803,
          2
        ],
        [
          162.5181347150259,
          183.91709844559585,
          2
        ],
        [
          132.20725388601036,
          184.95336787564767,
          2
        ]
      ]
    },
    {
      "corners": [
        [
          50.86010362694299,
          139.0984455958549,
          2
        ],
        [
          63.29533678756475,
          139.0984455958549,
          2
        ],
        [
          60.96373056994817,
          164.7461139896373,
          2
        ],
        [
          49.56476683937822,
          167.85492227979273,
          2
        ]
      ]
    }
  ],
  "unconverted": []
}