{
  "image": "recordings/20260513_112256/img_000049.png",
  "image_width": 324,
  "image_height": 244,
  "gates": [
    {
      "corners": [
        [
          82.9844559585492,
          116.04145077720207,
          2
        ],
        [
          148.5284974093264,
          113.96891191709844,
          2
        ],
        [
          144.78750610351562,
          220.21875,
          2
        ],
        [
          82.9844559585492,
          195.57512953367876,
          2
        ]
      ]
    },
    {
      "corners": [
        [
          83.24352331606217,
          152.5699481865285,
          2
        ],
        [
          114.84974093264248,
          149.2020725388601,
          2
        ],
        [
          116.14507772020724,
          180.2901554404145,
          2
        ],
        [
          85.05000305175781,
          187.81875610351562,
          2
        ]
      ]
    }
  ],
  "unconverted": []
}