{
  "image": "recordings/20260513_112256/img_000240.png",
  "image_width": 324,
  "image_height": 244,
  "gates": [
    {
      "corners": [
        [
          154.48704663212433,
          105.16062176165802,
          2
        ],
        [
          188.3249969482422,
          91.6312484741211,
          2
        ],
        [
          197.49222797927462,
          152.05181347150258,
          2
        ],
        [
          160.96373056994818,
          159.04663212435233,
          2
        ]
      ]
    }
  ],
  "unconverted": []
}