{
  "image": "recordings/20260513_112256/img_000046.png",
  "image_width": 324,
  "image_height": 244,
  "gates": [
    {
      "corners": [
        [
          127.57499694824219,
          96.6937484741211,
          2
        ],
        [
          199.46249389648438,
          79.48124694824219,
          2
        ],
        [
          183.2624969482422,
          198.9562530517578,
          2
        ],
        [
          119.51295336787564,
          179.51295336787564,
          2
        ]
      ]
    },
    {
      "corners": [
        [
          24.17616580310879,
          148.94300518134716,
          2
        ],
        [
          35.575129533678734,
          149.46113989637306,
          2
        ],
        [
          34.79792746113988,
          178.47668393782382,
          2
        ],
        [
          22.880829015544027,
          180.54922279792746,
          2
        ]
      ]
    },
    {
      "corners": [
        [
          122.36269430051811,
          151.79274611398964,
          2
        ],
        [
          148.26943005181346,
          152.05181347150258,
          2
        ],
        [
          148.5284974093264,
          182.88082901554404,
          2
        ],
        [
          120.29015544041451,
          179.2538860103627,
          2
        ]
      ]
    }
  ],
  "unconverted": []
}