{
  "image": "recordings/20260513_112256/img_000038.png",
  "image_width": 324,
  "image_height": 244,
  "gates": [
    {
      "corners": [
        [
          120.8082901554404,
          63.45077720207253,
          2
        ],
        [
          213.29533678756476,
          66.81865284974093,
          2
        ],
        [
          208.5749969482422,
          159.46875,
          2
        ],
        [
          118.21761658031087,
          156.71502590673575,
          2
        ]
      ]
    },
    {
      "corners": [
        [
          35.834196891191695,
          136.24870466321244,
          2
        ],
        [
          70.2901554404145,
          136.50777202072538,
          2
        ],
        [
          71.84455958549222,
          172.77720207253887,
          2
        ],
        [
          39.72020725388599,
          180.8082901554404,
          2
        ]
      ]
    }
  ],
  "unconverted": []
}