{
  "image": "recordings/20260513_112256/img_000225.png",
  "image_width": 324,
  "image_height": 244,
  "gates": [
    {
      "corners": [
        [
          138.42487046632124,
          140.39378238341968,
          2
        ],
        [
          162.25906735751295,
          138.83937823834196,
          2
        ],
        [
          162.77720207253884,
          147.90673575129534,
          2
        ],
        [
          139.2020725388601,
          151.79274611398964,
          2
        ]
      ]
    },
    {
      "corners": [
        [
          140.49740932642487,
          175.62694300518135,
          2
        ],
        [
          205.52331606217615,
          173.5544041450777,
          2
        ],
        [
          206.30051813471502,
          243.76165803108807,
          0
        ],
        [
          143.86528497409324,
          243.76165803108807,
          0
        ]
      ]
    }
  ],
  "unconverted": []
}