{
  "image": "recordings/20260513_112256/img_000165.png",
  "image_width": 324,
  "image_height": 244,
  "gates": [
    {
      "corners": [
        [
          44.64248704663211,
          103.0880829015544,
          2
        ],
        [
          69.77202072538859,
          106.19689119170984,
          2
        ],
        [
          69.77202072538859,
          139.61658031088083,
          2
        ],
        [
          43.86528497409324,
          138.83937823834196,
          2
        ]
      ]
    },
    {
      "corners": [
        [
          130.13471502590673,
          131.84455958549222,
          2
        ],
        [
          166.9222797927461,
          133.13989637305698,
          2
        ],
        [
          165.3678756476684,
          185.7305699481865,
          2
        ],
        [
          128.0621761658031,
          184.69430051813472,
          2
        ]
      ]
    }
  ],
  "unconverted": []
}