{
  "image": "recordings/20260513_112256/img_000277.png",
  "image_width": 324,
  "image_height": 244,
  "gates": [
    {
      "corners": [
        [
          138.42487046632124,
          156.4559585492228,
          2
        ],
        [
          182.9844559585492,
          162.41450777202073,
          2
        ],
        [
          184.02072538860102,
          204.6424870466321,
          2
        ],
        [
          141.53367875647666,
          194.279792746114,
          2
        ]
      ]
    },
    {
      "corners": [
        [
          162.0,
          132.88082901554404,
          2
        ],
        [
          184.02072538860102,
          133.6580310880829,
          2
        ],
        [
          184.53886010362694,
          146.87046632124353,
          2
        ],
        [
          161.22279792746113,
          146.87046632124353,
          2
        ]
      ]
    },
    {
      "corners": [
        [
          124.1761658031088,
          146.09326424870466,
          2
        ],
        [
          131.17098445595855,
          145.8341968911917,
          2
        ],
        [
          132.9844559585492,
          162.15544041450778,
          2
        ],
        [
          124.1761658031088,
          163.1917098445596,
          2
        ]
      ]
    }
  ],
  "unconverted": []
}