{
  "image": "recordings/20260513_112256/img_000246.png",
  "image_width": 324,
  "image_height": 244,
  "gates": [
    {
      "corners": [
        [
          130.13471502590673,
          54.901554404145074,
          2
        ],
        [
          196.4559585492228,
          34.69430051813471,
          2
        ],
        [
          186.87046632124353,
          164.48704663212436,
          2
        ],
        [
          127.57499694824219,
          155.4187469482422,
          2
        ]
      ]
    }
  ],
  "unconverted": []
}