{
  "image": "recordings/20260513_112256/img_000284.png",
  "image_width": 324,
  "image_height": 244,
  "gates": [
    {
      "corners": [
        [
          157.85492227979273,
          176.14507772020724,
          2
        ],
        [
          167.18134715025906,
          175.10880829015545,
          2
        ],
        [
          166.66321243523316,
          188.58031088082902,
          2
        ],
        [
          157.33678756476684,
          192.72538860103626,
          2
        ]
      ]
    },
    {
      "corners": [
        [
          198.0103626943005,
          167.59585492227978,
          2
        ],
        [
          222.10362694300517,
          170.70466321243524,
          2
        ],
        [
          219.2538860103627,
          196.61139896373058,
          2
        ],
        [
          195.16062176165804,
          191.4300518134715,
          2
        ]
      ]
    },
    {
      "corners": [
        [
          175.21243523316062,
          198.1658031088083,
          2
        ],
        [
          223.39896373056993,
          210.3419689119171,
          2
        ],
        [
          222.281376526837,
          258.3982186724341,
          0
        ],
        [
          176.24870466321244,
          237.0259067357513,
          2
        ]
      ]
    }
  ],
  "unconverted": []
}