{
  "image": "recordings/20260513_112256/img_000120.png",
  "image_width": 324,
  "image_height": 244,
  "gates": [
    {
      "corners": [
        [
          26.507772020725373,
          68.89119170984455,
          2
        ],
        [
          49.56476683937822,
          69.15025906735751,
          2
        ],
        [
          54.746113989637294,
          99.46113989637306,
          2
        ],
        [
          32.984455958549205,
          101.01554404145077,
          2
        ]
      ]
    },
    {
      "corners": [
        [
          129.6165803108808,
          135.9896373056995,
          2
        ],
        [
          209.40932642487047,
          161.8963730569948,
          2
        ],
        [
          200.08290155440415,
          240.13471502590673,
          2
        ],
        [
          134.7979274611399,
          208.0103626943005,
          2
        ]
      ]
    },
    {
      "corners": [
        [
          117.440414507772,
          104.12435233160622,
          2
        ],
        [
          142.82901554404145,
          104.38341968911917,
          2
        ],
        [
          142.56994818652848,
          115.78238341968911,
          2
        ],
        [
          118.21761658031087,
          111.37823834196891,
          2
        ]
      ]
    }
  ],
  "unconverted": []
}