{
  "image": "recordings/20260513_112256/img_000026.png",
  "image_width": 324,
  "image_height": 244,
  "gates": [
    {
      "corners": [
        [
          83.50259067357511,
          92.20725388601036,
          2
        ],
        [
          142.56994818652848,
          97.12953367875647,
          2
        ],
        [
          142.82901554404145,
          153.6062176165803,
          2
        ],
        [
          82.46632124352331,
          152.05181347150258,
          2
        ]
      ]
    },
    {
      "corners": [
        [
          0.3419689119170819,
          141.4300518134715,
          0
        ],
        [
          27.284974093264236,
          142.4663212435233,
          2
        ],
        [
          28.580310880829,
          175.62694300518135,
          2
        ],
        [
          0.0,
          181.29150912570603,
          0
        ]
      ]
    }
  ],
  "unconverted": []
}