{
  "image": "recordings/20260513_112256/img_000150.png",
  "image_width": 324,
  "image_height": 244,
  "gates": [
    {
      "corners": [
        [
          138.68393782383419,
          127.95854922279793,
          2
        ],
        [
          199.56476683937822,
          91.17098445595855,
          2
        ],
        [
          214.84974093264248,
          143.24352331606218,
          2
        ],
        [
          125.21243523316062,
          183.6580310880829,
          2
        ]
      ]
    },
    {
      "corners": [
        [
          31.94818652849739,
          186.76683937823833,
          2
        ],
        [
          50.08290155440413,
          197.38860103626942,
          2
        ],
        [
          35.834196891191695,
          222.0,
          2
        ],
        [
          15.626943005181332,
          211.8963730569948,
          2
        ]
      ]
    },
    {
      "corners": [
        [
          106.04145077720206,
          212.67357512953367,
          2
        ],
        [
          129.35751295336786,
          220.96373056994818,
          2
        ],
        [
          123.92198870582756,
          244.0,
          0
        ],
        [
          94.90155440414507,
          244.0,
          0
        ]
      ]
    }
  ],
  "unconverted": []
}