{
  "image": "recordings/20260513_112256/img_000228.png",
  "image_width": 324,
  "image_height": 244,
  "gates": [
    {
      "corners": [
        [
          139.2020725388601,
          154.12435233160622,
          2
        ],
        [
          159.40932642487047,
          152.5699481865285,
          2
        ],
        [
          158.6321243523316,
          170.70466321243524,
          2
        ],
        [
          139.97927461139895,
          170.96373056994818,
          2
        ]
      ]
    },
    {
      "corners": [
        [
          139.2020725388601,
          154.38341968911917,
          2
        ],
        [
          202.93264248704662,
          147.12953367875647,
          2
        ],
        [
          203.19170984455957,
          243.50259067357513,
          0
        ],
        [
          141.53367875647666,
          243.50259067357513,
          0
        ]
      ]
    }
  ],
  "unconverted": []
}