{
  "image": "recordings/20260513_112256/img_000096.png",
  "image_width": 324,
  "image_height": 244,
  "gates": [
    {
      "corners": [
        [
          0.3419689119170819,
          182.6217616580311,
          0
        ],
        [
          11.999999999999982,
          182.10362694300517,
          2
        ],
        [
          18.474516010145887,
          244.0,
          0
        ],
        [
          0.3419689119170819,
          243.76165803108807,
          0
        ]
      ]
    }
  ],
  "unconverted": []
}