{
  "image": "recordings/20260513_112256/img_000030.png",
  "image_width": 324,
  "image_height": 244,
  "gates": [
    {
      "corners": [
        [
          13.813471502590655,
          144.02072538860102,
          2
        ],
        [
          44.124352331606204,
          144.02072538860102,
          2
        ],
        [
          44.124352331606204,
          178.7357512953368,
          2
        ],
        [
          14.849740932642469,
          183.91709844559585,
          2
        ]
      ]
    },
    {
      "corners": [
        [
          97.4922279792746,
          90.91191709844558,
          2
        ],
        [
          158.37305699481865,
          95.83419689119171,
          2
        ],
        [
          157.85492227979273,
          157.49222797927462,
          2
        ],
        [
          96.45595854922279,
          154.9015544041451,
          2
        ]
      ]
    }
  ],
  "unconverted": []
}