{
  "image": "recordings/20260513_112256/img_000131.png",
  "image_width": 324,
  "image_height": 244,
  "gates": [
    {
      "corners": [
        [
          121.84455958549222,
          113.70984455958549,
          2
        ],
        [
          144.12435233160622,
          112.15544041450777,
          2
        ],
        [
          144.38341968911917,
          140.65284974093265,
          2
        ],
        [
          122.88082901554404,
          143.50259067357513,
          2
        ]
      ]
    },
    {
      "corners": [
        [
          28.839378238341954,
          68.37305699481864,
          2
        ],
        [
          52.67357512953366,
          64.2279792746114,
          2
        ],
        [
          59.927461139896366,
          94.02072538860104,
          2
        ],
        [
          39.72020725388599,
          99.97927461139896,
          2
        ]
      ]
    },
    {
      "corners": [
        [
          127.80310880829015,
          191.68911917098444,
          2
        ],
        [
          180.39378238341968,
          236.50777202072538,
          2
        ],
        [
          178.82375085082447,
          277.32859186820207,
          0
        ],
        [
          134.7979274611399,
          227.69948186528498,
          2
        ]
      ]
    }
  ],
  "unconverted": []
}