{
  "image": "recordings/20260513_112256/img_000190.png",
  "image_width": 324,
  "image_height": 244,
  "gates": [
    {
      "corners": [
        [
          124.5374984741211,
          88.59375,
          2
        ],
        [
          188.42487046632124,
          77.18134715025906,
          2
        ],
        [
          175.47150259067357,
          204.38341968911917,
          2
        ],
        [
          116.92227979274611,
          187.80310880829015,
          2
        ]
      ]
    },
    {
      "corners": [
        [
          123.91709844559585,
          96.09326424870466,
          2
        ],
        [
          142.05181347150258,
          96.35233160621762,
          2
        ],
        [
          138.68393782383419,
          134.95336787564767,
          2
        ],
        [
          121.58549222797927,
          132.36269430051814,
          2
        ]
      ]
    }
  ],
  "unconverted": []
}