{
  "image": "recordings/20260513_112256/img_000296.png",
  "image_width": 324,
  "image_height": 244,
  "gates": [
    {
      "corners": [
        [
          217.69948186528498,
          137.80310880829015,
          2
        ],
        [
          281.4300518134715,
          147.64766839378237,
          2
        ],
        [
          258.8911917098446,
          244.0,
          0
        ],
        [
          209.66839378238342,
          206.19689119170985,
          2
        ]
      ]
    },
    {
      "corners": [
        [
          214.33160621761658,
          160.3419689119171,
          2
        ],
        [
          245.16062176165804,
          160.3419689119171,
          2
        ],
        [
          242.82901554404145,
          190.9119170984456,
          2
        ],
        [
          212.77720207253884,
          190.9119170984456,
          2
        ]
      ]
    },
    {
      "corners": [
        [
          139.46113989637306,
          151.79274611398964,
          2
        ],
        [
          146.71502590673575,
          152.5699481865285,
          2
        ],
        [
          146.19689119170982,
          173.81347150259066,
          2
        ],
        [
          139.2020725388601,
          176.40414507772022,
          2
        ]
      ]
    },
    {
      "corners": [
        [
          41.533678756476675,
          125.36787564766838,
          2
        ],
        [
          53.70984455958548,
          125.10880829015544,
          2
        ],
        [
          55.2642487046632,
          154.12435233160622,
          2
        ],
        [
          44.64248704663211,
          157.23316062176164,
          2
        ]
      ]
    }
  ],
  "unconverted": []
}