{
  "image": "recordings/20260513_112256/img_000074.png",
  "image_width": 324,
  "image_height": 244,
  "gates": [
    {
      "corners": [
        [
          130.65284974093262,
          147.12953367875647,
          2
        ],
        [
          163.29533678756476,
          148.1658031088083,
          2
        ],
        [
          161.48186528497408,
          179.2538860103627,
          2
        ],
        [
          129.87564766839378,
          181.84455958549222,
          2
        ]
      ]
    },
    {
      "corners": [
        [
          123.65803108808288,
          110.08290155440415,
          2
        ],
        [
          190.2383419689119,
          110.860103626943,
          2
        ],
        [
          169.08749389648438,
          232.36874389648438,
          2
        ],
        [
          115.42499542236328,
          194.90625,
          2
        ]
      ]
    },
    {
      "corners": [
        [
          43.08808290155439,
          140.39378238341968,
          2
        ],
        [
          55.78238341968911,
          140.13471502590673,
          2
        ],
        [
          55.00518134715024,
          167.59585492227978,
          2
        ],
        [
          42.31088082901553,
          169.92746113989637,
          2
        ]
      ]
    }
  ],
  "unconverted": []
}