{
  "image": "recordings/20260513_112256/img_000231.png",
  "image_width": 324,
  "image_height": 244,
  "gates": [
    {
      "corners": [
        [
          150.3419689119171,
          120.70466321243524,
          2
        ],
        [
          174.6943005181347,
          118.6321243523316,
          2
        ],
        [
          172.6217616580311,
          158.0103626943005,
          2
        ],
        [
          147.49222797927462,
          157.49222797927462,
          2
        ]
      ]
    },
    {
      "corners": [
        [
          140.49740932642487,
          83.6580310880829,
          2
        ],
        [
          221.84455958549222,
          33.139896373056985,
          2
        ],
        [
          218.21761658031087,
          208.78756476683938,
          2
        ],
        [
          129.87564766839378,
          207.75129533678756,
          2
        ]
      ]
    }
  ],
  "unconverted": []
}