{
  "image": "recordings/20260513_112256/img_000087.png",
  "image_width": 324,
  "image_height": 244,
  "gates": [
    {
      "corners": [
        [
          78.580310880829,
          147.64766839378237,
          2
        ],
        [
          140.2383419689119,
          146.87046632124353,
          2
        ],
        [
          139.46113989637306,
          200.49740932642487,
          2
        ],
        [
          80.65284974093264,
          211.3782383419689,
          2
        ]
      ]
    }
  ],
  "unconverted": []
}