{
  "image": "recordings/20260513_112256/img_000134.png",
  "image_width": 324,
  "image_height": 244,
  "gates": [
    {
      "corners": [
        [
          125.47150259067357,
          103.0880829015544,
          2
        ],
        [
          150.3419689119171,
          102.05181347150258,
          2
        ],
        [
          148.5284974093264,
          133.13989637305698,
          2
        ],
        [
          126.50777202072538,
          133.91709844559585,
          2
        ]
      ]
    },
    {
      "corners": [
        [
          39.97927461139895,
          55.937823834196884,
          2
        ],
        [
          62.518134715025894,
          54.64248704663212,
          2
        ],
        [
          66.66321243523315,
          85.73056994818653,
          2
        ],
        [
          45.93782383419688,
          87.5440414507772,
          2
        ]
      ]
    },
    {
      "corners": [
        [
          129.35751295336786,
          161.8963730569948,
          2
        ],
        [
          184.27979274611397,
          202.05181347150258,
          2
        ],
        [
          175.17375301844467,
          250.92089334332798,
          0
        ],
        [
          132.72538860103626,
          207.23316062176167,
          2
        ]
      ]
    }
  ],
  "unconverted": []
}