{
  "image": "recordings/20260513_112256/img_000147.png",
  "image_width": 324,
  "image_height": 244,
  "gates": [
    {
      "corners": [
        [
          127.57499694824219,
          106.8187484741211,
          2
        ],
        [
          197.4375,
          63.28125,
          2
        ],
        [
          211.6125030517578,
          142.25625610351562,
          2
        ],
        [
          120.03108808290153,
          168.1139896373057,
          2
        ]
      ]
    },
    {
      "corners": [
        [
          103.45077720207253,
          182.36269430051814,
          2
        ],
        [
          125.73056994818651,
          192.98445595854923,
          2
        ],
        [
          121.06735751295335,
          225.10880829015545,
          2
        ],
        [
          94.38341968911917,
          220.96373056994818,
          2
        ]
      ]
    },
    {
      "corners": [
        [
          25.73056994818651,
          157.75129533678756,
          2
        ],
        [
          45.678756476683915,
          166.30051813471502,
          2
        ],
        [
          36.352331606217604,
          193.24352331606218,
          2
        ],
        [
          13.813471502590655,
          186.24870466321244,
          2
        ]
      ]
    }
  ],
  "unconverted": []
}