{
  "image": "recordings/20260513_112256/img_000072.png",
  "image_width": 324,
  "image_height": 244,
  "gates": [
    {
      "corners": [
        [
          116.14507772020724,
          103.34715025906735,
          2
        ],
        [
          189.46113989637306,
          95.05699481865284,
          2
        ],
        [
          179.21249389648438,
          228.31874084472656,
          2
        ],
        [
          114.84974093264248,
          189.61658031088083,
          2
        ]
      ]
    },
    {
      "corners": [
        [
          122.88082901554404,
          142.98445595854923,
          2
        ],
        [
          155.7823834196891,
          140.9119170984456,
          2
        ],
        [
          154.91250610351562,
          173.6437530517578,
          2
        ],
        [
          123.65803108808288,
          178.47668393782382,
          2
        ]
      ]
    },
    {
      "corners": [
        [
          29.875647668393764,
          144.53886010362694,
          2
        ],
        [
          41.274611398963714,
          143.24352331606218,
          2
        ],
        [
          44.124352331606204,
          170.70466321243524,
          2
        ],
        [
          32.984455958549205,
          175.3678756476684,
          2
        ]
      ]
    }
  ],
  "unconverted": []
}