{
  "image": "recordings/20260513_112256/img_000159.png",
  "image_width": 324,
  "image_height": 244,
  "gates": [
    {
      "corners": [
        [
          157.59585492227978,
          132.36269430051814,
          2
        ],
        [
          181.68911917098444,
          135.47150259067357,
          2
        ],
        [
          179.61658031088083,
          154.9015544041451,
          2
        ],
        [
          155.7823834196891,
          153.86528497409327,
          2
        ]
      ]
    },
    {
      "corners": [
        [
          162.0,
          78.46875,
          2
        ],
        [
          223.7624969482422,
          34.931251525878906,
          2
        ],
        [
          212.625,
          155.4187469482422,
          2
        ],
        [
          154.7461139896373,
          153.6062176165803,
          2
        ]
      ]
    },
    {
      "corners": [
        [
          96.19689119170984,
          108.78756476683937,
          2
        ],
        [
          112.5181347150259,
          112.93264248704662,
          2
        ],
        [
          108.89119170984455,
          135.7305699481865,
          2
        ],
        [
          92.31088082901553,
          132.36269430051814,
          2
        ]
      ]
    }
  ],
  "unconverted": []
}