{
  "image": "recordings/20260513_112256/img_000278.png",
  "image_width": 324,
  "image_height": 244,
  "gates": [
    {
      "corners": [
        [
          167.69948186528495,
          162.67357512953367,
          2
        ],
        [
          190.75647668393782,
          165.78238341968913,
          2
        ],
        [
          190.2383419689119,
          189.3575129533679,
          2
        ],
        [
          167.18134715025906,
          185.9896373056995,
          2
        ]
      ]
    },
    {
      "corners": [
        [
          129.0984455958549,
          172.0,
          2
        ],
        [
          138.71249389648438,
          168.5812530517578,
          2
        ],
        [
          138.42487046632124,
          183.39896373056993,
          2
        ],
        [
          129.6165803108808,
          187.80310880829015,
          2
        ]
      ]
    },
    {
      "corners": [
        [
          148.26943005181346,
          200.23834196891193,
          2
        ],
        [
          194.12435233160622,
          211.11917098445596,
          2
        ],
        [
          194.45329693764396,
          252.23724673917263,
          0
        ],
        [
          150.3419689119171,
          234.69430051813472,
          2
        ]
      ]
    }
  ],
  "unconverted": []
}