{
  "image": "recordings/20260513_112256/img_000243.png",
  "image_width": 324,
  "image_height": 244,
  "gates": [
    {
      "corners": [
        [
          179.35751295336786,
          112.41450777202073,
          2
        ],
        [
          218.73575129533677,
          103.60621761658031,
          2
        ],
        [
          219.71249389648438,
          171.61874389648438,
          2
        ],
        [
          179.35751295336786,
          170.96373056994818,
          2
        ]
      ]
    }
  ],
  "unconverted": []
}