{
  "image": "recordings/20260513_112256/img_000153.png",
  "image_width": 324,
  "image_height": 244,
  "gates": [
    {
      "corners": [
        [
          150.8625030517578,
          136.18124389648438,
          2
        ],
        [
          208.5749969482422,
          95.6812515258789,
          2
        ],
        [
          218.6999969482422,
          146.30624389648438,
          2
        ],
        [
          140.75647668393782,
          184.43523316062175,
          2
        ]
      ]
    },
    {
      "corners": [
        [
          124.6943005181347,
          218.37305699481865,
          2
        ],
        [
          147.75129533678756,
          225.10880829015545,
          2
        ],
        [
          143.34715025906735,
          244.0,
          0
        ],
        [
          116.92227979274611,
          244.0,
          0
        ]
      ]
    },
    {
      "corners": [
        [
          55.2642487046632,
          195.57512953367876,
          2
        ],
        [
          71.32642487046631,
          203.86528497409327,
          2
        ],
        [
          59.927461139896366,
          228.21761658031087,
          2
        ],
        [
          42.31088082901553,
          219.15025906735752,
          2
        ]
      ]
    }
  ],
  "unconverted": []
}