{
  "image": "recordings/20260513_112256/img_000089.png",
  "image_width": 324,
  "image_height": 244,
  "gates": [
    {
      "corners": [
        [
          58.89119170984455,
          151.79274611398964,
          2
        ],
        [
          129.87564766839378,
          152.05181347150258,
          2
        ],
        [
          130.6125030517578,
          211.1062469482422,
          2
        ],
        [
          61.76250076293945,
          228.31874084472656,
          2
        ]
      ]
    }
  ],
  "unconverted": []
}