{
  "image": "recordings/20260513_112256/img_000189.png",
  "image_width": 324,
  "image_height": 244,
  "gates": [
    {
      "corners": [
        [
          139.72500610351562,
          92.64375305175781,
          2
        ],
        [
          206.04145077720207,
          86.24870466321244,
          2
        ],
        [
          188.42487046632124,
          213.96891191709844,
          2
        ],
        [
          128.58031088082902,
          191.17098445595855,
          2
        ]
      ]
    },
    {
      "corners": [
        [
          139.97927461139895,
          93.76165803108807,
          2
        ],
        [
          148.78756476683938,
          93.76165803108807,
          2
        ],
        [
          144.12435233160622,
          131.32642487046633,
          2
        ],
        [
          135.3160621761658,
          130.54922279792746,
          2
        ]
      ]
    },
    {
      "corners": [
        [
          123.13989637305698,
          90.91191709844558,
          2
        ],
        [
          126.76683937823833,
          90.91191709844558,
          2
        ],
        [
          123.13989637305698,
          129.51295336787564,
          2
        ],
        [
          118.21761658031087,
          128.21761658031087,
          2
        ]
      ]
    }
  ],
  "unconverted": []
}