{
  "image": "recordings/20260513_112256/img_000197.png",
  "image_width": 324,
  "image_height": 244,
  "gates": [
    {
      "corners": [
        [
          140.2383419689119,
          121.22279792746113,
          2
        ],
        [
          156.81865284974091,
          112.67357512953367,
          2
        ],
        [
          153.96891191709844,
          196.61139896373058,
          2
        ],
        [
          137.38860103626942,
          185.47150259067357,
          2
        ]
      ]
    },
    {
      "corners": [
        [
          167.18134715025906,
          110.860103626943,
          2
        ],
        [
          188.42487046632124,
          108.26943005181347,
          2
        ],
        [
          185.8341968911917,
          141.4300518134715,
          2
        ],
        [
          166.14507772020724,
          140.9119170984456,
          2
        ]
      ]
    }
  ],
  "unconverted": []
}