{
  "image": "recordings/20260513_112256/img_000233.png",
  "image_width": 324,
  "image_height": 244,
  "gates": [
    {
      "corners": [
        [
          152.15544041450775,
          130.54922279792746,
          2
        ],
        [
          178.0621761658031,
          127.18134715025906,
          2
        ],
        [
          178.83937823834196,
          170.1865284974093,
          2
        ],
        [
          151.63730569948186,
          170.1865284974093,
          2
        ]
      ]
    },
    {
      "corners": [
        [
          129.0984455958549,
          113.70984455958549,
          2
        ],
        [
          231.4300518134715,
          57.233160621761655,
          2
        ],
        [
          236.87046632124353,
          191.94818652849742,
          2
        ],
        [
          128.58031088082902,
          191.68911917098444,
          2
        ]
      ]
    }
  ],
  "unconverted": []
}