{
  "image": "recordings/20260513_112256/img_000104.png",
  "image_width": 324,
  "image_height": 244,
  "gates": [
    {
      "corners": [
        [
          61.999999999999986,
          134.95336787564767,
          2
        ],
        [
          137.64766839378237,
          130.8082901554404,
          2
        ],
        [
          144.12435233160622,
          205.93782383419688,
          2
        ],
        [
          71.32642487046631,
          209.8238341968912,
          2
        ]
      ]
    },
    {
      "corners": [
        [
          0.0,
          147.38860103626942,
          0
        ],
        [
          21.84455958549221,
          147.64766839378237,
          2
        ],
        [
          22.621761658031073,
          184.95336787564767,
          2
        ],
        [
          0.0,
          189.61658031088083,
          0
        ]
      ]
    }
  ],
  "unconverted": []
}