{
  "image": "recordings/20260513_112256/img_000206.png",
  "image_width": 324,
  "image_height": 244,
  "gates": [
    {
      "corners": [
        [
          187.90673575129532,
          132.36269430051814,
          2
        ],
        [
          202.67357512953367,
          131.84455958549222,
          2
        ],
        [
          200.08290155440415,
          161.8963730569948,
          2
        ],
        [
          186.09326424870466,
          160.08290155440415,
          2
        ]
      ]
    },
    {
      "corners": [
        [
          139.720207253886,
          148.94300518134716,
          2
        ],
        [
          142.56994818652848,
          146.3523316062176,
          2
        ],
        [
          138.94300518134713,
          208.26943005181346,
          2
        ],
        [
          135.57512953367873,
          202.31088082901553,
          2
        ]
      ]
    }
  ],
  "unconverted": []
}