{
  "image": "recordings/20260513_112256/img_000064.png",
  "image_width": 324,
  "image_height": 244,
  "gates": [
    {
      "corners": [
        [
          115.36787564766837,
          58.787564766839374,
          2
        ],
        [
          228.83937823834196,
          61.89637305699481,
          2
        ],
        [
          210.70466321243524,
          182.10362694300517,
          2
        ],
        [
          108.6321243523316,
          165.52331606217615,
          2
        ]
      ]
    },
    {
      "corners": [
        [
          52.67357512953366,
          126.4041450777202,
          2
        ],
        [
          89.46113989637304,
          126.92227979274611,
          2
        ],
        [
          88.68393782383419,
          161.63730569948186,
          2
        ],
        [
          56.30051813471502,
          169.66839378238342,
          2
        ]
      ]
    }
  ],
  "unconverted": []
}