{
  "image": "recordings/20260513_112256/img_000122.png",
  "image_width": 324,
  "image_height": 244,
  "gates": [
    {
      "corners": [
        [
          52.41450777202071,
          62.155440414507765,
          2
        ],
        [
          73.39896373056993,
          60.34196891191709,
          2
        ],
        [
          77.28497409326424,
          91.4300518134715,
          2
        ],
        [
          58.37305699481864,
          93.50259067357513,
          2
        ]
      ]
    },
    {
      "corners": [
        [
          138.68393782383419,
          102.56994818652849,
          2
        ],
        [
          163.03626943005182,
          102.31088082901555,
          2
        ],
        [
          162.25906735751295,
          137.28497409326425,
          2
        ],
        [
          138.94300518134713,
          127.95854922279793,
          2
        ]
      ]
    },
    {
      "corners": [
        [
          144.12435233160622,
          152.82901554404145,
          2
        ],
        [
          217.440414507772,
          196.09326424870466,
          2
        ],
        [
          199.7609553637824,
          262.84224264948193,
          0
        ],
        [
          147.23316062176164,
          213.7098445595855,
          2
        ]
      ]
    }
  ],
  "unconverted": []
}