{
  "image": "recordings/20260513_112256/img_000141.png",
  "image_width": 324,
  "image_height": 244,
  "gates": [
    {
      "corners": [
        [
          125.47150259067357,
          132.10362694300517,
          2
        ],
        [
          194.12435233160622,
          136.76683937823833,
          2
        ],
        [
          186.3000030517578,
          236.4187469482422,
          2
        ],
        [
          125.21243523316062,
          205.93782383419688,
          2
        ]
      ]
    },
    {
      "corners": [
        [
          30.91191709844558,
          96.09326424870466,
          2
        ],
        [
          50.60103626943004,
          98.42487046632124,
          2
        ],
        [
          50.60103626943004,
          124.84974093264249,
          2
        ],
        [
          30.91191709844558,
          124.07253886010362,
          2
        ]
      ]
    },
    {
      "corners": [
        [
          124.95336787564767,
          131.84455958549222,
          2
        ],
        [
          135.05699481865284,
          132.10362694300517,
          2
        ],
        [
          134.27979274611397,
          163.7098445595855,
          2
        ],
        [
          125.73056994818651,
          163.7098445595855,
          2
        ]
      ]
    }
  ],
  "unconverted": []
}