{
  "image": "recordings/20260513_112256/img_000220.png",
  "image_width": 324,
  "image_height": 244,
  "gates": [
    {
      "corners": [
        [
          142.82901554404145,
          138.83937823834196,
          2
        ],
        [
          201.3782383419689,
          133.13989637305698,
          2
        ],
        [
          197.56554794499556,
          258.665395596487,
          0
        ],
        [
          142.31088082901553,
          230.8082901554404,
          2
        ]
      ]
    },
    {
      "corners": [
        [
          142.31088082901553,
          138.58031088082902,
          2
        ],
        [
          158.37305699481865,
          138.0621761658031,
          2
        ],
        [
          157.85492227979273,
          158.0103626943005,
          2
        ],
        [
          142.82901554404145,
          158.0103626943005,
          2
        ]
      ]
    }
  ],
  "unconverted": []
}