{
  "image": "recordings/20260513_112256/img_000061.png",
  "image_width": 324,
  "image_height": 244,
  "gates": [
    {
      "corners": [
        [
          138.68393782383419,
          74.84974093264248,
          2
        ],
        [
          242.82901554404145,
          74.33160621761658,
          2
        ],
        [
          236.3523316062176,
          181.32642487046633,
          2
        ],
        [
          133.50259067357513,
          176.9222797927461,
          2
        ]
      ]
    },
    {
      "corners": [
        [
          50.34196891191709,
          148.42487046632124,
          2
        ],
        [
          85.57512953367875,
          148.1658031088083,
          2
        ],
        [
          86.61139896373057,
          184.1761658031088,
          2
        ],
        [
          54.48704663212435,
          195.05699481865284,
          2
        ]
      ]
    }
  ],
  "unconverted": []
}