{
  "image": "recordings/20260513_112256/img_000021.png",
  "image_width": 324,
  "image_height": 244,
  "gates": [
    {
      "corners": [
        [
          132.9844559585492,
          121.48186528497409,
          2
        ],
        [
          180.13471502590673,
          122.25906735751295,
          2
        ],
        [
          178.32124352331604,
          159.04663212435233,
          2
        ],
        [
          133.50259067357513,
          162.15544041450778,
          2
        ]
      ]
    },
    {
      "corners": [
        [
          83.76165803108807,
          108.78756476683937,
          2
        ],
        [
          108.37305699481864,
          112.41450777202073,
          2
        ],
        [
          107.85492227979273,
          138.32124352331607,
          2
        ],
        [
          84.02072538860102,
          137.02590673575128,
          2
        ]
      ]
    },
    {
      "corners": [
        [
          1.1191709844559412,
          129.7720207253886,
          0
        ],
        [
          6.818652849740914,
          129.2538860103627,
          2
        ],
        [
          9.40932642487045,
          153.34715025906735,
          2
        ],
        [
          3.7098445595854734,
          156.19689119170985,
          2
        ]
      ]
    }
  ],
  "unconverted": []
}