{
  "image": "recordings/20260513_112256/img_000043.png",
  "image_width": 324,
  "image_height": 244,
  "gates": [
    {
      "corners": [
        [
          115.42499542236328,
          90.6187515258789,
          2
        ],
        [
          227.8125,
          83.53125,
          2
        ],
        [
          218.6999969482422,
          216.1687469482422,
          2
        ],
        [
          103.2750015258789,
          200.9812469482422,
          2
        ]
      ]
    },
    {
      "corners": [
        [
          53.19170984455957,
          164.48704663212436,
          2
        ],
        [
          85.31606217616579,
          164.48704663212436,
          2
        ],
        [
          79.61658031088082,
          201.01554404145077,
          2
        ],
        [
          54.227979274611386,
          206.9740932642487,
          2
        ]
      ]
    }
  ],
  "unconverted": []
}