{
  "image": "recordings/20260513_112256/img_000186.png",
  "image_width": 324,
  "image_height": 244,
  "gates": [
    {
      "corners": [
        [
          119.25388601036269,
          94.02072538860104,
          2
        ],
        [
          211.48186528497408,
          104.90155440414507,
          2
        ],
        [
          195.16062176165804,
          220.1865284974093,
          2
        ],
        [
          114.84974093264248,
          213.45077720207254,
          2
        ]
      ]
    },
    {
      "corners": [
        [
          2.932642487046614,
          52.051813471502584,
          2
        ],
        [
          46.974093264248694,
          57.233160621761655,
          2
        ],
        [
          46.455958549222785,
          109.30569948186528,
          2
        ],
        [
          3.7098445595854734,
          106.4559585492228,
          2
        ]
      ]
    }
  ],
  "unconverted": []
}