{
  "image": "recordings/20260513_112256/img_000222.png",
  "image_width": 324,
  "image_height": 244,
  "gates": [
    {
      "corners": [
        [
          142.82901554404145,
          159.8238341968912,
          2
        ],
        [
          164.84974093264248,
          158.26943005181346,
          2
        ],
        [
          164.84974093264248,
          169.15025906735752,
          2
        ],
        [
          143.6062176165803,
          169.15025906735752,
          2
        ]
      ]
    },
    {
      "corners": [
        [
          142.82901554404145,
          159.8238341968912,
          2
        ],
        [
          206.55958549222797,
          155.16062176165804,
          2
        ],
        [
          206.81859242586745,
          244.0,
          0
        ],
        [
          145.41968911917098,
          243.76165803108807,
          0
        ]
      ]
    }
  ],
  "unconverted": []
}