{
  "image": "recordings/20260513_112256/img_000182.png",
  "image_width": 324,
  "image_height": 244,
  "gates": [
    {
      "corners": [
        [
          88.16580310880828,
          76.4041450777202,
          2
        ],
        [
          179.0984455958549,
          70.44559585492227,
          2
        ],
        [
          169.51295336787564,
          218.6321243523316,
          2
        ],
        [
          87.38860103626942,
          202.05181347150258,
          2
        ]
      ]
    },
    {
      "corners": [
        [
          55.78238341968911,
          74.84974093264248,
          2
        ],
        [
          69.77202072538859,
          75.62694300518135,
          2
        ],
        [
          71.06735751295335,
          120.44559585492227,
          2
        ],
        [
          55.52331606217615,
          120.44559585492227,
          2
        ]
      ]
    }
  ],
  "unconverted": []
}