{
  "image": "recordings/20260513_112256/img_000016.png",
  "image_width": 324,
  "image_height": 244,
  "gates": [
    {
      "corners": [
        [
          150.3419689119171,
          131.84455958549222,
          2
        ],
        [
          178.58031088082902,
          132.36269430051814,
          2
        ],
        [
          177.80310880829015,
          158.78756476683938,
          2
        ],
        [
          150.3419689119171,
          159.8238341968912,
          2
        ]
      ]
    },
    {
      "corners": [
        [
          100.60103626943004,
          116.55958549222798,
          2
        ],
        [
          116.66321243523316,
          119.66839378238342,
          2
        ],
        [
          116.40414507772019,
          139.61658031088083,
          2
        ],
        [
          100.860103626943,
          139.35751295336786,
          2
        ]
      ]
    }
  ],
  "unconverted": []
}