{
  "image": "recordings/20260513_112256/img_000192.png",
  "image_width": 324,
  "image_height": 244,
  "gates": [
    {
      "corners": [
        [
          143.77499389648438,
          86.5687484741211,
          2
        ],
        [
          198.26943005181346,
          67.85492227979275,
          2
        ],
        [
          185.28750610351562,
          189.84375,
          2
        ],
        [
          135.6750030517578,
          177.69375610351562,
          2
        ]
      ]
    },
    {
      "corners": [
        [
          148.0103626943005,
          97.12953367875647,
          2
        ],
        [
          170.54922279792746,
          96.61139896373057,
          2
        ],
        [
          166.9222797927461,
          132.6217616580311,
          2
        ],
        [
          143.77499389648438,
          131.11874389648438,
          2
        ]
      ]
    }
  ],
  "unconverted": []
}