{
  "image": "recordings/20260513_112256/img_000100.png",
  "image_width": 324,
  "image_height": 244,
  "gates": [
    {
      "corners": [
        [
          0.0,
          135.21243523316062,
          0
        ],
        [
          92.13749694824219,
          132.13125610351562,
          2
        ],
        [
          96.19689119170984,
          216.55958549222797,
          2
        ],
        [
          8.100000381469727,
          224.2687530517578,
          2
        ]
      ]
    }
  ],
  "unconverted": []
}