{
  "image": "recordings/20260513_112256/img_000069.png",
  "image_width": 324,
  "image_height": 244,
  "gates": [
    {
      "corners": [
        [
          116.92227979274611,
          78.73575129533678,
          2
        ],
        [
          242.31088082901556,
          53.0880829015544,
          2
        ],
        [
          234.7979274611399,
          203.0880829015544,
          2
        ],
        [
          125.73056994818651,
          190.9119170984456,
          2
        ]
      ]
    },
    {
      "corners": [
        [
          122.10362694300517,
          136.76683937823833,
          2
        ],
        [
          128.83937823834196,
          135.9896373056995,
          2
        ],
        [
          133.24352331606218,
          170.1865284974093,
          2
        ],
        [
          125.47150259067357,
          172.77720207253887,
          2
        ]
      ]
    },
    {
      "corners": [
        [
          95.16062176165802,
          141.94818652849742,
          2
        ],
        [
          103.19170984455957,
          141.17098445595855,
          2
        ],
        [
          107.33678756476682,
          179.7720207253886,
          2
        ],
        [
          103.19170984455957,
          180.8082901554404,
          2
        ]
      ]
    }
  ],
  "unconverted": []
}