{
  "image": "recordings/20260513_112256/img_000091.png",
  "image_width": 324,
  "image_height": 244,
  "gates": [
    {
      "corners": [
        [
          38.94300518134713,
          147.12953367875647,
          2
        ],
        [
          114.0725388601036,
          144.279792746114,
          2
        ],
        [
          118.4625015258789,
          205.03125,
          2
        ],
        [
          49.61249923706055,
          228.31874084472656,
          2
        ]
      ]
    }
  ],
  "unconverted": []
}