{
  "image": "recordings/20260513_112256/img_000216.png",
  "image_width": 324,
  "image_height": 244,
  "gates": [
    {
      "corners": [
        [
          179.35751295336786,
          141.17098445595855,
          2
        ],
        [
          221.58549222797927,
          133.13989637305698,
          2
        ],
        [
          217.6875,
          240.46875,
          2
        ],
        [
          177.02590673575128,
          218.37305699481865,
          2
        ]
      ]
    },
    {
      "corners": [
        [
          183.24352331606218,
          140.65284974093265,
          2
        ],
        [
          202.41450777202073,
          137.02590673575128,
          2
        ],
        [
          202.93264248704662,
          160.3419689119171,
          2
        ],
        [
          182.4663212435233,
          160.86010362694302,
          2
        ]
      ]
    }
  ],
  "unconverted": []
}