{
  "image": "recordings/20260513_112256/img_000124.png",
  "image_width": 324,
  "image_height": 244,
  "gates": [
    {
      "corners": [
        [
          150.60103626943004,
          101.27461139896373,
          2
        ],
        [
          175.21243523316062,
          102.31088082901555,
          2
        ],
        [
          173.6580310880829,
          133.6580310880829,
          2
        ],
        [
          149.82383419689117,
          134.1761658031088,
          2
        ]
      ]
    },
    {
      "corners": [
        [
          70.2901554404145,
          58.52849740932642,
          2
        ],
        [
          91.27461139896371,
          58.269430051813465,
          2
        ],
        [
          94.90155440414507,
          88.06217616580311,
          2
        ],
        [
          75.2124352331606,
          89.35751295336787,
          2
        ]
      ]
    },
    {
      "corners": [
        [
          149.30569948186528,
          153.6062176165803,
          2
        ],
        [
          210.44559585492226,
          200.23834196891193,
          2
        ],
        [
          195.90570455333068,
          258.3979071752783,
          0
        ],
        [
          151.3782383419689,
          209.04663212435233,
          2
        ]
      ]
    }
  ],
  "unconverted": []
}