{
  "image": "recordings/20260513_112256/img_000017.png",
  "image_width": 324,
  "image_height": 244,
  "gates": [
    {
      "corners": [
        [
          164.84974093264248,
          128.99481865284974,
          2
        ],
        [
          196.71502590673575,
          130.8082901554404,
          2
        ],
        [
          194.38341968911917,
          158.0103626943005,
          2
        ],
        [
          162.77720207253884,
          159.04663212435233,
          2
        ]
      ]
    },
    {
      "corners": [
        [
          115.62694300518135,
          112.67357512953367,
          2
        ],
        [
          132.4663212435233,
          116.30051813471502,
          2
        ],
        [
          131.9481865284974,
          137.5440414507772,
          2
        ],
        [
          114.84974093264248,
          136.50777202072538,
          2
        ]
      ]
    }
  ],
  "unconverted": []
}