{
  "image": "recordings/20260513_112256/img_000221.png",
  "image_width": 324,
  "image_height": 244,
  "gates": [
    {
      "corners": [
        [
          142.05181347150258,
          152.05181347150258,
          2
        ],
        [
          159.66839378238342,
          150.75647668393782,
          2
        ],
        [
          159.1502590673575,
          164.7461139896373,
          2
        ],
        [
          141.53367875647666,
          164.7461139896373,
          2
        ]
      ]
    },
    {
      "corners": [
        [
          141.53367875647666,
          151.79274611398964,
          2
        ],
        [
          200.860103626943,
          148.68393782383419,
          2
        ],
        [
          199.8238341968912,
          243.76165803108807,
          0
        ],
        [
          142.31088082901553,
          243.76165803108807,
          0
        ]
      ]
    }
  ],
  "unconverted": []
}