{
  "image": "recordings/20260513_112256/img_000187.png",
  "image_width": 324,
  "image_height": 244,
  "gates": [
    {
      "corners": [
        [
          41.274611398963714,
          59.04663212435233,
          2
        ],
        [
          75.2124352331606,
          62.41450777202072,
          2
        ],
        [
          74.69430051813471,
          111.63730569948186,
          2
        ],
        [
          40.756476683937805,
          108.52849740932642,
          2
        ]
      ]
    },
    {
      "corners": [
        [
          119.51295336787564,
          91.17098445595855,
          2
        ],
        [
          207.59585492227978,
          96.61139896373057,
          2
        ],
        [
          193.3874969482422,
          216.1687469482422,
          2
        ],
        [
          114.84974093264248,
          205.41968911917098,
          2
        ]
      ]
    }
  ],
  "unconverted": []
}