{
  "image": "recordings/20260513_112256/img_000002.png",
  "image_width": 324,
  "image_height": 244,
  "gates": [
    {
      "corners": [
        [
          225.47150259067357,
          155.16062176165804,
          2
        ],
        [
          241.53367875647666,
          156.9740932642487,
          2
        ],
        [
          239.97927461139895,
          169.92746113989637,
          2
        ],
        [
          224.6943005181347,
          168.37305699481865,
          2
        ]
      ]
    },
    {
      "corners": [
        [
          210.44559585492226,
          146.3523316062176,
          2
        ],
        [
          217.69948186528498,
          148.42487046632124,
          2
        ],
        [
          215.3678756476684,
          157.75129533678756,
          2
        ],
        [
          208.37305699481865,
          156.71502590673575,
          2
        ]
      ]
    }
  ],
  "unconverted": []
}