{
  "image": "recordings/20260513_112256/img_000184.png",
  "image_width": 324,
  "image_height": 244,
  "gates": [
    {
      "corners": [
        [
          89.720207253886,
          90.39378238341969,
          2
        ],
        [
          176.24870466321244,
          89.87564766839378,
          2
        ],
        [
          169.2538860103627,
          221.22279792746113,
          2
        ],
        [
          91.27461139896371,
          207.23316062176167,
          2
        ]
      ]
    },
    {
      "corners": [
        [
          47.75129533678755,
          76.14507772020725,
          2
        ],
        [
          73.39896373056993,
          76.4041450777202,
          2
        ],
        [
          73.13989637305698,
          122.25906735751295,
          2
        ],
        [
          48.0103626943005,
          121.22279792746113,
          2
        ]
      ]
    }
  ],
  "unconverted": []
}