{
  "image": "recordings/20260513_112256/img_000057.png",
  "image_width": 324,
  "image_height": 244,
  "gates": [
    {
      "corners": [
        [
          106.55958549222797,
          123.55440414507771,
          2
        ],
        [
          205.00518134715026,
          125.10880829015544,
          2
        ],
        [
          204.48704663212433,
          217.0777202072539,
          2
        ],
        [
          110.70466321243522,
          222.77720207253887,
          2
        ]
      ]
    },
    {
      "corners": [
        [
          0.3419689119170819,
          179.51295336787564,
          0
        ],
        [
          31.689119170984437,
          171.22279792746113,
          2
        ],
        [
          38.16580310880828,
          212.15544041450778,
          2
        ],
        [
          0.0,
          234.44017108877838,
          0
        ]
      ]
    }
  ],
  "unconverted": []
}