{
  "image": "recordings/20260513_112256/img_000232.png",
  "image_width": 324,
  "image_height": 244,
  "gates": [
    {
      "corners": [
        [
          150.3419689119171,
          119.15025906735751,
          2
        ],
        [
          175.7305699481865,
          116.04145077720207,
          2
        ],
        [
          175.47150259067357,
          157.23316062176164,
          2
        ],
        [
          149.04663212435233,
          157.75129533678756,
          2
        ]
      ]
    },
    {
      "corners": [
        [
          135.3160621761658,
          80.8082901554404,
          2
        ],
        [
          222.6217616580311,
          18.11398963730569,
          2
        ],
        [
          228.0621761658031,
          200.23834196891193,
          2
        ],
        [
          131.17098445595855,
          199.46113989637306,
          2
        ]
      ]
    }
  ],
  "unconverted": []
}