{
  "image": "recordings/20260513_112256/img_000155.png",
  "image_width": 324,
  "image_height": 244,
  "gates": [
    {
      "corners": [
        [
          157.59585492227978,
          103.34715025906735,
          2
        ],
        [
          217.18134715025906,
          55.937823834196884,
          2
        ],
        [
          220.8082901554404,
          131.58549222797927,
          2
        ],
        [
          146.19689119170982,
          162.15544041450778,
          2
        ]
      ]
    },
    {
      "corners": [
        [
          80.91191709844558,
          155.16062176165804,
          2
        ],
        [
          95.93782383419688,
          162.15544041450778,
          2
        ],
        [
          88.94300518134715,
          184.1761658031088,
          2
        ],
        [
          72.10362694300517,
          177.69948186528498,
          2
        ]
      ]
    },
    {
      "corners": [
        [
          138.68393782383419,
          198.42487046632124,
          2
        ],
        [
          164.33160621761658,
          193.76165803108807,
          2
        ],
        [
          160.44559585492226,
          212.67357512953367,
          2
        ],
        [
          137.12953367875647,
          208.26943005181346,
          2
        ]
      ]
    }
  ],
  "unconverted": []
}