{
  "image": "recordings/20260513_112256/img_000045.png",
  "image_width": 324,
  "image_height": 244,
  "gates": [
    {
      "corners": [
        [
          124.5374984741211,
          95.6812515258789,
          2
        ],
        [
          201.3782383419689,
          85.98963730569947,
          2
        ],
        [
          186.09326424870466,
          200.75647668393782,
          2
        ],
        [
          115.10880829015542,
          178.21761658031087,
          2
        ]
      ]
    },
    {
      "corners": [
        [
          118.47668393782382,
          147.12953367875647,
          2
        ],
        [
          139.97927461139895,
          147.38860103626942,
          2
        ],
        [
          139.2020725388601,
          179.7720207253886,
          2
        ],
        [
          115.42499542236328,
          179.71875,
          2
        ]
      ]
    },
    {
      "corners": [
        [
          8.113989637305682,
          142.72538860103626,
          2
        ],
        [
          20.8082901554404,
          143.24352331606218,
          2
        ],
        [
          19.512953367875628,
          172.5181347150259,
          2
        ],
        [
          7.336787564766823,
          176.40414507772022,
          2
        ]
      ]
    }
  ],
  "unconverted": []
}