{
  "image": "recordings/20260513_112256/img_000282.png",
  "image_width": 324,
  "image_height": 244,
  "gates": [
    {
      "corners": [
        [
          174.1761658031088,
          178.99481865284974,
          2
        ],
        [
          198.26943005181346,
          181.58549222797927,
          2
        ],
        [
          196.4559585492228,
          205.67875647668393,
          2
        ],
        [
          173.13989637305698,
          201.79274611398964,
          2
        ]
      ]
    },
    {
      "corners": [
        [
          134.02072538860102,
          186.50777202072538,
          2
        ],
        [
          143.6062176165803,
          183.13989637305698,
          2
        ],
        [
          143.34715025906735,
          199.720207253886,
          2
        ],
        [
          134.02072538860102,
          202.31088082901553,
          2
        ]
      ]
    },
    {
      "corners": [
        [
          154.48704663212433,
          220.96373056994818,
          2
        ],
        [
          200.60103626943004,
          233.39896373056996,
          2
        ],
        [
          200.85959812966004,
          244.0,
          0
        ],
        [
          154.48704663212433,
          243.24352331606218,
          0
        ]
      ]
    }
  ],
  "unconverted": []
}