{
  "image": "recordings/20260513_112256/img_000191.png",
  "image_width": 324,
  "image_height": 244,
  "gates": [
    {
      "corners": [
        [
          136.6875,
          79.48124694824219,
          2
        ],
        [
          199.46249389648438,
          59.23125076293945,
          2
        ],
        [
          183.2624969482422,
          191.86874389648438,
          2
        ],
        [
          127.57499694824219,
          174.65625,
          2
        ]
      ]
    },
    {
      "corners": [
        [
          135.57512953367873,
          92.20725388601036,
          2
        ],
        [
          156.81865284974091,
          92.20725388601036,
          2
        ],
        [
          153.7098445595855,
          128.47668393782382,
          2
        ],
        [
          132.4663212435233,
          126.66321243523316,
          2
        ]
      ]
    }
  ],
  "unconverted": []
}