{
  "image": "recordings/20260513_112256/img_000291.png",
  "image_width": 324,
  "image_height": 244,
  "gates": [
    {
      "corners": [
        [
          181.17098445595855,
          127.18134715025906,
          2
        ],
        [
          233.24352331606218,
          134.43523316062175,
          2
        ],
        [
          220.72499084472656,
          204.0187530517578,
          2
        ],
        [
          173.6580310880829,
          181.84455958549222,
          2
        ]
      ]
    },
    {
      "corners": [
        [
          81.68911917098444,
          141.17098445595855,
          2
        ],
        [
          87.90673575129533,
          140.65284974093265,
          2
        ],
        [
          87.38860103626942,
          163.7098445595855,
          2
        ],
        [
          81.4300518134715,
          165.78238341968913,
          2
        ]
      ]
    },
    {
      "corners": [
        [
          160.44559585492226,
          146.61139896373058,
          2
        ],
        [
          168.47668393782382,
          146.61139896373058,
          2
        ],
        [
          165.10880829015542,
          172.5181347150259,
          2
        ],
        [
          159.1502590673575,
          172.77720207253887,
          2
        ]
      ]
    },
    {
      "corners": [
        [
          177.5440414507772,
          146.3523316062176,
          2
        ],
        [
          182.9844559585492,
          146.09326424870466,
          2
        ],
        [
          183.24352331606218,
          171.74093264248705,
          2
        ],
        [
          174.1761658031088,
          172.25906735751295,
          2
        ]
      ]
    }
  ],
  "unconverted": []
}