{
  "image": "recordings/20260513_112256/img_000068.png",
  "image_width": 324,
  "image_height": 244,
  "gates": [
    {
      "corners": [
        [
          1.6373056994818498,
          0.23834196891190657,
          0
        ],
        [
          105.00518134715026,
          0.23834196891190657,
          0
        ],
        [
          101.11917098445595,
          52.82901554404145,
          2
        ],
        [
          0.0,
          24.898400540662305,
          0
        ]
      ]
    }
  ],
  "unconverted": []
}