{
  "image": "recordings/20260513_112256/img_000135.png",
  "image_width": 324,
  "image_height": 244,
  "gates": [
    {
      "corners": [
        [
          129.0984455958549,
          108.01036269430051,
          2
        ],
        [
          153.7098445595855,
          109.04663212435233,
          2
        ],
        [
          151.11917098445596,
          139.35751295336786,
          2
        ],
        [
          128.83937823834196,
          139.35751295336786,
          2
        ]
      ]
    },
    {
      "corners": [
        [
          46.974093264248694,
          63.96891191709844,
          2
        ],
        [
          68.73575129533678,
          62.155440414507765,
          2
        ],
        [
          71.84455958549222,
          92.46632124352331,
          2
        ],
        [
          51.896373056994804,
          94.79792746113989,
          2
        ]
      ]
    },
    {
      "corners": [
        [
          131.4300518134715,
          159.8238341968912,
          2
        ],
        [
          186.09326424870466,
          198.42487046632124,
          2
        ],
        [
          175.27267627145662,
          255.80677640627297,
          0
        ],
        [
          132.4663212435233,
          210.86010362694302,
          2
        ]
      ]
    }
  ],
  "unconverted": []
}