{
  "image": "recordings/20260513_112256/img_000281.png",
  "image_width": 324,
  "image_height": 244,
  "gates": [
    {
      "corners": [
        [
          173.13989637305698,
          182.6217616580311,
          2
        ],
        [
          196.9740932642487,
          184.1761658031088,
          2
        ],
        [
          194.90155440414506,
          208.78756476683938,
          2
        ],
        [
          172.36269430051811,
          204.9015544041451,
          2
        ]
      ]
    },
    {
      "corners": [
        [
          134.02072538860102,
          188.58031088082902,
          2
        ],
        [
          142.7624969482422,
          184.78125,
          2
        ],
        [
          142.82901554404145,
          200.75647668393782,
          2
        ],
        [
          134.02072538860102,
          205.16062176165804,
          2
        ]
      ]
    }
  ],
  "unconverted": [
    [
      [
        153.45077720207254,
        225.10880829015545
      ],
      [
        200.08290155440415,
        237.5440414507772
      ],
      [
        200.3419689119171,
        243.76165803108807
      ],
      [
        153.96891191709844,
        243.50259067357513
      ]
    ]
  ]
}