{
  "image": "recordings/20260513_112256/img_000028.png",
  "image_width": 324,
  "image_height": 244,
  "gates": [
    {
      "corners": [
        [
          87.64766839378237,
          87.80310880829015,
          2
        ],
        [
          149.82383419689117,
          95.83419689119171,
          2
        ],
        [
          146.9740932642487,
          155.93782383419688,
          2
        ],
        [
          82.9844559585492,
          152.05181347150258,
          2
        ]
      ]
    },
    {
      "corners": [
        [
          0.08290155440412761,
          137.80310880829015,
          0
        ],
        [
          28.321243523316046,
          139.35751295336786,
          2
        ],
        [
          28.839378238341954,
          174.07253886010363,
          2
        ],
        [
          0.0,
          179.994911176906,
          0
        ]
      ]
    }
  ],
  "unconverted": []
}