{
  "image": "recordings/20260513_112256/img_000126.png",
  "image_width": 324,
  "image_height": 244,
  "gates": [
    {
      "corners": [
        [
          124.43523316062175,
          89.09844559585491,
          2
        ],
        [
          150.860103626943,
          88.83937823834196,
          2
        ],
        [
          148.5284974093264,
          121.74093264248704,
          2
        ],
        [
          124.95336787564767,
          123.0362694300518,
          2
        ]
      ]
    },
    {
      "corners": [
        [
          126.76683937823833,
          151.5336787564767,
          2
        ],
        [
          181.9481865284974,
          195.57512953367876,
          2
        ],
        [
          173.1374969482422,
          240.46875,
          2
        ],
        [
          131.625,
          198.9562530517578,
          2
        ]
      ]
    },
    {
      "corners": [
        [
          36.352331606217604,
          41.43005181347149,
          2
        ],
        [
          58.89119170984455,
          40.39378238341968,
          2
        ],
        [
          65.10880829015542,
          72.5181347150259,
          2
        ],
        [
          43.86528497409324,
          75.36787564766838,
          2
        ]
      ]
    }
  ],
  "unconverted": []
}