{
  "image": "recordings/20260513_112256/img_000119.png",
  "image_width": 324,
  "image_height": 244,
  "gates": [
    {
      "corners": [
        [
          25.73056994818651,
          75.10880829015544,
          2
        ],
        [
          49.046632124352314,
          73.81347150259067,
          2
        ],
        [
          54.227979274611386,
          104.64248704663213,
          2
        ],
        [
          33.502590673575114,
          107.75129533678756,
          2
        ]
      ]
    },
    {
      "corners": [
        [
          134.7979274611399,
          121.48186528497409,
          2
        ],
        [
          226.50777202072538,
          136.24870466321244,
          2
        ],
        [
          216.4041450777202,
          232.36269430051814,
          2
        ],
        [
          143.6062176165803,
          201.79274611398964,
          2
        ]
      ]
    },
    {
      "corners": [
        [
          135.3160621761658,
          122.77720207253886,
          2
        ],
        [
          144.90155440414506,
          123.81347150259067,
          2
        ],
        [
          145.67875647668393,
          138.58031088082902,
          2
        ],
        [
          136.87046632124353,
          139.35751295336786,
          2
        ]
      ]
    }
  ],
  "unconverted": []
}