{
  "image": "recordings/20260513_112256/img_000238.png",
  "image_width": 324,
  "image_height": 244,
  "gates": [
    {
      "corners": [
        [
          152.15544041450775,
          90.13471502590673,
          2
        ],
        [
          183.24352331606218,
          85.47150259067357,
          2
        ],
        [
          182.20725388601036,
          137.80310880829015,
          2
        ],
        [
          150.3419689119171,
          138.58031088082902,
          2
        ]
      ]
    }
  ],
  "unconverted": []
}