{
  "image": "recordings/20260513_112256/img_000293.png",
  "image_width": 324,
  "image_height": 244,
  "gates": [
    {
      "corners": [
        [
          176.1750030517578,
          142.3037858083458,
          2
        ],
        [
          231.8625030517578,
          154.45379496361923,
          2
        ],
        [
          215.8860103626943,
          230.54922279792746,
          2
        ],
        [
          169.2538860103627,
          200.75647668393782,
          2
        ]
      ]
    },
    {
      "corners": [
        [
          85.57512953367875,
          154.9015544041451,
          2
        ],
        [
          92.31088082901553,
          154.38341968911917,
          2
        ],
        [
          92.05181347150258,
          175.62694300518135,
          2
        ],
        [
          84.79792746113989,
          179.7720207253886,
          2
        ]
      ]
    },
    {
      "corners": [
        [
          174.14999389648438,
          160.05818690166572,
          2
        ],
        [
          188.68393782383419,
          160.3419689119171,
          2
        ],
        [
          186.87046632124353,
          185.9896373056995,
          2
        ],
        [
          171.06735751295335,
          187.80310880829015,
          2
        ]
      ]
    }
  ],
  "unconverted": []
}