{
  "image": "recordings/20260513_112256/img_000050.png",
  "image_width": 324,
  "image_height": 244,
  "gates": [
    {
      "corners": [
        [
          53.45077720207253,
          128.21761658031087,
          2
        ],
        [
          125.73056994818651,
          127.95854922279793,
          2
        ],
        [
          128.32124352331604,
          233.13989637305698,
          2
        ],
        [
          60.75,
          212.11874389648438,
          2
        ]
      ]
    },
    {
      "corners": [
        [
          55.2642487046632,
          159.56476683937822,
          2
        ],
        [
          89.0999984741211,
          152.38125610351562,
          2
        ],
        [
          94.1624984741211,
          185.7937469482422,
          2
        ],
        [
          58.724998474121094,
          195.9187469482422,
          2
        ]
      ]
    }
  ],
  "unconverted": []
}