{
  "image": "recordings/20260513_112256/img_000037.png",
  "image_width": 324,
  "image_height": 244,
  "gates": [
    {
      "corners": [
        [
          117.18134715025906,
          71.48186528497409,
          2
        ],
        [
          204.7461139896373,
          71.74093264248704,
          2
        ],
        [
          200.3419689119171,
          161.3782383419689,
          2
        ],
        [
          115.62694300518135,
          159.56476683937822,
          2
        ]
      ]
    },
    {
      "corners": [
        [
          32.72538860103626,
          142.4663212435233,
          2
        ],
        [
          64.80000305175781,
          140.2312469482422,
          2
        ],
        [
          65.8860103626943,
          177.69948186528498,
          2
        ],
        [
          35.834196891191695,
          185.47150259067357,
          2
        ]
      ]
    }
  ],
  "unconverted": []
}