{
  "image": "recordings/20260513_112256/img_000307.png",
  "image_width": 324,
  "image_height": 244,
  "gates": [
    {
      "corners": [
        [
          153.45077720207254,
          110.34196891191709,
          2
        ],
        [
          201.3782383419689,
          112.93264248704662,
          2
        ],
        [
          190.2383419689119,
          192.98445595854923,
          2
        ],
        [
          146.19689119170982,
          181.32642487046633,
          2
        ]
      ]
    },
    {
      "corners": [
        [
          121.84455958549222,
          88.83937823834196,
          2
        ],
        [
          143.6062176165803,
          89.87564766839378,
          2
        ],
        [
          141.53367875647666,
          124.59067357512953,
          2
        ],
        [
          119.25388601036269,
          121.74093264248704,
          2
        ]
      ]
    }
  ],
  "unconverted": []
}