{
  "image": "recordings/20260513_112256/img_000287.png",
  "image_width": 324,
  "image_height": 244,
  "gates": [
    {
      "corners": [
        [
          154.22797927461139,
          135.4715025906736,
          2
        ],
        [
          204.22797927461139,
          128.47668393782382,
          2
        ],
        [
          205.00518134715026,
          183.91709844559585,
          2
        ],
        [
          153.68847150259066,
          178.9653204092708,
          2
        ]
      ]
    },
    {
      "corners": [
        [
          175.2124352331606,
          138.06217616580312,
          2
        ],
        [
          198.5284974093264,
          138.58031088082902,
          2
        ],
        [
          198.94435918145845,
          163.25968569424487,
          2
        ],
        [
          173.65803108808288,
          162.15544041450778,
          2
        ]
      ]
    },
    {
      "corners": [
        [
          135.8341968911917,
          159.30569948186528,
          2
        ],
        [
          145.93782383419688,
          160.08290155440415,
          2
        ],
        [
          145.93782383419688,
          176.9222797927461,
          2
        ],
        [
          134.7979274611399,
          176.9222797927461,
          2
        ]
      ]
    }
  ],
  "unconverted": []
}