{
  "image": "recordings/20260513_112256/img_000229.png",
  "image_width": 324,
  "image_height": 244,
  "gates": [
    {
      "corners": [
        [
          139.720207253886,
          136.50777202072538,
          2
        ],
        [
          162.77720207253884,
          129.51295336787564,
          2
        ],
        [
          163.5544041450777,
          166.30051813471502,
          2
        ],
        [
          138.42487046632124,
          167.0777202072539,
          2
        ]
      ]
    },
    {
      "corners": [
        [
          139.97927461139895,
          135.7305699481865,
          2
        ],
        [
          206.81865284974091,
          118.89119170984455,
          2
        ],
        [
          208.11398963730568,
          243.50259067357513,
          0
        ],
        [
          138.68393782383419,
          243.76165803108807,
          0
        ]
      ]
    }
  ],
  "unconverted": []
}