{
  "image": "recordings/20260513_112256/img_000294.png",
  "image_width": 324,
  "image_height": 244,
  "gates": [
    {
      "corners": [
        [
          173.91709844559585,
          144.279792746114,
          2
        ],
        [
          227.5440414507772,
          153.34715025906735,
          2
        ],
        [
          214.59067357512953,
          233.6580310880829,
          2
        ],
        [
          167.440414507772,
          204.12435233160622,
          2
        ]
      ]
    },
    {
      "corners": [
        [
          171.06735751295335,
          162.15544041450778,
          2
        ],
        [
          189.2020725388601,
          161.11917098445596,
          2
        ],
        [
          188.42487046632124,
          187.80310880829015,
          2
        ],
        [
          169.2538860103627,
          189.87564766839378,
          2
        ]
      ]
    },
    {
      "corners": [
        [
          85.31606217616579,
          157.75129533678756,
          2
        ],
        [
          92.31088082901553,
          156.19689119170985,
          2
        ],
        [
          92.56994818652849,
          178.99481865284974,
          2
        ],
        [
          85.31606217616579,
          183.13989637305698,
          2
        ]
      ]
    }
  ],
  "unconverted": []
}