{
  "image": "recordings/20260513_112256/img_000289.png",
  "image_width": 324,
  "image_height": 244,
  "gates": [
    {
      "corners": [
        [
          145.41968911917098,
          102.31088082901555,
          2
        ],
        [
          197.49222797927462,
          87.5440414507772,
          2
        ],
        [
          198.78756476683938,
          142.72538860103626,
          2
        ],
        [
          146.4559585492228,
          146.61139896373058,
          2
        ]
      ]
    },
    {
      "corners": [
        [
          167.95854922279793,
          118.89119170984455,
          2
        ],
        [
          193.34715025906735,
          119.92746113989637,
          2
        ],
        [
          191.2746113989637,
          142.72538860103626,
          2
        ],
        [
          165.8860103626943,
          142.98445595854923,
          2
        ]
      ]
    },
    {
      "corners": [
        [
          126.76683937823833,
          144.53886010362694,
          2
        ],
        [
          136.61139896373055,
          147.12953367875647,
          2
        ],
        [
          135.57512953367873,
          163.7098445595855,
          2
        ],
        [
          125.98963730569946,
          163.7098445595855,
          2
        ]
      ]
    }
  ],
  "unconverted": []
}