{
  "image": "recordings/20260513_112256/img_000311.png",
  "image_width": 324,
  "image_height": 244,
  "gates": [
    {
      "corners": [
        [
          160.49314081854152,
          134.43908983932258,
          2
        ],
        [
          195.67875647668393,
          132.88082901554404,
          2
        ],
        [
          197.23316062176164,
          183.39896373056993,
          2
        ],
        [
          163.03626943005182,
          184.1761658031088,
          2
        ]
      ]
    }
  ],
  "unconverted": []
}