{
  "image": "recordings/20260513_112256/img_000219.png",
  "image_width": 324,
  "image_height": 244,
  "gates": [
    {
      "corners": [
        [
          150.60103626943004,
          126.14507772020725,
          2
        ],
        [
          203.96891191709844,
          117.07772020725388,
          2
        ],
        [
          201.8963730569948,
          232.88082901554404,
          2
        ],
        [
          150.08290155440415,
          213.96891191709844,
          2
        ]
      ]
    },
    {
      "corners": [
        [
          150.860103626943,
          126.66321243523316,
          2
        ],
        [
          165.62694300518135,
          123.55440414507771,
          2
        ],
        [
          165.8860103626943,
          151.79274611398964,
          2
        ],
        [
          152.41450777202073,
          151.79274611398964,
          2
        ]
      ]
    }
  ],
  "unconverted": []
}