{
  "image": "recordings/20260513_112256/img_000128.png",
  "image_width": 324,
  "image_height": 244,
  "gates": [
    {
      "corners": [
        [
          22.880829015544027,
          46.093264248704656,
          2
        ],
        [
          47.23316062176164,
          42.725388601036265,
          2
        ],
        [
          53.96891191709844,
          75.10880829015544,
          2
        ],
        [
          32.20725388601035,
          78.99481865284973,
          2
        ]
      ]
    },
    {
      "corners": [
        [
          117.95854922279793,
          92.46632124352331,
          2
        ],
        [
          143.0880829015544,
          92.98445595854922,
          2
        ],
        [
          141.2746113989637,
          122.51813471502591,
          2
        ],
        [
          118.99481865284974,
          124.59067357512953,
          2
        ]
      ]
    },
    {
      "corners": [
        [
          123.65803108808288,
          166.81865284974094,
          2
        ],
        [
          176.50777202072538,
          209.8238341968912,
          2
        ],
        [
          170.03108808290153,
          244.0,
          0
        ],
        [
          128.32124352331604,
          205.67875647668393,
          2
        ]
      ]
    }
  ],
  "unconverted": []
}