{
  "image": "recordings/20260513_112256/img_000254.png",
  "image_width": 324,
  "image_height": 244,
  "gates": [
    {
      "corners": [
        [
          0.0,
          159.04663212435233,
          0
        ],
        [
          2.6735751295336634,
          159.30569948186528,
          2
        ],
        [
          2.932642487046614,
          190.9119170984456,
          2
        ],
        [
          0.7772020725388629,
          191.17098445595855,
          0
        ]
      ]
    }
  ],
  "unconverted": []
}