{
  "image": "recordings/20260513_112256/img_000205.png",
  "image_width": 324,
  "image_height": 244,
  "gates": [
    {
      "corners": [
        [
          186.87046632124353,
          127.44041450777202,
          2
        ],
        [
          203.19170984455957,
          126.92227979274611,
          2
        ],
        [
          199.56476683937822,
          157.23316062176164,
          2
        ],
        [
          184.53886010362694,
          155.67875647668393,
          2
        ]
      ]
    },
    {
      "corners": [
        [
          140.2383419689119,
          142.98445595854923,
          2
        ],
        [
          146.9740932642487,
          141.68911917098444,
          2
        ],
        [
          142.31088082901553,
          204.6424870466321,
          2
        ],
        [
          136.87046632124353,
          197.90673575129534,
          2
        ]
      ]
    }
  ],
  "unconverted": []
}