{
  "image": "recordings/20260513_112256/img_000113.png",
  "image_width": 324,
  "image_height": 244,
  "gates": [
    {
      "corners": [
        [
          133.24352331606218,
          123.81347150259067,
          2
        ],
        [
          218.99481865284974,
          124.33160621761658,
          2
        ],
        [
          209.92746113989637,
          224.84974093264248,
          2
        ],
        [
          128.83937823834196,
          204.6424870466321,
          2
        ]
      ]
    },
    {
      "corners": [
        [
          86.3523316062176,
          132.10362694300517,
          2
        ],
        [
          110.70466321243522,
          135.47150259067357,
          2
        ],
        [
          106.81865284974093,
          168.6321243523316,
          2
        ],
        [
          83.24352331606217,
          168.6321243523316,
          2
        ]
      ]
    },
    {
      "corners": [
        [
          0.08290155440412761,
          93.76165803108807,
          0
        ],
        [
          9.40932642487045,
          95.3160621761658,
          2
        ],
        [
          7.854922279792728,
          126.4041450777202,
          2
        ],
        [
          0.08290155440412761,
          126.4041450777202,
          0
        ]
      ]
    }
  ],
  "unconverted": []
}