{
  "image": "recordings/20260513_115203/img_001285.png",
  "image_width": 324,
  "image_height": 244,
  "gates": [
    {
      "corners": [
        [
          148.78756476683938,
          99.46113989637306,
          2
        ],
        [
          196.19689119170982,
          100.49740932642487,
          2
        ],
        [
          190.49740932642487,
          156.71502590673575,
          2
        ],
        [
          142.56994818652848,
          149.97927461139895,
          2
        ]
      ]
    },
    {
      "corners": [
        [
          106.55958549222797,
          135.7305699481865,
          2
        ],
        [
          128.58031088082902,
          135.9896373056995,
          2
        ],
        [
          127.28497409326425,
          161.11917098445596,
          2
        ],
        [
          107.85492227979273,
          163.1917098445596,
          2
        ]
      ]
    },
    {
      "corners": [
        [
          11.222797927461123,
          131.58549222797927,
          2
        ],
        [
          17.95854922279791,
          132.6217616580311,
          2
        ],
        [
          17.95854922279791,
          162.15544041450778,
          2
        ],
        [
          11.481865284974077,
          162.15544041450778,
          2
        ]
      ]
    }
  ],
  "unconverted": []
}