{
  "image": "recordings/20260513_115203/img_001113.png",
  "image_width": 324,
  "image_height": 244,
  "gates": [
    {
      "corners": [
        [
          256.30051813471505,
          0.7564766839378123,
          0
        ],
        [
          254.7461139896373,
          146.87046632124353,
          2
        ],
        [
          245.93782383419688,
          138.58031088082902,
          2
        ],
        [
          248.26943005181346,
          26.922279792746103,
          2
        ]
      ]
    }
  ],
  "unconverted": []
}