{
  "image": "recordings/20260513_115203/img_000486.png",
  "image_width": 324,
  "image_height": 244,
  "gates": [
    {
      "corners": [
        [
          38.683937823834185,
          145.05699481865284,
          2
        ],
        [
          126.24870466321244,
          149.2020725388601,
          2
        ],
        [
          122.62176165803109,
          225.10880829015545,
          2
        ],
        [
          39.202072538860094,
          241.17098445595855,
          0
        ]
      ]
    }
  ],
  "unconverted": []
}