{
  "image": "recordings/20260513_115203/img_001001.png",
  "image_width": 324,
  "image_height": 244,
  "gates": [
    {
      "corners": [
        [
          91.19170984455958,
          150.23834196891193,
          2
        ],
        [
          195.0777202072539,
          162.93264248704662,
          2
        ],
        [
          187.04663212435233,
          243.24352331606218,
          0
        ],
        [
          82.38341968911918,
          243.50259067357513,
          0
        ]
      ]
    },
    {
      "corners": [
        [
          0.2590673575129534,
          102.05181347150258,
          0
        ],
        [
          26.6839378238342,
          106.71502590673575,
          2
        ],
        [
          18.911917098445596,
          160.3419689119171,
          2
        ],
        [
          0.2590673575129534,
          159.8238341968912,
          0
        ]
      ]
    }
  ],
  "unconverted": []
}