{
  "image": "recordings/20260513_115203/img_001067.png",
  "image_width": 324,
  "image_height": 244,
  "gates": [
    {
      "corners": [
        [
          162.25906735751295,
          99.2020725388601,
          2
        ],
        [
          189.97927461139895,
          79.51295336787564,
          2
        ],
        [
          179.87564766839378,
          181.58549222797927,
          2
        ],
        [
          153.7098445595855,
          174.33160621761658,
          2
        ]
      ]
    },
    {
      "corners": [
        [
          200.25906735751295,
          112.67357512953367,
          2
        ],
        [
          206.7357512953368,
          112.67357512953367,
          2
        ],
        [
          202.59067357512953,
          145.8341968911917,
          2
        ],
        [
          196.37305699481865,
          146.09326424870466,
          2
        ]
      ]
    }
  ],
  "unconverted": []
}