{
  "image": "recordings/20260513_115203/img_000153.png",
  "image_width": 324,
  "image_height": 244,
  "gates": [
    {
      "corners": [
        [
          183.24352331606218,
          137.02590673575128,
          2
        ],
        [
          206.04145077720207,
          138.58031088082902,
          2
        ],
        [
          204.7461139896373,
          172.0,
          2
        ],
        [
          181.68911917098444,
          171.22279792746113,
          2
        ]
      ]
    },
    {
      "corners": [
        [
          292.31088082901556,
          176.14507772020724,
          2
        ],
        [
          309.92746113989637,
          176.40414507772022,
          2
        ],
        [
          307.33678756476684,
          243.50259067357513,
          0
        ],
        [
          284.79792746113986,
          243.76165803108807,
          0
        ]
      ]
    }
  ],
  "unconverted": []
}