{
  "image": "recordings/20260513_115203/img_000338.png",
  "image_width": 324,
  "image_height": 244,
  "gates": [
    {
      "corners": [
        [
          176.76683937823833,
          127.69948186528497,
          2
        ],
        [
          252.93264248704662,
          129.7720207253886,
          2
        ],
        [
          254.7461139896373,
          192.4663212435233,
          2
        ],
        [
          175.98963730569946,
          191.17098445595855,
          2
        ]
      ]
    },
    {
      "corners": [
        [
          52.155440414507765,
          162.41450777202073,
          2
        ],
        [
          62.25906735751295,
          165.00518134715026,
          2
        ],
        [
          59.668393782383404,
          189.3575129533679,
          2
        ],
        [
          49.56476683937822,
          190.9119170984456,
          2
        ]
      ]
    },
    {
      "corners": [
        [
          132.64248704663214,
          139.87564766839378,
          2
        ],
        [
          160.1036269430052,
          145.3160621761658,
          2
        ],
        [
          158.80829015544043,
          174.59067357512953,
          2
        ],
        [
          128.75647668393782,
          170.96373056994818,
          2
        ]
      ]
    }
  ],
  "unconverted": []
}