{
  "image": "recordings/20260513_115203/img_000771.png",
  "image_width": 324,
  "image_height": 244,
  "gates": [
    {
      "corners": [
        [
          224.95336787564767,
          113.96891191709844,
          2
        ],
        [
          270.03108808290153,
          116.81865284974093,
          2
        ],
        [
          267.9585492227979,
          153.6062176165803,
          2
        ],
        [
          223.91709844559585,
          153.0880829015544,
          2
        ]
      ]
    },
    {
      "corners": [
        [
          174.43523316062175,
          115.00518134715026,
          2
        ],
        [
          192.82901554404145,
          118.37305699481865,
          2
        ],
        [
          192.31088082901553,
          139.87564766839378,
          2
        ],
        [
          174.1761658031088,
          138.32124352331607,
          2
        ]
      ]
    }
  ],
  "unconverted": []
}