{
  "image": "recordings/20260513_115203/img_000252.png",
  "image_width": 324,
  "image_height": 244,
  "gates": [
    {
      "corners": [
        [
          80.91191709844558,
          155.67875647668393,
          2
        ],
        [
          98.52849740932642,
          160.60103626943004,
          2
        ],
        [
          96.71502590673575,
          193.50259067357513,
          2
        ],
        [
          76.76683937823833,
          201.01554404145077,
          2
        ]
      ]
    }
  ],
  "unconverted": []
}