{
  "image": "recordings/20260513_115203/img_001282.png",
  "image_width": 324,
  "image_height": 244,
  "gates": [
    {
      "corners": [
        [
          172.6217616580311,
          103.0880829015544,
          2
        ],
        [
          228.32124352331604,
          108.01036269430051,
          2
        ],
        [
          214.84974093264248,
          170.4455958549223,
          2
        ],
        [
          161.22279792746113,
          159.30569948186528,
          2
        ]
      ]
    },
    {
      "corners": [
        [
          124.6943005181347,
          138.32124352331607,
          2
        ],
        [
          146.19689119170982,
          140.9119170984456,
          2
        ],
        [
          144.6424870466321,
          166.30051813471502,
          2
        ],
        [
          122.36269430051811,
          167.33678756476684,
          2
        ]
      ]
    },
    {
      "corners": [
        [
          29.61658031088081,
          127.44041450777202,
          2
        ],
        [
          36.09326424870464,
          128.99481865284974,
          2
        ],
        [
          32.72538860103626,
          157.75129533678756,
          2
        ],
        [
          27.02590673575128,
          159.30569948186528,
          2
        ]
      ]
    }
  ],
  "unconverted": []
}