{
  "image": "recordings/20260513_115203/img_000269.png",
  "image_width": 324,
  "image_height": 244,
  "gates": [
    {
      "corners": [
        [
          238.42487046632124,
          44.27979274611398,
          2
        ],
        [
          295.419689119171,
          25.367875647668384,
          2
        ],
        [
          312.25906735751295,
          62.41450777202072,
          2
        ],
        [
          250.60103626943004,
          82.36269430051813,
          2
        ]
      ]
    },
    {
      "corners": [
        [
          210.44559585492226,
          89.09844559585491,
          2
        ],
        [
          232.4663212435233,
          88.580310880829,
          2
        ],
        [
          237.12953367875647,
          107.4922279792746,
          2
        ],
        [
          214.33160621761658,
          110.08290155440415,
          2
        ]
      ]
    },
    {
      "corners": [
        [
          156.04145077720207,
          130.2901554404145,
          2
        ],
        [
          160.44559585492226,
          132.6217616580311,
          2
        ],
        [
          162.5181347150259,
          146.61139896373058,
          2
        ],
        [
          158.6321243523316,
          146.3523316062176,
          2
        ]
      ]
    }
  ],
  "unconverted": []
}