{
  "image": "recordings/20260513_115203/img_000955.png",
  "image_width": 324,
  "image_height": 244,
  "gates": [
    {
      "corners": [
        [
          240.75647668393782,
          13.191709844559576,
          2
        ],
        [
          317.9585492227979,
          20.186528497409316,
          2
        ],
        [
          318.7357512953368,
          107.23316062176166,
          2
        ],
        [
          244.1243523316062,
          111.37823834196891,
          2
        ]
      ]
    },
    {
      "corners": [
        [
          82.46632124352331,
          112.93264248704662,
          2
        ],
        [
          106.30051813471502,
          110.60103626943005,
          2
        ],
        [
          115.36787564766837,
          150.23834196891193,
          2
        ],
        [
          95.16062176165802,
          162.93264248704662,
          2
        ]
      ]
    }
  ],
  "unconverted": []
}