{
  "image": "recordings/20260513_115203/img_000588.png",
  "image_width": 324,
  "image_height": 244,
  "gates": [
    {
      "corners": [
        [
          21.067357512953354,
          99.46113989637306,
          2
        ],
        [
          82.72538860103626,
          111.63730569948186,
          2
        ],
        [
          77.02590673575128,
          183.13989637305698,
          2
        ],
        [
          13.554404145077704,
          181.32642487046633,
          2
        ]
      ]
    }
  ],
  "unconverted": []
}