{
  "image": "recordings/20260513_115203/img_001039.png",
  "image_width": 324,
  "image_height": 244,
  "gates": [
    {
      "corners": [
        [
          139.720207253886,
          102.82901554404144,
          2
        ],
        [
          172.36269430051811,
          91.68911917098445,
          2
        ],
        [
          167.69948186528495,
          169.15025906735752,
          2
        ],
        [
          134.53886010362694,
          166.81865284974094,
          2
        ]
      ]
    },
    {
      "corners": [
        [
          142.05181347150258,
          113.45077720207253,
          2
        ],
        [
          161.22279792746113,
          113.70984455958549,
          2
        ],
        [
          159.40932642487047,
          142.98445595854923,
          2
        ],
        [
          139.720207253886,
          142.72538860103626,
          2
        ]
      ]
    }
  ],
  "unconverted": []
}