{
  "image": "recordings/20260513_115203/img_000391.png",
  "image_width": 324,
  "image_height": 244,
  "gates": [
    {
      "corners": [
        [
          74.1761658031088,
          101.27461139896373,
          2
        ],
        [
          132.9844559585492,
          109.82383419689118,
          2
        ],
        [
          129.35751295336786,
          165.52331606217615,
          2
        ],
        [
          67.95854922279791,
          161.63730569948186,
          2
        ]
      ]
    },
    {
      "corners": [
        [
          0.0,
          147.12953367875647,
          0
        ],
        [
          10.621761658031089,
          147.64766839378237,
          2
        ],
        [
          11.139896373056995,
          183.39896373056993,
          2
        ],
        [
          0.0,
          185.21243523316062,
          0
        ]
      ]
    }
  ],
  "unconverted": []
}