{
  "image": "recordings/20260513_115203/img_001069.png",
  "image_width": 324,
  "image_height": 244,
  "gates": [
    {
      "corners": [
        [
          158.11398963730568,
          101.01554404145077,
          2
        ],
        [
          189.2020725388601,
          79.51295336787564,
          2
        ],
        [
          178.0621761658031,
          187.5440414507772,
          2
        ],
        [
          149.56476683937822,
          180.54922279792746,
          2
        ]
      ]
    },
    {
      "corners": [
        [
          180.82901554404145,
          116.55958549222798,
          2
        ],
        [
          184.71502590673575,
          116.55958549222798,
          2
        ],
        [
          182.38341968911917,
          147.64766839378237,
          2
        ],
        [
          178.23834196891193,
          147.64766839378237,
          2
        ]
      ]
    },
    {
      "corners": [
        [
          197.40932642487047,
          114.74611398963731,
          2
        ],
        [
          201.8134715025907,
          114.74611398963731,
          2
        ],
        [
          198.4455958549223,
          148.1658031088083,
          2
        ],
        [
          194.04145077720207,
          148.42487046632124,
          2
        ]
      ]
    }
  ],
  "unconverted": []
}