{
  "image": "recordings/20260513_115203/img_000923.png",
  "image_width": 324,
  "image_height": 244,
  "gates": [
    {
      "corners": [
        [
          69.51295336787564,
          63.709844559585484,
          2
        ],
        [
          114.33160621761658,
          90.39378238341969,
          2
        ],
        [
          102.41450777202071,
          137.02590673575128,
          2
        ],
        [
          52.155440414507765,
          123.0362694300518,
          2
        ]
      ]
    },
    {
      "corners": [
        [
          248.96373056994818,
          85.98963730569947,
          2
        ],
        [
          313.21243523316065,
          135.47150259067357,
          2
        ],
        [
          281.34715025906735,
          225.10880829015545,
          2
        ],
        [
          206.7357512953368,
          223.5544041450777,
          2
        ]
      ]
    }
  ],
  "unconverted": []
}