{
  "image": "recordings/20260513_115203/img_001114.png",
  "image_width": 324,
  "image_height": 244,
  "gates": [
    {
      "corners": [
        [
          274.43523316062175,
          15.78238341968911,
          2
        ],
        [
          259.40932642487047,
          203.6062176165803,
          2
        ],
        [
          247.75129533678756,
          175.10880829015545,
          2
        ],
        [
          255.52331606217615,
          53.86528497409326,
          2
        ]
      ]
    }
  ],
  "unconverted": []
}