{
  "image": "recordings/20260513_115203/img_000435.png",
  "image_width": 324,
  "image_height": 244,
  "gates": [
    {
      "corners": [
        [
          84.19689119170985,
          170.4455958549223,
          2
        ],
        [
          183.16062176165804,
          189.3575129533679,
          2
        ],
        [
          170.4663212435233,
          243.76165803108807,
          0
        ],
        [
          79.01554404145078,
          243.76165803108807,
          0
        ]
      ]
    },
    {
      "corners": [
        [
          22.538860103626945,
          170.1865284974093,
          2
        ],
        [
          60.10362694300518,
          162.67357512953367,
          2
        ],
        [
          59.06735751295337,
          196.87046632124353,
          2
        ],
        [
          27.202072538860104,
          209.8238341968912,
          2
        ]
      ]
    }
  ],
  "unconverted": []
}