{
  "image": "recordings/20260513_115203/img_000614.png",
  "image_width": 324,
  "image_height": 244,
  "gates": [
    {
      "corners": [
        [
          133.76165803108807,
          102.82901554404144,
          2
        ],
        [
          217.440414507772,
          88.32124352331606,
          2
        ],
        [
          214.33160621761658,
          234.1761658031088,
          2
        ],
        [
          133.24352331606218,
          216.55958549222797,
          2
        ]
      ]
    },
    {
      "corners": [
        [
          101.03626943005182,
          105.67875647668393,
          2
        ],
        [
          118.13471502590674,
          105.67875647668393,
          2
        ],
        [
          117.09844559585493,
          145.3160621761658,
          2
        ],
        [
          100.51813471502591,
          145.3160621761658,
          2
        ]
      ]
    }
  ],
  "unconverted": []
}