{
  "image": "recordings/20260513_115203/img_000183.png",
  "image_width": 324,
  "image_height": 244,
  "gates": [
    {
      "corners": [
        [
          259.40932642487047,
          98.68393782383419,
          2
        ],
        [
          314.59067357512953,
          95.57512953367875,
          2
        ],
        [
          316.4041450777202,
          169.92746113989637,
          2
        ],
        [
          260.1865284974093,
          170.70466321243524,
          2
        ]
      ]
    },
    {
      "corners": [
        [
          156.81865284974091,
          104.64248704663213,
          2
        ],
        [
          178.58031088082902,
          105.67875647668393,
          2
        ],
        [
          179.87564766839378,
          137.28497409326425,
          2
        ],
        [
          157.33678756476684,
          138.58031088082902,
          2
        ]
      ]
    }
  ],
  "unconverted": []
}