{
  "image": "recordings/20260513_115203/img_000931.png",
  "image_width": 324,
  "image_height": 244,
  "gates": [
    {
      "corners": [
        [
          18.994818652849727,
          84.69430051813471,
          2
        ],
        [
          75.47150259067357,
          100.75647668393782,
          2
        ],
        [
          73.91709844559584,
          151.2746113989637,
          2
        ],
        [
          14.849740932642469,
          150.75647668393782,
          2
        ]
      ]
    },
    {
      "corners": [
        [
          175.6476683937824,
          58.787564766839374,
          2
        ],
        [
          280.31088082901556,
          97.90673575129533,
          2
        ],
        [
          270.7253886010363,
          192.4663212435233,
          2
        ],
        [
          169.94818652849742,
          191.94818652849742,
          2
        ]
      ]
    }
  ],
  "unconverted": []
}