{
  "image": "recordings/20260513_115203/img_000841.png",
  "image_width": 324,
  "image_height": 244,
  "gates": [
    {
      "corners": [
        [
          151.3782383419689,
          56.9740932642487,
          2
        ],
        [
          185.8341968911917,
          87.80310880829015,
          2
        ],
        [
          180.9119170984456,
          184.1761658031088,
          2
        ],
        [
          148.78756476683938,
          204.12435233160622,
          2
        ]
      ]
    }
  ],
  "unconverted": []
}