{
  "image": "recordings/20260513_115203/img_000292.png",
  "image_width": 324,
  "image_height": 244,
  "gates": [
    {
      "corners": [
        [
          230.39378238341968,
          49.202072538860094,
          2
        ],
        [
          256.559585492228,
          50.497409326424865,
          2
        ],
        [
          256.81865284974094,
          74.84974093264248,
          2
        ],
        [
          230.13471502590673,
          74.84974093264248,
          2
        ]
      ]
    },
    {
      "corners": [
        [
          168.47668393782382,
          90.65284974093264,
          2
        ],
        [
          172.88082901554404,
          94.27979274611398,
          2
        ],
        [
          173.39896373056993,
          111.37823834196891,
          2
        ],
        [
          168.47668393782382,
          107.4922279792746,
          2
        ]
      ]
    },
    {
      "corners": [
        [
          266.0621761658031,
          0.23834196891190657,
          0
        ],
        [
          323.3160621761658,
          0.23834196891190657,
          0
        ],
        [
          323.3160621761658,
          31.067357512953357,
          0
        ],
        [
          271.5025906735751,
          40.39378238341968,
          2
        ]
      ]
    }
  ],
  "unconverted": []
}