{
  "image": "recordings/20260513_115203/img_000113.png",
  "image_width": 324,
  "image_height": 244,
  "gates": [
    {
      "corners": [
        [
          158.89119170984455,
          170.1865284974093,
          2
        ],
        [
          171.32642487046633,
          170.96373056994818,
          2
        ],
        [
          171.84455958549222,
          200.23834196891193,
          2
        ],
        [
          158.6321243523316,
          201.01554404145077,
          2
        ]
      ]
    },
    {
      "corners": [
        [
          52.41450777202071,
          138.0621761658031,
          2
        ],
        [
          68.47668393782382,
          141.94818652849742,
          2
        ],
        [
          67.95854922279791,
          172.25906735751295,
          2
        ],
        [
          50.08290155440413,
          171.48186528497408,
          2
        ]
      ]
    },
    {
      "corners": [
        [
          191.79274611398964,
          0.49740932642485985,
          0
        ],
        [
          324.0,
          0.24316460741330154,
          0
        ],
        [
          324.0,
          164.48704663212436,
          0
        ],
        [
          191.79274611398964,
          167.85492227979273,
          2
        ]
      ]
    }
  ],
  "unconverted": []
}