{
  "image": "recordings/20260513_115203/img_001015.png",
  "image_width": 324,
  "image_height": 244,
  "gates": [
    {
      "corners": [
        [
          166.4041450777202,
          128.7357512953368,
          2
        ],
        [
          205.52331606217615,
          116.30051813471502,
          2
        ],
        [
          199.04663212435233,
          215.2642487046632,
          2
        ],
        [
          157.85492227979273,
          205.41968911917098,
          2
        ]
      ]
    },
    {
      "corners": [
        [
          165.62694300518135,
          135.9896373056995,
          2
        ],
        [
          186.87046632124353,
          135.9896373056995,
          2
        ],
        [
          184.53886010362694,
          168.37305699481865,
          2
        ],
        [
          164.0725388601036,
          168.1139896373057,
          2
        ]
      ]
    }
  ],
  "unconverted": []
}