{
  "image": "recordings/20260513_115203/img_000105.png",
  "image_width": 324,
  "image_height": 244,
  "gates": [
    {
      "corners": [
        [
          25.73056994818651,
          176.9222797927461,
          2
        ],
        [
          44.124352331606204,
          178.21761658031087,
          2
        ],
        [
          42.31088082901553,
          209.8238341968912,
          2
        ],
        [
          23.917098445595837,
          212.67357512953367,
          2
        ]
      ]
    },
    {
      "corners": [
        [
          138.68393782383419,
          212.15544041450778,
          2
        ],
        [
          151.63730569948186,
          210.60103626943004,
          2
        ],
        [
          150.860103626943,
          240.39378238341968,
          2
        ],
        [
          137.90673575129532,
          243.76165803108807,
          0
        ]
      ]
    },
    {
      "corners": [
        [
          175.47150259067357,
          174.84974093264248,
          2
        ],
        [
          322.3626943005181,
          142.20725388601036,
          0
        ],
        [
          323.6580310880829,
          243.76165803108807,
          0
        ],
        [
          172.6217616580311,
          243.76165803108807,
          0
        ]
      ]
    },
    {
      "corners": [
        [
          234.279792746114,
          224.33160621761658,
          2
        ],
        [
          290.2383419689119,
          222.25906735751295,
          2
        ],
        [
          291.01554404145077,
          243.50259067357513,
          0
        ],
        [
          234.53886010362694,
          243.76165803108807,
          0
        ]
      ]
    }
  ],
  "unconverted": []
}