{
  "image": "recordings/20260513_115203/img_000306.png",
  "image_width": 324,
  "image_height": 244,
  "gates": [
    {
      "corners": [
        [
          245.67875647668393,
          96.09326424870466,
          2
        ],
        [
          273.139896373057,
          99.720207253886,
          2
        ],
        [
          272.62176165803106,
          126.66321243523316,
          2
        ],
        [
          244.1243523316062,
          123.29533678756476,
          2
        ]
      ]
    },
    {
      "corners": [
        [
          178.0621761658031,
          126.66321243523316,
          2
        ],
        [
          182.72538860103626,
          128.99481865284974,
          2
        ],
        [
          181.9481865284974,
          147.38860103626942,
          2
        ],
        [
          177.02590673575128,
          145.57512953367876,
          2
        ]
      ]
    },
    {
      "corners": [
        [
          290.1554404145078,
          60.34196891191709,
          2
        ],
        [
          323.05699481865287,
          56.71502590673575,
          0
        ],
        [
          323.57512953367876,
          112.41450777202073,
          0
        ],
        [
          291.96891191709847,
          112.93264248704662,
          2
        ]
      ]
    }
  ],
  "unconverted": []
}