{
  "image": "recordings/20260513_115203/img_000082.png",
  "image_width": 324,
  "image_height": 244,
  "gates": [
    {
      "corners": [
        [
          33.502590673575114,
          39.875647668393775,
          2
        ],
        [
          93.86528497409326,
          69.92746113989637,
          2
        ],
        [
          85.57512953367875,
          128.7357512953368,
          2
        ],
        [
          16.9222797927461,
          115.2642487046632,
          2
        ]
      ]
    }
  ],
  "unconverted": []
}