{
  "image": "recordings/20260513_115203/img_000500.png",
  "image_width": 324,
  "image_height": 244,
  "gates": [
    {
      "corners": [
        [
          100.77720207253887,
          195.57512953367876,
          2
        ],
        [
          186.52849740932643,
          217.0777202072539,
          2
        ],
        [
          183.41968911917098,
          243.50259067357513,
          0
        ],
        [
          95.33678756476684,
          243.50259067357513,
          0
        ]
      ]
    },
    {
      "corners": [
        [
          63.98963730569948,
          165.2642487046632,
          2
        ],
        [
          91.45077720207254,
          167.85492227979273,
          2
        ],
        [
          84.19689119170985,
          203.6062176165803,
          2
        ],
        [
          58.54922279792746,
          203.6062176165803,
          2
        ]
      ]
    }
  ],
  "unconverted": []
}