{
  "image": "recordings/20260513_115203/img_001088.png",
  "image_width": 324,
  "image_height": 244,
  "gates": [
    {
      "corners": [
        [
          163.81347150259066,
          95.57512953367875,
          2
        ],
        [
          180.13471502590673,
          86.24870466321244,
          2
        ],
        [
          178.58031088082902,
          147.90673575129534,
          2
        ],
        [
          162.0,
          147.38860103626942,
          2
        ]
      ]
    },
    {
      "corners": [
        [
          184.7979274611399,
          96.87046632124351,
          2
        ],
        [
          197.23316062176164,
          96.35233160621762,
          2
        ],
        [
          196.4559585492228,
          124.33160621761658,
          2
        ],
        [
          184.53886010362694,
          124.84974093264249,
          2
        ]
      ]
    }
  ],
  "unconverted": []
}