{
  "image": "recordings/20260513_115203/img_000611.png",
  "image_width": 324,
  "image_height": 244,
  "gates": [
    {
      "corners": [
        [
          125.73056994818651,
          130.8082901554404,
          2
        ],
        [
          181.68911917098444,
          129.51295336787564,
          2
        ],
        [
          181.17098445595855,
          231.06735751295338,
          2
        ],
        [
          122.62176165803109,
          220.4455958549223,
          2
        ]
      ]
    },
    {
      "corners": [
        [
          91.70984455958549,
          121.22279792746113,
          2
        ],
        [
          113.47150259067358,
          122.51813471502591,
          2
        ],
        [
          112.43523316062176,
          157.75129533678756,
          2
        ],
        [
          89.89637305699482,
          156.9740932642487,
          2
        ]
      ]
    }
  ],
  "unconverted": []
}