{
  "image": "recordings/20260513_115203/img_001044.png",
  "image_width": 324,
  "image_height": 244,
  "gates": [
    {
      "corners": [
        [
          138.68393782383419,
          102.31088082901555,
          2
        ],
        [
          170.54922279792746,
          89.35751295336787,
          2
        ],
        [
          167.95854922279793,
          168.1139896373057,
          2
        ],
        [
          135.05699481865284,
          167.0777202072539,
          2
        ]
      ]
    },
    {
      "corners": [
        [
          142.82901554404145,
          112.93264248704662,
          2
        ],
        [
          160.96373056994818,
          112.67357512953367,
          2
        ],
        [
          159.66839378238342,
          141.68911917098444,
          2
        ],
        [
          139.720207253886,
          142.72538860103626,
          2
        ]
      ]
    }
  ],
  "unconverted": []
}