{
  "image": "recordings/20260513_115203/img_001077.png",
  "image_width": 324,
  "image_height": 244,
  "gates": [
    {
      "corners": [
        [
          164.0725388601036,
          93.24352331606217,
          2
        ],
        [
          196.4559585492228,
          72.25906735751295,
          2
        ],
        [
          182.9844559585492,
          186.50777202072538,
          2
        ],
        [
          152.15544041450775,
          176.40414507772022,
          2
        ]
      ]
    },
    {
      "corners": [
        [
          184.71502590673575,
          110.34196891191709,
          2
        ],
        [
          192.2279792746114,
          110.34196891191709,
          2
        ],
        [
          188.86010362694302,
          142.4663212435233,
          2
        ],
        [
          180.31088082901556,
          142.72538860103626,
          2
        ]
      ]
    }
  ],
  "unconverted": []
}