{
  "image": "recordings/20260513_115203/img_000350.png",
  "image_width": 324,
  "image_height": 244,
  "gates": [
    {
      "corners": [
        [
          141.2746113989637,
          144.53886010362694,
          2
        ],
        [
          239.46113989637306,
          142.98445595854923,
          2
        ],
        [
          240.75647668393782,
          229.77202072538861,
          2
        ],
        [
          139.720207253886,
          220.96373056994818,
          2
        ]
      ]
    },
    {
      "corners": [
        [
          78.0621761658031,
          174.07253886010363,
          2
        ],
        [
          89.97927461139895,
          174.59067357512953,
          2
        ],
        [
          88.68393782383419,
          196.09326424870466,
          2
        ],
        [
          76.24870466321242,
          198.42487046632124,
          2
        ]
      ]
    },
    {
      "corners": [
        [
          141.45077720207254,
          151.79274611398964,
          2
        ],
        [
          172.279792746114,
          153.86528497409327,
          2
        ],
        [
          169.94818652849742,
          185.7305699481865,
          2
        ],
        [
          140.15544041450778,
          182.88082901554404,
          2
        ]
      ]
    }
  ],
  "unconverted": []
}