{
  "image": "recordings/20260513_115203/img_001128.png",
  "image_width": 324,
  "image_height": 244,
  "gates": [
    {
      "corners": [
        [
          45.93782383419688,
          120.18652849740933,
          2
        ],
        [
          52.41450777202071,
          122.0,
          2
        ],
        [
          51.378238341968895,
          169.15025906735752,
          2
        ],
        [
          44.64248704663211,
          181.58549222797927,
          2
        ]
      ]
    }
  ],
  "unconverted": []
}