{
  "image": "recordings/20260513_115203/img_000874.png",
  "image_width": 324,
  "image_height": 244,
  "gates": [
    {
      "corners": [
        [
          88.94300518134715,
          103.0880829015544,
          2
        ],
        [
          141.2746113989637,
          125.10880829015544,
          2
        ],
        [
          132.9844559585492,
          224.59067357512953,
          2
        ],
        [
          84.02072538860102,
          243.76165803108807,
          0
        ]
      ]
    }
  ],
  "unconverted": []
}