{
  "image": "recordings/20260513_115203/img_000712.png",
  "image_width": 324,
  "image_height": 244,
  "gates": [
    {
      "corners": [
        [
          97.66839378238342,
          76.92227979274611,
          2
        ],
        [
          215.5440414507772,
          96.35233160621762,
          2
        ],
        [
          202.33160621761658,
          242.98445595854923,
          0
        ],
        [
          77.72020725388602,
          242.72538860103626,
          0
        ]
      ]
    }
  ],
  "unconverted": []
}