{
  "image": "recordings/20260513_115203/img_001158.png",
  "image_width": 324,
  "image_height": 244,
  "gates": [
    {
      "corners": [
        [
          267.69948186528495,
          156.71502590673575,
          2
        ],
        [
          301.89637305699483,
          156.71502590673575,
          2
        ],
        [
          299.8238341968912,
          185.7305699481865,
          2
        ],
        [
          265.8860103626943,
          186.24870466321244,
          2
        ]
      ]
    },
    {
      "corners": [
        [
          210.1865284974093,
          144.02072538860102,
          2
        ],
        [
          224.1761658031088,
          144.53886010362694,
          2
        ],
        [
          224.1761658031088,
          164.22797927461139,
          2
        ],
        [
          210.70466321243524,
          163.96891191709844,
          2
        ]
      ]
    }
  ],
  "unconverted": []
}