{
  "image": "recordings/20260513_115203/img_000795.png",
  "image_width": 324,
  "image_height": 244,
  "gates": [
    {
      "corners": [
        [
          148.5284974093264,
          120.18652849740933,
          2
        ],
        [
          159.1502590673575,
          120.44559585492227,
          2
        ],
        [
          157.0777202072539,
          140.65284974093265,
          2
        ],
        [
          146.9740932642487,
          142.4663212435233,
          2
        ]
      ]
    },
    {
      "corners": [
        [
          226.94300518134716,
          105.67875647668393,
          2
        ],
        [
          339.58423939018405,
          116.2767220608487,
          0
        ],
        [
          314.24870466321244,
          203.86528497409327,
          2
        ],
        [
          215.0259067357513,
          175.3678756476684,
          2
        ]
      ]
    },
    {
      "corners": [
        [
          227.2020725388601,
          105.41968911917098,
          2
        ],
        [
          249.74093264248705,
          108.52849740932642,
          2
        ],
        [
          239.63730569948189,
          142.4663212435233,
          2
        ],
        [
          221.50259067357513,
          139.35751295336786,
          2
        ]
      ]
    }
  ],
  "unconverted": []
}