{
  "image": "recordings/20260513_115203/img_000829.png",
  "image_width": 324,
  "image_height": 244,
  "gates": [
    {
      "corners": [
        [
          39.72020725388599,
          154.38341968911917,
          2
        ],
        [
          57.85492227979273,
          155.16062176165804,
          2
        ],
        [
          56.818652849740914,
          176.9222797927461,
          2
        ],
        [
          39.97927461139895,
          179.2538860103627,
          2
        ]
      ]
    },
    {
      "corners": [
        [
          13.29533678756475,
          129.2538860103627,
          2
        ],
        [
          81.17098445595853,
          124.59067357512953,
          2
        ],
        [
          82.9844559585492,
          225.10880829015545,
          2
        ],
        [
          14.331606217616564,
          205.93782383419688,
          2
        ]
      ]
    },
    {
      "corners": [
        [
          102.07253886010363,
          133.39896373056993,
          2
        ],
        [
          119.94818652849742,
          135.9896373056995,
          2
        ],
        [
          116.32124352331607,
          169.15025906735752,
          2
        ],
        [
          101.81347150259067,
          167.85492227979273,
          2
        ]
      ]
    }
  ],
  "unconverted": []
}