{
  "image": "recordings/20260513_115203/img_001055.png",
  "image_width": 324,
  "image_height": 244,
  "gates": [
    {
      "corners": [
        [
          147.23316062176164,
          61.63730569948186,
          2
        ],
        [
          182.4663212435233,
          43.243523316062166,
          2
        ],
        [
          178.58031088082902,
          125.36787564766838,
          2
        ],
        [
          142.05181347150258,
          130.2901554404145,
          2
        ]
      ]
    },
    {
      "corners": [
        [
          146.71502590673575,
          93.24352331606217,
          2
        ],
        [
          166.14507772020724,
          92.20725388601036,
          2
        ],
        [
          165.10880829015542,
          123.55440414507771,
          2
        ],
        [
          144.6424870466321,
          123.29533678756476,
          2
        ]
      ]
    }
  ],
  "unconverted": []
}