{
  "image": "recordings/20260513_115203/img_000668.png",
  "image_width": 324,
  "image_height": 244,
  "gates": [
    {
      "corners": [
        [
          116.92227979274611,
          109.04663212435233,
          2
        ],
        [
          173.13989637305698,
          111.37823834196891,
          2
        ],
        [
          173.91709844559585,
          187.0259067357513,
          2
        ],
        [
          120.29015544041451,
          194.02072538860102,
          2
        ]
      ]
    }
  ],
  "unconverted": []
}