{
  "image": "recordings/20260513_115203/img_000096.png",
  "image_width": 324,
  "image_height": 244,
  "gates": [
    {
      "corners": [
        [
          127.28497409326425,
          196.09326424870466,
          2
        ],
        [
          144.6424870466321,
          195.31606217616581,
          2
        ],
        [
          139.97927461139895,
          229.2538860103627,
          2
        ],
        [
          121.84455958549222,
          233.91709844559585,
          2
        ]
      ]
    },
    {
      "corners": [
        [
          251.37823834196888,
          229.51295336787564,
          2
        ],
        [
          292.5699481865285,
          232.36269430051814,
          2
        ],
        [
          291.7927461139896,
          243.76165803108807,
          0
        ],
        [
          252.67357512953367,
          244.0,
          0
        ]
      ]
    },
    {
      "corners": [
        [
          0.6010362694300362,
          140.13471502590673,
          0
        ],
        [
          18.217616580310864,
          142.72538860103626,
          2
        ],
        [
          14.331606217616564,
          182.36269430051814,
          2
        ],
        [
          0.0,
          183.33432862035653,
          0
        ]
      ]
    }
  ],
  "unconverted": []
}