{
  "image": "recordings/20260513_115203/img_000492.png",
  "image_width": 324,
  "image_height": 244,
  "gates": [
    {
      "corners": [
        [
          20.8082901554404,
          146.3523316062176,
          2
        ],
        [
          52.93264248704662,
          152.31088082901553,
          2
        ],
        [
          45.41968911917097,
          193.50259067357513,
          2
        ],
        [
          13.554404145077704,
          195.57512953367876,
          2
        ]
      ]
    },
    {
      "corners": [
        [
          126.16580310880829,
          151.79274611398964,
          2
        ],
        [
          213.4715025906736,
          158.52849740932643,
          2
        ],
        [
          206.21937509813156,
          244.0,
          0
        ],
        [
          118.65284974093265,
          242.98445595854923,
          0
        ]
      ]
    }
  ],
  "unconverted": []
}