{
  "image": "recordings/20260513_115203/img_000804.png",
  "image_width": 324,
  "image_height": 244,
  "gates": [
    {
      "corners": [
        [
          193.6062176165803,
          98.42487046632124,
          2
        ],
        [
          309.40932642487047,
          71.48186528497409,
          2
        ],
        [
          301.11917098445593,
          196.87046632124353,
          2
        ],
        [
          192.31088082901553,
          174.07253886010363,
          2
        ]
      ]
    },
    {
      "corners": [
        [
          228.58031088082902,
          108.26943005181347,
          2
        ],
        [
          267.18134715025906,
          109.30569948186528,
          2
        ],
        [
          261.74093264248705,
          147.64766839378237,
          2
        ],
        [
          222.6217616580311,
          143.76165803108807,
          2
        ]
      ]
    },
    {
      "corners": [
        [
          173.05699481865287,
          136.24870466321244,
          2
        ],
        [
          180.05181347150258,
          136.76683937823833,
          2
        ],
        [
          179.5336787564767,
          158.78756476683938,
          2
        ],
        [
          173.05699481865287,
          159.04663212435233,
          2
        ]
      ]
    }
  ],
  "unconverted": []
}