{
  "image": "recordings/20260513_115203/img_000541.png",
  "image_width": 324,
  "image_height": 244,
  "gates": [
    {
      "corners": [
        [
          98.01036269430051,
          61.119170984455955,
          2
        ],
        [
          123.91709844559585,
          71.48186528497409,
          2
        ],
        [
          121.58549222797927,
          107.4922279792746,
          2
        ],
        [
          94.1243523316062,
          101.27461139896373,
          2
        ]
      ]
    },
    {
      "corners": [
        [
          0.5181347150259068,
          41.17098445595854,
          0
        ],
        [
          15.025906735751295,
          48.42487046632124,
          2
        ],
        [
          9.326424870466322,
          79.51295336787564,
          2
        ],
        [
          0.0,
          76.66321243523315,
          0
        ]
      ]
    }
  ],
  "unconverted": [
    [
      [
        176.42487046632124,
        0.23834196891190657
      ],
      [
        209.31606217616434,
        0.0
      ],
      [
        176.94300518134716,
        11.119170984455948
      ]
    ]
  ]
}