{
  "image": "recordings/20260513_115203/img_000642.png",
  "image_width": 324,
  "image_height": 244,
  "gates": [
    {
      "corners": [
        [
          15.886010362694282,
          29.512953367875635,
          2
        ],
        [
          67.18134715025906,
          29.253886010362685,
          2
        ],
        [
          64.33160621761657,
          99.46113989637306,
          2
        ],
        [
          13.29533678756475,
          99.46113989637306,
          2
        ]
      ]
    }
  ],
  "unconverted": []
}