{
  "image": "recordings/20260513_115203/img_000612.png",
  "image_width": 324,
  "image_height": 244,
  "gates": [
    {
      "corners": [
        [
          125.98963730569946,
          120.44559585492227,
          2
        ],
        [
          191.79274611398964,
          110.860103626943,
          2
        ],
        [
          191.5336787564767,
          229.77202072538861,
          2
        ],
        [
          125.73056994818651,
          219.40932642487047,
          2
        ]
      ]
    },
    {
      "corners": [
        [
          94.81865284974094,
          117.59585492227978,
          2
        ],
        [
          112.43523316062176,
          117.85492227979275,
          2
        ],
        [
          112.43523316062176,
          154.38341968911917,
          2
        ],
        [
          94.30051813471503,
          154.6424870466321,
          2
        ]
      ]
    }
  ],
  "unconverted": []
}