{
  "image": "recordings/20260513_115203/img_000123.png",
  "image_width": 324,
  "image_height": 244,
  "gates": [
    {
      "corners": [
        [
          272.10362694300517,
          178.7357512953368,
          2
        ],
        [
          323.39896373056996,
          170.96373056994818,
          0
        ],
        [
          323.6580310880829,
          243.50259067357513,
          0
        ],
        [
          288.59067357512856,
          244.0,
          0
        ]
      ]
    },
    {
      "corners": [
        [
          147.49222797927462,
          205.16062176165804,
          2
        ],
        [
          156.81865284974091,
          204.9015544041451,
          2
        ],
        [
          158.37305699481865,
          243.50259067357513,
          0
        ],
        [
          151.63730569948186,
          243.76165803108807,
          0
        ]
      ]
    },
    {
      "corners": [
        [
          0.3419689119170819,
          164.7461139896373,
          0
        ],
        [
          28.580310880829,
          172.0,
          2
        ],
        [
          24.17616580310879,
          211.11917098445596,
          2
        ],
        [
          0.3419689119170819,
          210.60103626943004,
          0
        ]
      ]
    }
  ],
  "unconverted": []
}