{
  "image": "recordings/20260513_115203/img_000860.png",
  "image_width": 324,
  "image_height": 244,
  "gates": [
    {
      "corners": [
        [
          104.22797927461139,
          78.73575129533678,
          2
        ],
        [
          150.08290155440415,
          104.12435233160622,
          2
        ],
        [
          135.3160621761658,
          199.2020725388601,
          2
        ],
        [
          86.3523316062176,
          220.4455958549223,
          2
        ]
      ]
    }
  ],
  "unconverted": []
}