{
  "image": "recordings/20260513_115203/img_000690.png",
  "image_width": 324,
  "image_height": 244,
  "gates": [
    {
      "corners": [
        [
          52.33160621761658,
          0.49740932642485985,
          0
        ],
        [
          310.10362694300517,
          0.23834196891190657,
          0
        ],
        [
          300.0,
          222.77720207253887,
          2
        ],
        [
          84.97409326424871,
          224.33160621761658,
          2
        ]
      ]
    }
  ],
  "unconverted": []
}