{
  "image": "recordings/20260513_115203/img_000215.png",
  "image_width": 324,
  "image_height": 244,
  "gates": [
    {
      "corners": [
        [
          276.5077720207254,
          31.844559585492217,
          2
        ],
        [
          324.0,
          0.8713674250957268,
          0
        ],
        [
          323.91709844559585,
          81.58549222797927,
          0
        ],
        [
          292.5699481865285,
          93.24352331606217,
          2
        ]
      ]
    }
  ],
  "unconverted": []
}