{
  "image": "recordings/20260513_115203/img_000296.png",
  "image_width": 324,
  "image_height": 244,
  "gates": [
    {
      "corners": [
        [
          228.0621761658031,
          49.97927461139896,
          2
        ],
        [
          253.19170984455957,
          50.497409326424865,
          2
        ],
        [
          254.2279792746114,
          75.10880829015544,
          2
        ],
        [
          227.28497409326425,
          74.84974093264248,
          2
        ]
      ]
    },
    {
      "corners": [
        [
          165.62694300518135,
          89.87564766839378,
          2
        ],
        [
          170.2901554404145,
          94.53886010362694,
          2
        ],
        [
          170.2901554404145,
          110.34196891191709,
          2
        ],
        [
          166.14507772020724,
          108.26943005181347,
          2
        ]
      ]
    },
    {
      "corners": [
        [
          262.6943005181347,
          0.49740932642485985,
          0
        ],
        [
          323.3160621761658,
          0.23834196891190657,
          0
        ],
        [
          323.3160621761658,
          31.844559585492217,
          0
        ],
        [
          269.4300518134715,
          40.39378238341968,
          2
        ]
      ]
    }
  ],
  "unconverted": []
}