{
  "image": "recordings/20260513_115203/img_001052.png",
  "image_width": 324,
  "image_height": 244,
  "gates": [
    {
      "corners": [
        [
          152.93264248704662,
          96.87046632124351,
          2
        ],
        [
          188.68393782383419,
          81.58549222797927,
          2
        ],
        [
          181.68911917098444,
          163.45077720207254,
          2
        ],
        [
          145.93782383419688,
          162.93264248704662,
          2
        ]
      ]
    },
    {
      "corners": [
        [
          152.67357512953367,
          115.00518134715026,
          2
        ],
        [
          172.10362694300517,
          114.74611398963731,
          2
        ],
        [
          169.7720207253886,
          144.02072538860102,
          2
        ],
        [
          150.860103626943,
          144.02072538860102,
          2
        ]
      ]
    }
  ],
  "unconverted": []
}