{
  "image": "recordings/20260513_115203/img_000972.png",
  "image_width": 324,
  "image_height": 244,
  "gates": [
    {
      "corners": [
        [
          216.66321243523316,
          132.10362694300517,
          2
        ],
        [
          230.39378238341968,
          135.7305699481865,
          2
        ],
        [
          230.65284974093262,
          178.47668393782382,
          2
        ],
        [
          217.95854922279793,
          183.91709844559585,
          2
        ]
      ]
    },
    {
      "corners": [
        [
          37.64766839378237,
          125.62694300518135,
          2
        ],
        [
          45.16062176165802,
          132.10362694300517,
          2
        ],
        [
          42.31088082901553,
          189.3575129533679,
          2
        ],
        [
          35.575129533678734,
          194.7979274611399,
          2
        ]
      ]
    }
  ],
  "unconverted": []
}