{
  "image": "recordings/20260513_115203/img_000904.png",
  "image_width": 324,
  "image_height": 244,
  "gates": [
    {
      "corners": [
        [
          232.9844559585492,
          92.72538860103626,
          2
        ],
        [
          302.1554404145078,
          126.4041450777202,
          2
        ],
        [
          280.13471502590676,
          215.52331606217618,
          2
        ],
        [
          203.7098445595855,
          228.21761658031087,
          2
        ]
      ]
    },
    {
      "corners": [
        [
          59.150259067357496,
          77.18134715025906,
          2
        ],
        [
          105.52331606217615,
          97.12953367875647,
          2
        ],
        [
          98.01036269430051,
          145.8341968911917,
          2
        ],
        [
          47.75129533678755,
          136.76683937823833,
          2
        ]
      ]
    }
  ],
  "unconverted": []
}