{
  "image": "recordings/20260513_115203/img_001066.png",
  "image_width": 324,
  "image_height": 244,
  "gates": [
    {
      "corners": [
        [
          164.59067357512953,
          106.4559585492228,
          2
        ],
        [
          194.38341968911917,
          85.98963730569947,
          2
        ],
        [
          182.20725388601036,
          188.58031088082902,
          2
        ],
        [
          156.04145077720207,
          180.8082901554404,
          2
        ]
      ]
    },
    {
      "corners": [
        [
          202.07253886010363,
          117.59585492227978,
          2
        ],
        [
          209.06735751295338,
          117.59585492227978,
          2
        ],
        [
          204.66321243523316,
          150.75647668393782,
          2
        ],
        [
          197.15025906735752,
          150.75647668393782,
          2
        ]
      ]
    }
  ],
  "unconverted": []
}