{
  "image": "recordings/20260513_115203/img_001232.png",
  "image_width": 324,
  "image_height": 244,
  "gates": [
    {
      "corners": [
        [
          253.70984455958546,
          150.23834196891193,
          2
        ],
        [
          258.1139896373057,
          150.49740932642487,
          2
        ],
        [
          258.8911917098446,
          176.9222797927461,
          2
        ],
        [
          254.48704663212436,
          176.9222797927461,
          2
        ]
      ]
    },
    {
      "corners": [
        [
          158.11398963730568,
          130.2901554404145,
          2
        ],
        [
          163.81347150259066,
          132.36269430051814,
          2
        ],
        [
          165.8860103626943,
          159.04663212435233,
          2
        ],
        [
          160.44559585492226,
          158.78756476683938,
          2
        ]
      ]
    }
  ],
  "unconverted": []
}