{
  "image": "recordings/20260513_115203/img_000927.png",
  "image_width": 324,
  "image_height": 244,
  "gates": [
    {
      "corners": [
        [
          0.0,
          82.10362694300518,
          0
        ],
        [
          58.54922279792746,
          103.86528497409326,
          2
        ],
        [
          53.8860103626943,
          159.8238341968912,
          2
        ],
        [
          0.2590673575129534,
          153.0880829015544,
          0
        ]
      ]
    },
    {
      "corners": [
        [
          195.5958549222798,
          69.92746113989637,
          2
        ],
        [
          265.54404145077723,
          113.70984455958549,
          2
        ],
        [
          256.47668393782385,
          206.71502590673575,
          2
        ],
        [
          183.16062176165804,
          231.32642487046633,
          2
        ]
      ]
    }
  ],
  "unconverted": []
}