{
  "image": "recordings/20260513_115203/img_000034.png",
  "image_width": 324,
  "image_height": 244,
  "gates": [
    {
      "corners": [
        [
          0.3419689119170819,
          59.04663212435233,
          0
        ],
        [
          145.41968911917098,
          124.59067357512953,
          2
        ],
        [
          145.67875647668393,
          230.8082901554404,
          2
        ],
        [
          0.0,
          232.61635982802338,
          0
        ]
      ]
    }
  ],
  "unconverted": []
}