{
  "image": "recordings/20260513_115203/img_000358.png",
  "image_width": 324,
  "image_height": 244,
  "gates": [
    {
      "corners": [
        [
          129.6165803108808,
          134.1761658031088,
          2
        ],
        [
          222.36269430051811,
          124.59067357512953,
          2
        ],
        [
          224.95336787564767,
          215.2642487046632,
          2
        ],
        [
          130.13471502590673,
          206.9740932642487,
          2
        ]
      ]
    },
    {
      "corners": [
        [
          150.60103626943004,
          141.4300518134715,
          2
        ],
        [
          180.39378238341968,
          143.50259067357513,
          2
        ],
        [
          180.13471502590673,
          174.84974093264248,
          2
        ],
        [
          146.19689119170982,
          173.03626943005182,
          2
        ]
      ]
    },
    {
      "corners": [
        [
          94.38341968911917,
          166.81865284974094,
          2
        ],
        [
          106.81865284974093,
          166.81865284974094,
          2
        ],
        [
          106.55958549222797,
          187.0259067357513,
          2
        ],
        [
          93.86528497409326,
          189.61658031088083,
          2
        ]
      ]
    }
  ],
  "unconverted": []
}