{
  "image": "recordings/20260513_115203/img_000596.png",
  "image_width": 324,
  "image_height": 244,
  "gates": [
    {
      "corners": [
        [
          7.595854922279777,
          147.64766839378237,
          2
        ],
        [
          56.55958549222797,
          146.61139896373058,
          2
        ],
        [
          56.818652849740914,
          215.52331606217618,
          2
        ],
        [
          10.704663212435218,
          217.59585492227978,
          2
        ]
      ]
    }
  ],
  "unconverted": []
}