{
  "image": "recordings/20260513_115203/img_000154.png",
  "image_width": 324,
  "image_height": 244,
  "gates": [
    {
      "corners": [
        [
          179.0984455958549,
          132.6217616580311,
          2
        ],
        [
          201.11917098445596,
          135.21243523316062,
          2
        ],
        [
          196.19689119170982,
          168.1139896373057,
          2
        ],
        [
          174.43523316062175,
          164.7461139896373,
          2
        ]
      ]
    },
    {
      "corners": [
        [
          280.65284974093265,
          183.39896373056993,
          2
        ],
        [
          323.91709844559585,
          189.0984455958549,
          0
        ],
        [
          323.91709844559585,
          243.76165803108807,
          0
        ],
        [
          266.66321243523316,
          243.76165803108807,
          0
        ]
      ]
    }
  ],
  "unconverted": []
}