{
  "image": "recordings/20260513_115203/img_000152.png",
  "image_width": 324,
  "image_height": 244,
  "gates": [
    {
      "corners": [
        [
          179.87564766839378,
          137.80310880829015,
          2
        ],
        [
          202.41450777202073,
          138.58031088082902,
          2
        ],
        [
          201.3782383419689,
          172.0,
          2
        ],
        [
          177.80310880829015,
          171.74093264248705,
          2
        ]
      ]
    },
    {
      "corners": [
        [
          289.2020725388601,
          179.7720207253886,
          2
        ],
        [
          324.0,
          181.60349059176437,
          0
        ],
        [
          324.0,
          243.50259067357513,
          0
        ],
        [
          283.87896373056884,
          244.0,
          0
        ]
      ]
    }
  ],
  "unconverted": []
}