{
  "image": "recordings/20260513_115203/img_001107.png",
  "image_width": 324,
  "image_height": 244,
  "gates": [
    {
      "corners": [
        [
          207.33678756476684,
          51.015544041450774,
          2
        ],
        [
          198.5284974093264,
          162.67357512953367,
          2
        ],
        [
          177.28497409326425,
          158.26943005181346,
          2
        ],
        [
          182.72538860103626,
          76.66321243523315,
          2
        ]
      ]
    },
    {
      "corners": [
        [
          216.06217616580312,
          94.79792746113989,
          2
        ],
        [
          240.41450777202073,
          90.39378238341969,
          2
        ],
        [
          236.78756476683938,
          127.44041450777202,
          2
        ],
        [
          213.21243523316062,
          128.47668393782382,
          2
        ]
      ]
    }
  ],
  "unconverted": []
}