{
  "image": "recordings/20260513_115203/img_000254.png",
  "image_width": 324,
  "image_height": 244,
  "gates": [
    {
      "corners": [
        [
          107.33678756476682,
          154.6424870466321,
          2
        ],
        [
          127.28497409326425,
          157.23316062176164,
          2
        ],
        [
          126.24870466321244,
          191.17098445595855,
          2
        ],
        [
          103.96891191709844,
          199.46113989637306,
          2
        ]
      ]
    }
  ],
  "unconverted": []
}