{
  "image": "recordings/20260513_115203/img_001256.png",
  "image_width": 324,
  "image_height": 244,
  "gates": [
    {
      "corners": [
        [
          251.63730569948189,
          156.19689119170985,
          2
        ],
        [
          257.5958549222798,
          156.19689119170985,
          2
        ],
        [
          260.44559585492226,
          182.36269430051814,
          2
        ],
        [
          254.48704663212436,
          184.1761658031088,
          2
        ]
      ]
    },
    {
      "corners": [
        [
          156.30051813471502,
          140.39378238341968,
          2
        ],
        [
          162.77720207253884,
          142.4663212435233,
          2
        ],
        [
          165.62694300518135,
          168.1139896373057,
          2
        ],
        [
          159.1502590673575,
          168.6321243523316,
          2
        ]
      ]
    }
  ],
  "unconverted": []
}