{
  "image": "recordings/20260513_115203/img_001251.png",
  "image_width": 324,
  "image_height": 244,
  "gates": [
    {
      "corners": [
        [
          249.8238341968912,
          147.90673575129534,
          2
        ],
        [
          255.2642487046632,
          148.42487046632124,
          2
        ],
        [
          258.1139896373057,
          172.77720207253887,
          2
        ],
        [
          252.67357512953367,
          175.10880829015545,
          2
        ]
      ]
    },
    {
      "corners": [
        [
          153.3678756476684,
          133.39896373056993,
          2
        ],
        [
          160.36269430051814,
          134.69430051813472,
          2
        ],
        [
          164.76683937823836,
          160.60103626943004,
          2
        ],
        [
          158.03108808290156,
          161.11917098445596,
          2
        ]
      ]
    }
  ],
  "unconverted": []
}