{
  "image": "recordings/20260513_115203/img_000696.png",
  "image_width": 324,
  "image_height": 244,
  "gates": [
    {
      "corners": [
        [
          38.16580310880828,
          25.626943005181335,
          2
        ],
        [
          187.12953367875647,
          22.259067357512944,
          2
        ],
        [
          170.03108808290153,
          242.98445595854923,
          0
        ],
        [
          25.21243523316061,
          229.51295336787564,
          2
        ]
      ]
    }
  ],
  "unconverted": []
}