{
  "image": "recordings/20260513_115203/img_000601.png",
  "image_width": 324,
  "image_height": 244,
  "gates": [
    {
      "corners": [
        [
          174.1761658031088,
          127.69948186528497,
          2
        ],
        [
          214.33160621761658,
          122.0,
          2
        ],
        [
          219.51295336787564,
          186.24870466321244,
          2
        ],
        [
          178.58031088082902,
          185.7305699481865,
          2
        ]
      ]
    },
    {
      "corners": [
        [
          134.27979274611397,
          117.85492227979275,
          2
        ],
        [
          153.45077720207254,
          116.30051813471502,
          2
        ],
        [
          156.30051813471502,
          145.05699481865284,
          2
        ],
        [
          136.61139896373055,
          147.38860103626942,
          2
        ]
      ]
    }
  ],
  "unconverted": []
}