{
  "image": "recordings/20260513_115203/img_000910.png",
  "image_width": 324,
  "image_height": 244,
  "gates": [
    {
      "corners": [
        [
          185.8341968911917,
          113.96891191709844,
          2
        ],
        [
          210.44559585492226,
          137.80310880829015,
          2
        ],
        [
          198.0103626943005,
          199.2020725388601,
          2
        ],
        [
          163.5544041450777,
          213.45077720207254,
          2
        ]
      ]
    },
    {
      "corners": [
        [
          0.2590673575129534,
          69.92746113989637,
          0
        ],
        [
          28.238341968911918,
          87.80310880829015,
          2
        ],
        [
          16.06217616580311,
          142.20725388601036,
          2
        ],
        [
          0.5181347150259068,
          138.58031088082902,
          0
        ]
      ]
    }
  ],
  "unconverted": []
}