{
  "image": "recordings/20260513_115203/img_000777.png",
  "image_width": 324,
  "image_height": 244,
  "gates": [
    {
      "corners": [
        [
          224.43523316062175,
          106.71502590673575,
          2
        ],
        [
          266.9222797927461,
          109.30569948186528,
          2
        ],
        [
          264.3316062176166,
          144.279792746114,
          2
        ],
        [
          222.6217616580311,
          143.24352331606218,
          2
        ]
      ]
    },
    {
      "corners": [
        [
          170.8082901554404,
          105.93782383419689,
          2
        ],
        [
          188.42487046632124,
          109.30569948186528,
          2
        ],
        [
          188.42487046632124,
          130.8082901554404,
          2
        ],
        [
          170.54922279792746,
          129.2538860103627,
          2
        ]
      ]
    }
  ],
  "unconverted": []
}