{
  "image": "recordings/20260513_115203/img_000957.png",
  "image_width": 324,
  "image_height": 244,
  "gates": [
    {
      "corners": [
        [
          93.86528497409326,
          126.14507772020725,
          2
        ],
        [
          116.14507772020724,
          124.07253886010362,
          2
        ],
        [
          122.62176165803109,
          164.22797927461139,
          2
        ],
        [
          104.22797927461139,
          176.9222797927461,
          2
        ]
      ]
    },
    {
      "corners": [
        [
          255.18134715025909,
          30.54922279792745,
          2
        ],
        [
          323.57512953367876,
          37.28497409326424,
          0
        ],
        [
          323.57512953367876,
          126.4041450777202,
          0
        ],
        [
          260.3626943005181,
          128.47668393782382,
          2
        ]
      ]
    }
  ],
  "unconverted": []
}