{
  "image": "recordings/20260513_115203/img_000628.png",
  "image_width": 324,
  "image_height": 244,
  "gates": [
    {
      "corners": [
        [
          83.67875647668394,
          89.09844559585491,
          2
        ],
        [
          210.36269430051814,
          104.90155440414507,
          2
        ],
        [
          199.4818652849741,
          208.0103626943005,
          2
        ],
        [
          73.05699481865285,
          207.23316062176167,
          2
        ]
      ]
    },
    {
      "corners": [
        [
          0.2590673575129534,
          83.6580310880829,
          0
        ],
        [
          22.020725388601036,
          87.02590673575129,
          2
        ],
        [
          16.580310880829018,
          143.24352331606218,
          2
        ],
        [
          0.5181347150259068,
          140.9119170984456,
          0
        ]
      ]
    }
  ],
  "unconverted": []
}