{
  "image": "recordings/20260513_115203/img_001104.png",
  "image_width": 324,
  "image_height": 244,
  "gates": [
    {
      "corners": [
        [
          155.52331606217615,
          115.00518134715026,
          2
        ],
        [
          171.32642487046633,
          103.34715025906735,
          2
        ],
        [
          158.37305699481865,
          199.46113989637306,
          2
        ],
        [
          146.4559585492228,
          186.24870466321244,
          2
        ]
      ]
    },
    {
      "corners": [
        [
          199.04663212435233,
          115.52331606217616,
          2
        ],
        [
          218.73575129533677,
          113.70984455958549,
          2
        ],
        [
          214.33160621761658,
          148.94300518134716,
          2
        ],
        [
          193.86528497409327,
          148.42487046632124,
          2
        ]
      ]
    }
  ],
  "unconverted": []
}