{
  "image": "recordings/20260513_115203/img_000563.png",
  "image_width": 324,
  "image_height": 244,
  "gates": [
    {
      "corners": [
        [
          114.84974093264248,
          149.46113989637306,
          2
        ],
        [
          136.87046632124353,
          153.34715025906735,
          2
        ],
        [
          131.9481865284974,
          182.6217616580311,
          2
        ],
        [
          109.92746113989637,
          179.2538860103627,
          2
        ]
      ]
    },
    {
      "corners": [
        [
          50.86010362694299,
          111.11917098445595,
          2
        ],
        [
          69.51295336787564,
          116.30051813471502,
          2
        ],
        [
          65.36787564766838,
          141.68911917098444,
          2
        ],
        [
          46.455958549222785,
          138.83937823834196,
          2
        ]
      ]
    },
    {
      "corners": [
        [
          103.88601036269431,
          144.53886010362694,
          2
        ],
        [
          151.03626943005182,
          145.05699481865284,
          2
        ],
        [
          135.14174369096645,
          252.9127051910179,
          0
        ],
        [
          94.55958549222798,
          218.6321243523316,
          2
        ]
      ]
    }
  ],
  "unconverted": []
}