{
  "image": "recordings/20260513_115203/img_000539.png",
  "image_width": 324,
  "image_height": 244,
  "gates": [
    {
      "corners": [
        [
          122.88082901554404,
          68.89119170984455,
          2
        ],
        [
          146.9740932642487,
          75.36787564766838,
          2
        ],
        [
          147.23316062176164,
          110.860103626943,
          2
        ],
        [
          121.84455958549222,
          106.9740932642487,
          2
        ]
      ]
    },
    {
      "corners": [
        [
          20.29015544041449,
          56.71502590673575,
          2
        ],
        [
          42.82901554404144,
          65.52331606217616,
          2
        ],
        [
          42.31088082901553,
          95.05699481865284,
          2
        ],
        [
          17.699481865284955,
          88.580310880829,
          2
        ]
      ]
    }
  ],
  "unconverted": []
}