{
  "image": "recordings/20260513_115203/img_000836.png",
  "image_width": 324,
  "image_height": 244,
  "gates": [
    {
      "corners": [
        [
          197.23316062176164,
          108.26943005181347,
          2
        ],
        [
          215.62694300518135,
          118.89119170984455,
          2
        ],
        [
          216.14507772020724,
          194.7979274611399,
          2
        ],
        [
          198.5284974093264,
          209.56476683937825,
          2
        ]
      ]
    }
  ],
  "unconverted": []
}