{
  "image": "recordings/20260513_115203/img_000786.png",
  "image_width": 324,
  "image_height": 244,
  "gates": [
    {
      "corners": [
        [
          204.7461139896373,
          116.30051813471502,
          2
        ],
        [
          245.41968911917098,
          119.15025906735751,
          2
        ],
        [
          243.6062176165803,
          153.86528497409327,
          2
        ],
        [
          202.41450777202073,
          153.0880829015544,
          2
        ]
      ]
    },
    {
      "corners": [
        [
          153.19170984455957,
          112.41450777202073,
          2
        ],
        [
          172.36269430051811,
          117.59585492227978,
          2
        ],
        [
          170.54922279792746,
          138.32124352331607,
          2
        ],
        [
          152.15544041450775,
          135.7305699481865,
          2
        ]
      ]
    }
  ],
  "unconverted": []
}