{
  "image": "recordings/20260513_115203/img_000893.png",
  "image_width": 324,
  "image_height": 244,
  "gates": [
    {
      "corners": [
        [
          118.47668393782382,
          61.63730569948186,
          2
        ],
        [
          172.10362694300517,
          93.24352331606217,
          2
        ],
        [
          167.440414507772,
          197.64766839378237,
          2
        ],
        [
          115.62694300518135,
          221.74093264248705,
          2
        ]
      ]
    }
  ],
  "unconverted": []
}