{
  "image": "recordings/20260513_115203/img_000988.png",
  "image_width": 324,
  "image_height": 244,
  "gates": [
    {
      "corners": [
        [
          131.4300518134715,
          103.0880829015544,
          2
        ],
        [
          161.74093264248702,
          121.22279792746113,
          2
        ],
        [
          143.0880829015544,
          205.41968911917098,
          2
        ],
        [
          107.07772020725388,
          223.29533678756476,
          2
        ]
      ]
    }
  ],
  "unconverted": []
}