{
  "image": "recordings/20260513_115203/img_000162.png",
  "image_width": 324,
  "image_height": 244,
  "gates": [
    {
      "corners": [
        [
          212.5181347150259,
          183.91709844559585,
          2
        ],
        [
          249.8238341968912,
          187.28497409326425,
          2
        ],
        [
          244.64248704663214,
          239.87564766839378,
          2
        ],
        [
          208.37305699481865,
          234.1761658031088,
          2
        ]
      ]
    },
    {
      "corners": [
        [
          155.52331606217615,
          179.7720207253886,
          2
        ],
        [
          324.0,
          160.96768496158924,
          0
        ],
        [
          324.0,
          244.0,
          0
        ],
        [
          149.30569948186528,
          243.76165803108807,
          0
        ]
      ]
    },
    {
      "corners": [
        [
          142.82901554404145,
          148.42487046632124,
          2
        ],
        [
          151.3782383419689,
          148.42487046632124,
          2
        ],
        [
          148.0103626943005,
          175.8860103626943,
          2
        ],
        [
          139.97927461139895,
          176.14507772020724,
          2
        ]
      ]
    }
  ],
  "unconverted": []
}