{
  "image": "recordings/20260513_115203/img_000376.png",
  "image_width": 324,
  "image_height": 244,
  "gates": [
    {
      "corners": [
        [
          40.756476683937805,
          161.3782383419689,
          2
        ],
        [
          57.33678756476682,
          162.67357512953367,
          2
        ],
        [
          55.00518134715024,
          190.65284974093265,
          2
        ],
        [
          38.94300518134713,
          193.50259067357513,
          2
        ]
      ]
    },
    {
      "corners": [
        [
          149.4818652849741,
          116.04145077720207,
          2
        ],
        [
          298.9637305699482,
          116.30051813471502,
          2
        ],
        [
          295.33678756476684,
          231.32642487046633,
          2
        ],
        [
          145.59585492227978,
          231.58549222797927,
          2
        ]
      ]
    },
    {
      "corners": [
        [
          148.96373056994818,
          138.32124352331607,
          2
        ],
        [
          162.69430051813472,
          139.61658031088083,
          2
        ],
        [
          159.84455958549222,
          177.69948186528498,
          2
        ],
        [
          147.92746113989637,
          177.69948186528498,
          2
        ]
      ]
    }
  ],
  "unconverted": []
}