{
  "image": "recordings/20260513_115203/img_000566.png",
  "image_width": 324,
  "image_height": 244,
  "gates": [
    {
      "corners": [
        [
          39.97927461139895,
          123.0362694300518,
          2
        ],
        [
          60.18652849740931,
          127.44041450777202,
          2
        ],
        [
          55.52331606217615,
          152.31088082901553,
          2
        ],
        [
          36.09326424870464,
          149.97927461139895,
          2
        ]
      ]
    },
    {
      "corners": [
        [
          92.74611398963731,
          166.55958549222797,
          2
        ],
        [
          141.96891191709844,
          176.14507772020724,
          2
        ],
        [
          131.60621761658032,
          243.76165803108807,
          0
        ],
        [
          83.93782383419689,
          243.76165803108807,
          0
        ]
      ]
    },
    {
      "corners": [
        [
          104.40414507772022,
          169.40932642487047,
          2
        ],
        [
          127.72020725388602,
          173.29533678756476,
          2
        ],
        [
          122.279792746114,
          199.2020725388601,
          2
        ],
        [
          100.0,
          197.12953367875647,
          2
        ]
      ]
    }
  ],
  "unconverted": []
}