{
  "image": "recordings/20260513_115203/img_000475.png",
  "image_width": 324,
  "image_height": 244,
  "gates": [
    {
      "corners": [
        [
          91.01554404145077,
          158.0103626943005,
          2
        ],
        [
          159.40932642487047,
          158.78756476683938,
          2
        ],
        [
          158.37305699481865,
          222.77720207253887,
          2
        ],
        [
          90.49740932642486,
          231.06735751295338,
          2
        ]
      ]
    }
  ],
  "unconverted": []
}