{
  "image": "recordings/20260513_115203/img_000177.png",
  "image_width": 324,
  "image_height": 244,
  "gates": [
    {
      "corners": [
        [
          240.23834196891193,
          121.48186528497409,
          2
        ],
        [
          286.09326424870466,
          119.92746113989637,
          2
        ],
        [
          287.90673575129534,
          182.10362694300517,
          2
        ],
        [
          241.7927461139896,
          181.84455958549222,
          2
        ]
      ]
    },
    {
      "corners": [
        [
          154.48704663212433,
          119.92746113989637,
          2
        ],
        [
          173.91709844559585,
          119.92746113989637,
          2
        ],
        [
          174.43523316062175,
          148.94300518134716,
          2
        ],
        [
          154.22797927461139,
          149.2020725388601,
          2
        ]
      ]
    },
    {
      "corners": [
        [
          214.59067357512953,
          0.23834196891190657,
          0
        ],
        [
          324.0,
          0.23834196891190657,
          0
        ],
        [
          324.0,
          223.03626943005182,
          0
        ],
        [
          229.87564766839378,
          198.68393782383419,
          2
        ]
      ]
    }
  ],
  "unconverted": []
}