{
  "image": "recordings/20260513_115203/img_000967.png",
  "image_width": 324,
  "image_height": 244,
  "gates": [
    {
      "corners": [
        [
          160.70466321243524,
          139.35751295336786,
          2
        ],
        [
          174.6943005181347,
          141.17098445595855,
          2
        ],
        [
          173.39896373056993,
          181.06735751295338,
          2
        ],
        [
          160.1865284974093,
          187.5440414507772,
          2
        ]
      ]
    }
  ],
  "unconverted": []
}