{
  "image": "recordings/20260513_115203/img_001022.png",
  "image_width": 324,
  "image_height": 244,
  "gates": [
    {
      "corners": [
        [
          137.38860103626942,
          102.31088082901555,
          2
        ],
        [
          175.7305699481865,
          88.83937823834196,
          2
        ],
        [
          165.8860103626943,
          184.43523316062175,
          2
        ],
        [
          128.0621761658031,
          176.40414507772022,
          2
        ]
      ]
    },
    {
      "corners": [
        [
          140.75647668393782,
          115.00518134715026,
          2
        ],
        [
          160.44559585492226,
          115.00518134715026,
          2
        ],
        [
          157.0777202072539,
          146.3523316062176,
          2
        ],
        [
          136.87046632124353,
          145.3160621761658,
          2
        ]
      ]
    }
  ],
  "unconverted": []
}