{
  "image": "recordings/20260513_115203/img_000982.png",
  "image_width": 324,
  "image_height": 244,
  "gates": [
    {
      "corners": [
        [
          99.04663212435233,
          142.4663212435233,
          2
        ],
        [
          162.5181347150259,
          144.279792746114,
          2
        ],
        [
          154.7461139896373,
          221.4818652849741,
          2
        ],
        [
          97.75129533678755,
          229.77202072538861,
          2
        ]
      ]
    }
  ],
  "unconverted": []
}