{
  "image": "recordings/20260513_115203/img_000397.png",
  "image_width": 324,
  "image_height": 244,
  "gates": [
    {
      "corners": [
        [
          132.20725388601036,
          98.68393782383419,
          2
        ],
        [
          198.78756476683938,
          106.71502590673575,
          2
        ],
        [
          191.2746113989637,
          171.74093264248705,
          2
        ],
        [
          122.62176165803109,
          164.22797927461139,
          2
        ]
      ]
    },
    {
      "corners": [
        [
          43.86528497409324,
          149.97927461139895,
          2
        ],
        [
          70.8082901554404,
          152.82901554404145,
          2
        ],
        [
          68.73575129533678,
          184.95336787564767,
          2
        ],
        [
          41.533678756476675,
          187.80310880829015,
          2
        ]
      ]
    }
  ],
  "unconverted": []
}