{
  "image": "recordings/20260513_115203/img_000534.png",
  "image_width": 324,
  "image_height": 244,
  "gates": [
    {
      "corners": [
        [
          237.64766839378237,
          99.720207253886,
          2
        ],
        [
          268.47668393782385,
          99.97927461139896,
          2
        ],
        [
          269.51295336787564,
          143.24352331606218,
          2
        ],
        [
          238.42487046632124,
          143.76165803108807,
          2
        ]
      ]
    },
    {
      "corners": [
        [
          146.19689119170982,
          99.97927461139896,
          2
        ],
        [
          163.5544041450777,
          102.82901554404144,
          2
        ],
        [
          163.5544041450777,
          128.47668393782382,
          2
        ],
        [
          145.16062176165804,
          126.92227979274611,
          2
        ]
      ]
    }
  ],
  "unconverted": []
}