{
  "image": "recordings/20260513_115203/img_000307.png",
  "image_width": 324,
  "image_height": 244,
  "gates": [
    {
      "corners": [
        [
          260.44559585492226,
          100.75647668393782,
          2
        ],
        [
          290.7564766839378,
          103.0880829015544,
          2
        ],
        [
          289.979274611399,
          131.32642487046633,
          2
        ],
        [
          258.8911917098446,
          128.99481865284974,
          2
        ]
      ]
    },
    {
      "corners": [
        [
          190.49740932642487,
          131.58549222797927,
          2
        ],
        [
          195.16062176165804,
          134.95336787564767,
          2
        ],
        [
          195.16062176165804,
          153.0880829015544,
          2
        ],
        [
          189.720207253886,
          152.05181347150258,
          2
        ]
      ]
    },
    {
      "corners": [
        [
          309.0673575129534,
          64.48704663212435,
          2
        ],
        [
          323.57512953367876,
          64.48704663212435,
          0
        ],
        [
          323.57512953367876,
          121.48186528497409,
          0
        ],
        [
          311.6580310880829,
          122.0,
          2
        ]
      ]
    }
  ],
  "unconverted": []
}