{
  "image": "recordings/20260513_115203/img_000818.png",
  "image_width": 324,
  "image_height": 244,
  "gates": [
    {
      "corners": [
        [
          149.82383419689117,
          123.29533678756476,
          2
        ],
        [
          193.34715025906735,
          111.63730569948186,
          2
        ],
        [
          193.34715025906735,
          198.94300518134716,
          2
        ],
        [
          151.11917098445596,
          179.2538860103627,
          2
        ]
      ]
    },
    {
      "corners": [
        [
          176.50777202072538,
          141.94818652849742,
          2
        ],
        [
          190.75647668393782,
          142.72538860103626,
          2
        ],
        [
          189.97927461139895,
          161.11917098445596,
          2
        ],
        [
          176.24870466321244,
          162.41450777202073,
          2
        ]
      ]
    },
    {
      "corners": [
        [
          212.43523316062178,
          118.11398963730569,
          2
        ],
        [
          245.5958549222798,
          118.11398963730569,
          2
        ],
        [
          241.45077720207254,
          153.86528497409327,
          2
        ],
        [
          209.84455958549225,
          151.01554404145077,
          2
        ]
      ]
    }
  ],
  "unconverted": []
}