{
  "image": "recordings/20260513_115203/img_000876.png",
  "image_width": 324,
  "image_height": 244,
  "gates": [
    {
      "corners": [
        [
          80.91191709844558,
          99.720207253886,
          2
        ],
        [
          136.87046632124353,
          123.29533678756476,
          2
        ],
        [
          132.20725388601036,
          221.74093264248705,
          2
        ],
        [
          78.83937823834196,
          243.24352331606218,
          0
        ]
      ]
    }
  ],
  "unconverted": []
}