{
  "image": "recordings/20260513_115203/img_000775.png",
  "image_width": 324,
  "image_height": 244,
  "gates": [
    {
      "corners": [
        [
          216.4041450777202,
          108.78756476683937,
          2
        ],
        [
          257.0777202072539,
          113.45077720207253,
          2
        ],
        [
          254.2279792746114,
          145.3160621761658,
          2
        ],
        [
          214.84974093264248,
          144.53886010362694,
          2
        ]
      ]
    },
    {
      "corners": [
        [
          163.81347150259066,
          105.93782383419689,
          2
        ],
        [
          182.4663212435233,
          110.34196891191709,
          2
        ],
        [
          181.4300518134715,
          131.58549222797927,
          2
        ],
        [
          163.03626943005182,
          128.47668393782382,
          2
        ]
      ]
    }
  ],
  "unconverted": []
}