{
  "image": "recordings/20260513_115203/img_000301.png",
  "image_width": 324,
  "image_height": 244,
  "gates": [
    {
      "corners": [
        [
          223.39896373056993,
          69.66839378238342,
          2
        ],
        [
          250.860103626943,
          70.18652849740933,
          2
        ],
        [
          251.11917098445593,
          95.3160621761658,
          2
        ],
        [
          224.1761658031088,
          94.02072538860104,
          2
        ]
      ]
    },
    {
      "corners": [
        [
          162.25906735751295,
          104.90155440414507,
          2
        ],
        [
          167.18134715025906,
          109.82383419689118,
          2
        ],
        [
          166.9222797927461,
          125.62694300518135,
          2
        ],
        [
          162.5181347150259,
          123.0362694300518,
          2
        ]
      ]
    },
    {
      "corners": [
        [
          260.10362694300517,
          20.445595854922267,
          2
        ],
        [
          323.3160621761658,
          8.787564766839369,
          0
        ],
        [
          323.05699481865287,
          57.233160621761655,
          0
        ],
        [
          264.24870466321244,
          65.78238341968911,
          2
        ]
      ]
    }
  ],
  "unconverted": []
}