{
  "image": "recordings/20260513_115203/img_000305.png",
  "image_width": 324,
  "image_height": 244,
  "gates": [
    {
      "corners": [
        [
          234.02072538860102,
          96.61139896373057,
          2
        ],
        [
          259.1502590673575,
          98.94300518134715,
          2
        ],
        [
          259.6683937823834,
          124.84974093264249,
          2
        ],
        [
          232.4663212435233,
          121.74093264248704,
          2
        ]
      ]
    },
    {
      "corners": [
        [
          168.21761658031087,
          125.62694300518135,
          2
        ],
        [
          172.88082901554404,
          128.7357512953368,
          2
        ],
        [
          172.88082901554404,
          146.87046632124353,
          2
        ],
        [
          167.440414507772,
          143.76165803108807,
          2
        ]
      ]
    },
    {
      "corners": [
        [
          274.87046632124355,
          58.269430051813465,
          2
        ],
        [
          323.3160621761658,
          53.86528497409326,
          0
        ],
        [
          323.3160621761658,
          106.9740932642487,
          0
        ],
        [
          277.20207253886014,
          110.34196891191709,
          2
        ]
      ]
    }
  ],
  "unconverted": []
}