{
  "image": "recordings/20260513_115203/img_000140.png",
  "image_width": 324,
  "image_height": 244,
  "gates": [
    {
      "corners": [
        [
          163.29533678756476,
          159.04663212435233,
          2
        ],
        [
          186.09326424870466,
          158.78756476683938,
          2
        ],
        [
          186.87046632124353,
          192.20725388601036,
          2
        ],
        [
          162.77720207253884,
          192.98445595854923,
          2
        ]
      ]
    },
    {
      "corners": [
        [
          271.8445595854922,
          189.3575129533679,
          2
        ],
        [
          323.91709844559585,
          188.83937823834196,
          0
        ],
        [
          323.6580310880829,
          243.76165803108807,
          0
        ],
        [
          273.91709844559585,
          243.50259067357513,
          0
        ]
      ]
    }
  ],
  "unconverted": []
}