{
  "image": "recordings/20260513_115203/img_000324.png",
  "image_width": 324,
  "image_height": 244,
  "gates": [
    {
      "corners": [
        [
          102.67357512953367,
          97.38860103626942,
          2
        ],
        [
          157.59585492227978,
          104.64248704663213,
          2
        ],
        [
          156.81865284974091,
          146.87046632124353,
          2
        ],
        [
          101.11917098445595,
          144.53886010362694,
          2
        ]
      ]
    },
    {
      "corners": [
        [
          61.39896373056995,
          103.86528497409326,
          2
        ],
        [
          88.08290155440415,
          110.34196891191709,
          2
        ],
        [
          88.08290155440415,
          137.28497409326425,
          2
        ],
        [
          59.06735751295337,
          133.13989637305698,
          2
        ]
      ]
    }
  ],
  "unconverted": []
}