{
  "image": "recordings/20260513_115203/img_000924.png",
  "image_width": 324,
  "image_height": 244,
  "gates": [
    {
      "corners": [
        [
          43.34715025906735,
          59.305699481865275,
          2
        ],
        [
          96.71502590673575,
          83.91709844559585,
          2
        ],
        [
          88.94300518134715,
          133.91709844559585,
          2
        ],
        [
          32.20725388601035,
          122.25906735751295,
          2
        ]
      ]
    },
    {
      "corners": [
        [
          226.42487046632124,
          56.9740932642487,
          2
        ],
        [
          303.1088082901554,
          110.34196891191709,
          2
        ],
        [
          278.7564766839378,
          200.75647668393782,
          2
        ],
        [
          198.4455958549223,
          199.46113989637306,
          2
        ]
      ]
    }
  ],
  "unconverted": []
}