{
  "image": "recordings/20260513_115203/img_000371.png",
  "image_width": 324,
  "image_height": 244,
  "gates": [
    {
      "corners": [
        [
          140.2383419689119,
          132.10362694300517,
          2
        ],
        [
          174.43523316062175,
          135.7305699481865,
          2
        ],
        [
          177.28497409326425,
          173.03626943005182,
          2
        ],
        [
          140.2383419689119,
          173.5544041450777,
          2
        ]
      ]
    },
    {
      "corners": [
        [
          42.56994818652848,
          169.92746113989637,
          2
        ],
        [
          56.30051813471502,
          170.4455958549223,
          2
        ],
        [
          57.33678756476682,
          199.720207253886,
          2
        ],
        [
          44.124352331606204,
          205.93782383419688,
          2
        ]
      ]
    },
    {
      "corners": [
        [
          233.67875647668396,
          107.75129533678756,
          2
        ],
        [
          323.57512953367876,
          104.90155440414507,
          0
        ],
        [
          323.3160621761658,
          202.5699481865285,
          0
        ],
        [
          240.41450777202073,
          212.67357512953367,
          2
        ]
      ]
    }
  ],
  "unconverted": []
}