{
  "image": "recordings/20260513_115203/img_001025.png",
  "image_width": 324,
  "image_height": 244,
  "gates": [
    {
      "corners": [
        [
          142.05181347150258,
          119.92746113989637,
          2
        ],
        [
          182.4663212435233,
          110.08290155440415,
          2
        ],
        [
          172.36269430051811,
          200.75647668393782,
          2
        ],
        [
          132.72538860103626,
          193.50259067357513,
          2
        ]
      ]
    },
    {
      "corners": [
        [
          140.49740932642487,
          129.51295336787564,
          2
        ],
        [
          158.11398963730568,
          130.03108808290156,
          2
        ],
        [
          154.48704663212433,
          160.86010362694302,
          2
        ],
        [
          137.12953367875647,
          160.60103626943004,
          2
        ]
      ]
    }
  ],
  "unconverted": []
}