{
  "image": "recordings/20260513_115203/img_001161.png",
  "image_width": 324,
  "image_height": 244,
  "gates": [
    {
      "corners": [
        [
          234.02072538860102,
          151.79274611398964,
          2
        ],
        [
          263.55440414507774,
          153.6062176165803,
          2
        ],
        [
          260.1865284974093,
          180.8082901554404,
          2
        ],
        [
          230.13471502590673,
          180.03108808290156,
          2
        ]
      ]
    },
    {
      "corners": [
        [
          181.68911917098444,
          137.80310880829015,
          2
        ],
        [
          194.38341968911917,
          139.61658031088083,
          2
        ],
        [
          194.6424870466321,
          158.26943005181346,
          2
        ],
        [
          180.39378238341968,
          157.23316062176164,
          2
        ]
      ]
    }
  ],
  "unconverted": []
}