{
  "image": "recordings/20260513_115203/img_000531.png",
  "image_width": 324,
  "image_height": 244,
  "gates": [
    {
      "corners": [
        [
          74.35233160621762,
          73.55440414507771,
          2
        ],
        [
          234.97409326424872,
          13.191709844559576,
          2
        ],
        [
          236.2694300518135,
          168.37305699481865,
          2
        ],
        [
          66.83937823834196,
          167.85492227979273,
          2
        ]
      ]
    },
    {
      "corners": [
        [
          69.43005181347151,
          137.80310880829015,
          2
        ],
        [
          102.59067357512954,
          143.76165803108807,
          2
        ],
        [
          99.74093264248705,
          168.37305699481865,
          2
        ],
        [
          65.80310880829016,
          168.1139896373057,
          2
        ]
      ]
    }
  ],
  "unconverted": []
}