{
  "image": "recordings/20260513_115203/img_000046.png",
  "image_width": 324,
  "image_height": 244,
  "gates": [],
  "unconverted": [
    [
      [
        238.94300518134713,
        154.12435233160622
      ],
      [
        260.44559585492226,
        152.31088082901553
      ],
      [
        265.6269430051813,
        180.54922279792746
      ],
      [
        243.6062176165803,
        185.21243523316062
      ]
    ],
    [
      [
        147.49222797927462,
        51.015544041450774
      ],
      [
        154.7461139896373,
        0.7564766839378134
      ],
      [
        324.0,
        0.24358612027004767
      ],
      [
        323.1399694971488,
        244.0
      ],
      [
        286.09326424870466,
        244.0
      ],
      [
        168.99481865284974,
        198.1658031088083
      ]
    ],
    [
      [
        292.31088082901556,
        84.95336787564766
      ],
      [
        323.39896373056996,
        72.5181347150259
      ],
      [
        323.6580310880829,
        141.17098445595855
      ],
      [
        300.60103626943004,
        145.05699481865284
      ]
    ],
    [
      [
        152.41450777202073,
        166.55958549222797
      ],
      [
        156.55958549222797,
        168.1139896373057
      ],
      [
        157.33678756476684,
        192.20725388601036
      ],
      [
        154.22797927461139,
        192.72538860103626
      ]
    ]
  ]
}