{
  "image": "recordings/20260513_115203/img_000568.png",
  "image_width": 324,
  "image_height": 244,
  "gates": [
    {
      "corners": [
        [
          39.46113989637304,
          117.59585492227978,
          2
        ],
        [
          59.40932642487046,
          123.0362694300518,
          2
        ],
        [
          54.746113989637294,
          147.90673575129534,
          2
        ],
        [
          34.79792746113988,
          144.7979274611399,
          2
        ]
      ]
    },
    {
      "corners": [
        [
          93.78238341968913,
          162.15544041450778,
          2
        ],
        [
          144.81865284974094,
          174.07253886010363,
          2
        ],
        [
          132.38341968911917,
          243.76165803108807,
          0
        ],
        [
          83.93782383419689,
          243.24352331606218,
          0
        ]
      ]
    },
    {
      "corners": [
        [
          104.66321243523316,
          165.52331606217615,
          2
        ],
        [
          126.94300518134716,
          170.96373056994818,
          2
        ],
        [
          121.76165803108809,
          196.3523316062176,
          2
        ],
        [
          99.22279792746114,
          194.53886010362694,
          2
        ]
      ]
    }
  ],
  "unconverted": []
}