{
  "image": "recordings/20260513_115203/img_000073.png",
  "image_width": 324,
  "image_height": 244,
  "gates": [
    {
      "corners": [
        [
          216.14507772020724,
          132.10362694300517,
          2
        ],
        [
          236.61139896373055,
          134.95336787564767,
          2
        ],
        [
          238.94300518134713,
          168.89119170984455,
          2
        ],
        [
          218.21761658031087,
          170.70466321243524,
          2
        ]
      ]
    },
    {
      "corners": [
        [
          101.11917098445595,
          137.02590673575128,
          2
        ],
        [
          105.00518134715026,
          141.17098445595855,
          2
        ],
        [
          103.19170984455957,
          174.33160621761658,
          2
        ],
        [
          99.82383419689118,
          174.33160621761658,
          2
        ]
      ]
    }
  ],
  "unconverted": []
}