{
  "image": "recordings/20260513_115203/img_000978.png",
  "image_width": 324,
  "image_height": 244,
  "gates": [
    {
      "corners": [
        [
          91.53367875647668,
          152.5699481865285,
          2
        ],
        [
          121.3264248704663,
          153.34715025906735,
          2
        ],
        [
          111.99999999999999,
          221.4818652849741,
          2
        ],
        [
          83.76165803108807,
          242.98445595854923,
          0
        ]
      ]
    }
  ],
  "unconverted": []
}