{
  "image": "recordings/20260513_115203/img_000952.png",
  "image_width": 324,
  "image_height": 244,
  "gates": [
    {
      "corners": [
        [
          86.09326424870466,
          119.15025906735751,
          2
        ],
        [
          109.40932642487046,
          116.55958549222798,
          2
        ],
        [
          117.18134715025906,
          155.67875647668393,
          2
        ],
        [
          98.01036269430051,
          168.37305699481865,
          2
        ]
      ]
    },
    {
      "corners": [
        [
          243.6062176165803,
          25.626943005181335,
          2
        ],
        [
          320.5492227979275,
          31.844559585492217,
          2
        ],
        [
          320.5492227979275,
          117.59585492227978,
          2
        ],
        [
          246.71502590673572,
          122.77720207253886,
          2
        ]
      ]
    }
  ],
  "unconverted": []
}