{
  "image": "recordings/20260513_115203/img_000117.png",
  "image_width": 324,
  "image_height": 244,
  "gates": [
    {
      "corners": [
        [
          160.1865284974093,
          170.1865284974093,
          2
        ],
        [
          172.6217616580311,
          172.25906735751295,
          2
        ],
        [
          172.10362694300517,
          201.01554404145077,
          2
        ],
        [
          159.1502590673575,
          203.34715025906735,
          2
        ]
      ]
    },
    {
      "corners": [
        [
          53.96891191709844,
          137.28497409326425,
          2
        ],
        [
          70.2901554404145,
          142.20725388601036,
          2
        ],
        [
          69.25388601036268,
          170.96373056994818,
          2
        ],
        [
          52.41450777202071,
          170.4455958549223,
          2
        ]
      ]
    },
    {
      "corners": [
        [
          193.34715025906735,
          0.23834196891190657,
          0
        ],
        [
          324.0,
          0.23834196891190657,
          0
        ],
        [
          324.0,
          138.32124352331607,
          0
        ],
        [
          191.79274611398964,
          165.78238341968913,
          2
        ]
      ]
    }
  ],
  "unconverted": []
}