{
  "image": "recordings/20260513_115203/img_000780.png",
  "image_width": 324,
  "image_height": 244,
  "gates": [
    {
      "corners": [
        [
          212.0,
          114.48704663212435,
          2
        ],
        [
          254.48704663212436,
          117.33678756476684,
          2
        ],
        [
          251.63730569948189,
          151.2746113989637,
          2
        ],
        [
          210.96373056994818,
          150.75647668393782,
          2
        ]
      ]
    },
    {
      "corners": [
        [
          159.40932642487047,
          111.89637305699482,
          2
        ],
        [
          178.83937823834196,
          116.30051813471502,
          2
        ],
        [
          177.5440414507772,
          137.5440414507772,
          2
        ],
        [
          158.89119170984455,
          135.47150259067357,
          2
        ]
      ]
    }
  ],
  "unconverted": []
}