{
  "image": "recordings/20260513_115203/img_000346.png",
  "image_width": 324,
  "image_height": 244,
  "gates": [
    {
      "corners": [
        [
          155.7823834196891,
          156.19689119170985,
          2
        ],
        [
          250.60103626943004,
          152.5699481865285,
          2
        ],
        [
          256.81865284974094,
          230.03108808290156,
          2
        ],
        [
          159.40932642487047,
          233.39896373056996,
          2
        ]
      ]
    },
    {
      "corners": [
        [
          50.08290155440413,
          186.50777202072538,
          2
        ],
        [
          63.0362694300518,
          187.80310880829015,
          2
        ],
        [
          61.999999999999986,
          212.15544041450778,
          2
        ],
        [
          49.56476683937822,
          216.55958549222797,
          2
        ]
      ]
    },
    {
      "corners": [
        [
          126.42487046632125,
          160.08290155440415,
          2
        ],
        [
          139.63730569948186,
          162.15544041450778,
          2
        ],
        [
          141.1917098445596,
          195.8341968911917,
          2
        ],
        [
          125.38860103626943,
          194.7979274611399,
          2
        ]
      ]
    }
  ],
  "unconverted": []
}