{
  "image": "recordings/20260513_115203/img_000121.png",
  "image_width": 324,
  "image_height": 244,
  "gates": [
    {
      "corners": [
        [
          44.64248704663211,
          127.18134715025906,
          2
        ],
        [
          60.445595854922274,
          133.13989637305698,
          2
        ],
        [
          54.48704663212435,
          163.45077720207254,
          2
        ],
        [
          36.87046632124351,
          160.08290155440415,
          2
        ]
      ]
    },
    {
      "corners": [
        [
          224.43523316062175,
          0.49740932642485985,
          0
        ],
        [
          324.0,
          0.24013602709830112,
          0
        ],
        [
          322.88082901554407,
          208.26943005181346,
          0
        ],
        [
          205.78238341968913,
          181.58549222797927,
          2
        ]
      ]
    },
    {
      "corners": [
        [
          254.7461139896373,
          180.03108808290156,
          2
        ],
        [
          313.8134715025907,
          181.32642487046633,
          2
        ],
        [
          312.77720207253884,
          205.41968911917098,
          2
        ],
        [
          252.67357512953367,
          192.20725388601036,
          2
        ]
      ]
    },
    {
      "corners": [
        [
          149.04663212435233,
          176.66321243523316,
          2
        ],
        [
          162.77720207253884,
          179.2538860103627,
          2
        ],
        [
          158.11398963730568,
          208.52849740932643,
          2
        ],
        [
          143.86528497409324,
          209.04663212435233,
          2
        ]
      ]
    }
  ],
  "unconverted": []
}