{
  "image": "recordings/20260513_115203/img_000684.png",
  "image_width": 324,
  "image_height": 244,
  "gates": [
    {
      "corners": [
        [
          214.84974093264248,
          45.056994818652846,
          2
        ],
        [
          311.22279792746116,
          55.67875647668393,
          2
        ],
        [
          286.8704663212435,
          192.72538860103626,
          2
        ],
        [
          195.93782383419688,
          180.54922279792746,
          2
        ]
      ]
    }
  ],
  "unconverted": []
}