{
  "image": "recordings/20260513_115203/img_001148.png",
  "image_width": 324,
  "image_height": 244,
  "gates": [
    {
      "corners": [
        [
          250.860103626943,
          158.78756476683938,
          2
        ],
        [
          280.9119170984456,
          158.0103626943005,
          2
        ],
        [
          280.3937823834197,
          186.24870466321244,
          2
        ],
        [
          251.11917098445593,
          187.5440414507772,
          2
        ]
      ]
    },
    {
      "corners": [
        [
          195.16062176165804,
          148.94300518134716,
          2
        ],
        [
          208.11398963730568,
          149.2020725388601,
          2
        ],
        [
          208.6321243523316,
          168.37305699481865,
          2
        ],
        [
          196.4559585492228,
          168.37305699481865,
          2
        ]
      ]
    }
  ],
  "unconverted": []
}