{
  "image": "recordings/20260513_115203/img_000069.png",
  "image_width": 324,
  "image_height": 244,
  "gates": [
    {
      "corners": [
        [
          63.81347150259066,
          79.51295336787564,
          2
        ],
        [
          75.98963730569947,
          92.20725388601036,
          2
        ],
        [
          74.43523316062175,
          131.84455958549222,
          2
        ],
        [
          62.25906735751295,
          126.14507772020725,
          2
        ]
      ]
    },
    {
      "corners": [
        [
          311.22279792746116,
          126.14507772020725,
          2
        ],
        [
          324.0,
          127.12793941809485,
          0
        ],
        [
          324.0,
          172.77720207253887,
          0
        ],
        [
          313.29533678756474,
          173.03626943005182,
          2
        ]
      ]
    },
    {
      "corners": [
        [
          188.1658031088083,
          141.68911917098444,
          2
        ],
        [
          191.79274611398964,
          141.94818652849742,
          2
        ],
        [
          191.01554404145077,
          171.22279792746113,
          2
        ],
        [
          188.1658031088083,
          171.22279792746113,
          2
        ]
      ]
    }
  ],
  "unconverted": []
}