{
  "image": "recordings/20260513_115203/img_000477.png",
  "image_width": 324,
  "image_height": 244,
  "gates": [
    {
      "corners": [
        [
          175.21243523316062,
          145.3160621761658,
          2
        ],
        [
          247.49222797927462,
          144.53886010362694,
          2
        ],
        [
          245.16062176165804,
          216.55958549222797,
          2
        ],
        [
          173.39896373056993,
          216.81865284974094,
          2
        ]
      ]
    },
    {
      "corners": [
        [
          66.9222797927461,
          145.05699481865284,
          2
        ],
        [
          90.23834196891191,
          146.61139896373058,
          2
        ],
        [
          88.94300518134715,
          182.88082901554404,
          2
        ],
        [
          65.62694300518133,
          187.5440414507772,
          2
        ]
      ]
    }
  ],
  "unconverted": []
}