{
  "image": "recordings/20260513_115203/img_000089.png",
  "image_width": 324,
  "image_height": 244,
  "gates": [
    {
      "corners": [
        [
          91.27461139896371,
          50.497409326424865,
          2
        ],
        [
          169.7720207253886,
          85.21243523316062,
          2
        ],
        [
          166.9222797927461,
          167.0777202072539,
          2
        ],
        [
          79.87564766839377,
          159.8238341968912,
          2
        ]
      ]
    }
  ],
  "unconverted": []
}