{
  "image": "recordings/20260513_115203/img_001013.png",
  "image_width": 324,
  "image_height": 244,
  "gates": [
    {
      "corners": [
        [
          154.22797927461139,
          118.37305699481865,
          2
        ],
        [
          189.2020725388601,
          102.56994818652849,
          2
        ],
        [
          186.3523316062176,
          197.64766839378237,
          2
        ],
        [
          149.82383419689117,
          192.72538860103626,
          2
        ]
      ]
    },
    {
      "corners": [
        [
          162.5181347150259,
          130.8082901554404,
          2
        ],
        [
          181.9481865284974,
          130.54922279792746,
          2
        ],
        [
          180.9119170984456,
          160.60103626943004,
          2
        ],
        [
          160.1865284974093,
          160.86010362694302,
          2
        ]
      ]
    }
  ],
  "unconverted": []
}