{
  "image": "recordings/20260513_115203/img_000803.png",
  "image_width": 324,
  "image_height": 244,
  "gates": [
    {
      "corners": [
        [
          218.73575129533677,
          100.49740932642487,
          2
        ],
        [
          258.3730569948186,
          102.56994818652849,
          2
        ],
        [
          250.60103626943004,
          140.9119170984456,
          2
        ],
        [
          213.81347150259066,
          137.02590673575128,
          2
        ]
      ]
    },
    {
      "corners": [
        [
          183.24352331606218,
          89.87564766839378,
          2
        ],
        [
          298.0103626943005,
          64.48704663212435,
          2
        ],
        [
          288.94300518134713,
          190.9119170984456,
          2
        ],
        [
          182.4663212435233,
          166.30051813471502,
          2
        ]
      ]
    },
    {
      "corners": [
        [
          164.50777202072538,
          129.51295336787564,
          2
        ],
        [
          169.68911917098447,
          130.03108808290156,
          2
        ],
        [
          169.43005181347152,
          151.5336787564767,
          2
        ],
        [
          163.9896373056995,
          151.5336787564767,
          2
        ]
      ]
    }
  ],
  "unconverted": []
}