{
  "image": "recordings/20260513_115203/img_000483.png",
  "image_width": 324,
  "image_height": 244,
  "gates": [
    {
      "corners": [
        [
          165.10880829015542,
          151.2746113989637,
          2
        ],
        [
          238.94300518134713,
          154.6424870466321,
          2
        ],
        [
          232.20725388601036,
          230.03108808290156,
          2
        ],
        [
          159.40932642487047,
          227.69948186528498,
          2
        ]
      ]
    },
    {
      "corners": [
        [
          49.305699481865275,
          144.279792746114,
          2
        ],
        [
          73.91709844559584,
          147.12953367875647,
          2
        ],
        [
          70.03108808290155,
          186.76683937823833,
          2
        ],
        [
          43.86528497409324,
          188.83937823834196,
          2
        ]
      ]
    }
  ],
  "unconverted": []
}