{
  "image": "recordings/20260513_115203/img_000634.png",
  "image_width": 324,
  "image_height": 244,
  "gates": [
    {
      "corners": [
        [
          0.2590673575129534,
          72.25906735751295,
          0
        ],
        [
          31.606217616580313,
          72.5181347150259,
          2
        ],
        [
          31.606217616580313,
          138.0621761658031,
          2
        ],
        [
          0.5181347150259068,
          138.58031088082902,
          0
        ]
      ]
    }
  ],
  "unconverted": []
}