{
  "image": "recordings/20260513_115203/img_000960.png",
  "image_width": 324,
  "image_height": 244,
  "gates": [
    {
      "corners": [
        [
          161.74093264248702,
          104.12435233160622,
          2
        ],
        [
          178.0621761658031,
          105.16062176165802,
          2
        ],
        [
          178.83937823834196,
          148.42487046632124,
          2
        ],
        [
          163.03626943005182,
          155.16062176165804,
          2
        ]
      ]
    }
  ],
  "unconverted": []
}