{
  "image": "recordings/20260513_115203/img_001277.png",
  "image_width": 324,
  "image_height": 244,
  "gates": [
    {
      "corners": [
        [
          163.29533678756476,
          116.30051813471502,
          2
        ],
        [
          218.21761658031087,
          118.89119170984455,
          2
        ],
        [
          208.89119170984455,
          182.10362694300517,
          2
        ],
        [
          156.04145077720207,
          170.4455958549223,
          2
        ]
      ]
    },
    {
      "corners": [
        [
          120.29015544041451,
          149.720207253886,
          2
        ],
        [
          142.05181347150258,
          150.49740932642487,
          2
        ],
        [
          141.01554404145077,
          175.8860103626943,
          2
        ],
        [
          119.77202072538859,
          178.21761658031087,
          2
        ]
      ]
    },
    {
      "corners": [
        [
          25.21243523316061,
          144.279792746114,
          2
        ],
        [
          31.689119170984437,
          144.279792746114,
          2
        ],
        [
          30.652849740932627,
          172.5181347150259,
          2
        ],
        [
          23.658031088082883,
          175.10880829015545,
          2
        ]
      ]
    }
  ],
  "unconverted": []
}