{
  "image": "recordings/20260513_115203/img_001170.png",
  "image_width": 324,
  "image_height": 244,
  "gates": [
    {
      "corners": [
        [
          0.2590673575129534,
          134.95336787564767,
          0
        ],
        [
          14.766839378238343,
          134.95336787564767,
          2
        ],
        [
          15.025906735751295,
          163.1917098445596,
          2
        ],
        [
          0.2590673575129534,
          166.30051813471502,
          0
        ]
      ]
    }
  ],
  "unconverted": []
}