{
  "image": "recordings/20260513_115203/img_000875.png",
  "image_width": 324,
  "image_height": 244,
  "gates": [
    {
      "corners": [
        [
          87.38860103626942,
          98.94300518134715,
          2
        ],
        [
          142.31088082901553,
          123.0362694300518,
          2
        ],
        [
          135.8341968911917,
          220.70466321243524,
          2
        ],
        [
          81.47841105354055,
          244.0,
          0
        ]
      ]
    }
  ],
  "unconverted": []
}