{
  "image": "recordings/20260513_115203/img_000948.png",
  "image_width": 324,
  "image_height": 244,
  "gates": [
    {
      "corners": [
        [
          225.21243523316062,
          39.61658031088082,
          2
        ],
        [
          297.23316062176167,
          43.761658031088075,
          2
        ],
        [
          297.75129533678756,
          125.10880829015544,
          2
        ],
        [
          228.58031088082902,
          129.7720207253886,
          2
        ]
      ]
    },
    {
      "corners": [
        [
          71.06735751295335,
          125.10880829015544,
          2
        ],
        [
          96.19689119170984,
          123.0362694300518,
          2
        ],
        [
          104.48704663212435,
          161.3782383419689,
          2
        ],
        [
          84.53886010362693,
          174.07253886010363,
          2
        ]
      ]
    }
  ],
  "unconverted": []
}