{
  "image": "recordings/20260513_115203/img_000526.png",
  "image_width": 324,
  "image_height": 244,
  "gates": [
    {
      "corners": [
        [
          81.68911917098444,
          149.2020725388601,
          2
        ],
        [
          108.89119170984455,
          156.4559585492228,
          2
        ],
        [
          96.9740932642487,
          190.65284974093265,
          2
        ],
        [
          70.2901554404145,
          188.58031088082902,
          2
        ]
      ]
    },
    {
      "corners": [
        [
          0.2590673575129534,
          77.18134715025906,
          0
        ],
        [
          18.39378238341969,
          83.39896373056995,
          2
        ],
        [
          9.844559585492227,
          117.59585492227978,
          2
        ],
        [
          0.2590673575129534,
          115.00518134715026,
          0
        ]
      ]
    }
  ],
  "unconverted": [
    [
      [
        99.74093264248705,
        220.1865284974093
      ],
      [
        134.71502590673575,
        242.98445595854923
      ],
      [
        92.2279792746114,
        243.76165803108807
      ]
    ]
  ]
}