{
  "image": "recordings/20260513_115203/img_001234.png",
  "image_width": 324,
  "image_height": 244,
  "gates": [
    {
      "corners": [
        [
          245.67875647668393,
          142.4663212435233,
          2
        ],
        [
          250.3419689119171,
          142.20725388601036,
          2
        ],
        [
          250.860103626943,
          167.85492227979273,
          2
        ],
        [
          245.67875647668393,
          168.89119170984455,
          2
        ]
      ]
    },
    {
      "corners": [
        [
          152.15544041450775,
          119.40932642487046,
          2
        ],
        [
          158.37305699481865,
          121.22279792746113,
          2
        ],
        [
          159.92746113989637,
          148.1658031088083,
          2
        ],
        [
          154.48704663212433,
          148.94300518134716,
          2
        ]
      ]
    }
  ],
  "unconverted": []
}