{
  "image": "recordings/20260513_115203/img_000560.png",
  "image_width": 324,
  "image_height": 244,
  "gates": [
    {
      "corners": [
        [
          105.2642487046632,
          128.47668393782382,
          2
        ],
        [
          151.11917098445596,
          119.92746113989637,
          2
        ],
        [
          143.86528497409324,
          228.47668393782382,
          2
        ],
        [
          100.60103626943004,
          203.34715025906735,
          2
        ]
      ]
    },
    {
      "corners": [
        [
          118.21761658031087,
          144.279792746114,
          2
        ],
        [
          139.46113989637306,
          146.61139896373058,
          2
        ],
        [
          137.12953367875647,
          177.18134715025906,
          2
        ],
        [
          113.81347150259066,
          176.14507772020724,
          2
        ]
      ]
    },
    {
      "corners": [
        [
          52.41450777202071,
          112.41450777202073,
          2
        ],
        [
          72.36269430051813,
          116.55958549222798,
          2
        ],
        [
          69.51295336787564,
          141.94818652849742,
          2
        ],
        [
          49.823834196891184,
          139.61658031088083,
          2
        ]
      ]
    }
  ],
  "unconverted": []
}