{
  "image": "recordings/20260513_115203/img_000625.png",
  "image_width": 324,
  "image_height": 244,
  "gates": [
    {
      "corners": [
        [
          65.5440414507772,
          85.98963730569947,
          2
        ],
        [
          200.25906735751295,
          93.24352331606217,
          2
        ],
        [
          193.26424870466323,
          200.75647668393782,
          2
        ],
        [
          61.39896373056995,
          199.46113989637306,
          2
        ]
      ]
    },
    {
      "corners": [
        [
          0.2590673575129534,
          85.98963730569947,
          0
        ],
        [
          22.020725388601036,
          88.580310880829,
          2
        ],
        [
          18.911917098445596,
          145.3160621761658,
          2
        ],
        [
          0.2590673575129534,
          144.7979274611399,
          0
        ]
      ]
    }
  ],
  "unconverted": []
}