{
  "image": "recordings/20260513_115203/img_000748.png",
  "image_width": 324,
  "image_height": 244,
  "gates": [
    {
      "corners": [
        [
          261.74093264248705,
          107.4922279792746,
          2
        ],
        [
          292.82901554404145,
          112.93264248704662,
          2
        ],
        [
          287.90673575129534,
          145.05699481865284,
          2
        ],
        [
          256.30051813471505,
          139.87564766839378,
          2
        ]
      ]
    },
    {
      "corners": [
        [
          183.76165803108807,
          129.51295336787564,
          2
        ],
        [
          188.94300518134713,
          130.8082901554404,
          2
        ],
        [
          186.87046632124353,
          149.97927461139895,
          2
        ],
        [
          181.17098445595855,
          151.2746113989637,
          2
        ]
      ]
    }
  ],
  "unconverted": []
}