{
  "image": "recordings/20260513_115203/img_000156.png",
  "image_width": 324,
  "image_height": 244,
  "gates": [
    {
      "corners": [
        [
          165.8860103626943,
          152.05181347150258,
          2
        ],
        [
          184.53886010362694,
          154.6424870466321,
          2
        ],
        [
          182.4663212435233,
          182.88082901554404,
          2
        ],
        [
          162.77720207253884,
          180.2901554404145,
          2
        ]
      ]
    },
    {
      "corners": [
        [
          204.48704663212433,
          180.54922279792746,
          2
        ],
        [
          324.0,
          175.1749786421986,
          0
        ],
        [
          324.0,
          243.76165803108807,
          0
        ],
        [
          196.71502590673575,
          243.76165803108807,
          0
        ]
      ]
    },
    {
      "corners": [
        [
          243.34715025906735,
          190.13471502590673,
          2
        ],
        [
          285.05699481865287,
          195.8341968911917,
          2
        ],
        [
          278.0621761658031,
          243.24352331606218,
          0
        ],
        [
          236.3523316062176,
          242.98445595854923,
          0
        ]
      ]
    }
  ],
  "unconverted": []
}