{
  "image": "recordings/20260513_115203/img_001105.png",
  "image_width": 324,
  "image_height": 244,
  "gates": [
    {
      "corners": [
        [
          163.03626943005182,
          105.93782383419689,
          2
        ],
        [
          179.61658031088083,
          92.20725388601036,
          2
        ],
        [
          165.8860103626943,
          190.65284974093265,
          2
        ],
        [
          154.22797927461139,
          178.99481865284974,
          2
        ]
      ]
    },
    {
      "corners": [
        [
          205.52331606217615,
          109.82383419689118,
          2
        ],
        [
          223.6580310880829,
          108.78756476683937,
          2
        ],
        [
          220.03108808290156,
          142.20725388601036,
          2
        ],
        [
          201.63730569948186,
          142.20725388601036,
          2
        ]
      ]
    }
  ],
  "unconverted": []
}