{
  "image": "recordings/20260513_115203/img_000975.png",
  "image_width": 324,
  "image_height": 244,
  "gates": [
    {
      "corners": [
        [
          126.50777202072538,
          141.17098445595855,
          2
        ],
        [
          138.68393782383419,
          146.87046632124353,
          2
        ],
        [
          135.8341968911917,
          214.22797927461139,
          2
        ],
        [
          125.47150259067357,
          228.47668393782382,
          2
        ]
      ]
    }
  ],
  "unconverted": []
}