{
  "image": "recordings/20260513_115203/img_000318.png",
  "image_width": 324,
  "image_height": 244,
  "gates": [
    {
      "corners": [
        [
          205.78238341968913,
          96.09326424870466,
          2
        ],
        [
          268.47668393782385,
          92.72538860103626,
          2
        ],
        [
          271.0673575129534,
          142.4663212435233,
          2
        ],
        [
          208.11398963730568,
          145.05699481865284,
          2
        ]
      ]
    },
    {
      "corners": [
        [
          166.66321243523316,
          112.15544041450777,
          2
        ],
        [
          190.49740932642487,
          114.2279792746114,
          2
        ],
        [
          190.75647668393782,
          139.0984455958549,
          2
        ],
        [
          166.66321243523316,
          137.80310880829015,
          2
        ]
      ]
    },
    {
      "corners": [
        [
          102.93264248704662,
          137.80310880829015,
          2
        ],
        [
          108.11398963730569,
          139.61658031088083,
          2
        ],
        [
          109.15025906735751,
          159.04663212435233,
          2
        ],
        [
          103.96891191709844,
          159.30569948186528,
          2
        ]
      ]
    }
  ],
  "unconverted": []
}