{
  "image": "recordings/20260513_115203/img_000170.png",
  "image_width": 324,
  "image_height": 244,
  "gates": [
    {
      "corners": [
        [
          236.3523316062176,
          117.59585492227978,
          2
        ],
        [
          277.0259067357513,
          115.2642487046632,
          2
        ],
        [
          276.5077720207254,
          170.4455958549223,
          2
        ],
        [
          237.64766839378237,
          170.4455958549223,
          2
        ]
      ]
    },
    {
      "corners": [
        [
          163.81347150259066,
          111.89637305699482,
          2
        ],
        [
          182.72538860103626,
          112.41450777202073,
          2
        ],
        [
          182.9844559585492,
          140.13471502590673,
          2
        ],
        [
          164.0725388601036,
          141.17098445595855,
          2
        ]
      ]
    },
    {
      "corners": [
        [
          174.43523316062175,
          0.49740932642485985,
          0
        ],
        [
          324.0,
          0.2404251909620107,
          0
        ],
        [
          324.0,
          178.7357512953368,
          0
        ],
        [
          178.0621761658031,
          174.07253886010363,
          2
        ]
      ]
    }
  ],
  "unconverted": []
}