{
  "image": "recordings/20260513_115203/img_000888.png",
  "image_width": 324,
  "image_height": 244,
  "gates": [
    {
      "corners": [
        [
          99.04663212435233,
          68.11398963730569,
          2
        ],
        [
          152.93264248704662,
          99.97927461139896,
          2
        ],
        [
          147.75129533678756,
          203.34715025906735,
          2
        ],
        [
          95.67875647668393,
          232.6217616580311,
          2
        ]
      ]
    }
  ],
  "unconverted": []
}