{
  "image": "recordings/20260513_115203/img_000847.png",
  "image_width": 324,
  "image_height": 244,
  "gates": [
    {
      "corners": [
        [
          145.41968911917098,
          113.45077720207253,
          2
        ],
        [
          169.2538860103627,
          128.7357512953368,
          2
        ],
        [
          160.70466321243524,
          215.78238341968913,
          2
        ],
        [
          136.3523316062176,
          241.68911917098447,
          0
        ]
      ]
    }
  ],
  "unconverted": []
}