{
  "image": "recordings/20260513_115203/img_001110.png",
  "image_width": 324,
  "image_height": 244,
  "gates": [
    {
      "corners": [
        [
          222.36269430051811,
          20.445595854922267,
          2
        ],
        [
          212.25906735751295,
          135.21243523316062,
          2
        ],
        [
          192.31088082901553,
          133.39896373056993,
          2
        ],
        [
          195.67875647668393,
          51.79274611398963,
          2
        ]
      ]
    },
    {
      "corners": [
        [
          234.02072538860102,
          69.15025906735751,
          2
        ],
        [
          256.81865284974094,
          64.2279792746114,
          2
        ],
        [
          254.48704663212436,
          103.60621761658031,
          2
        ],
        [
          231.68911917098444,
          105.67875647668393,
          2
        ]
      ]
    }
  ],
  "unconverted": []
}