{
  "image": "recordings/20260513_115203/img_001045.png",
  "image_width": 324,
  "image_height": 244,
  "gates": [
    {
      "corners": [
        [
          142.31088082901553,
          101.01554404145077,
          2
        ],
        [
          174.6943005181347,
          85.73056994818653,
          2
        ],
        [
          170.03108808290153,
          166.55958549222797,
          2
        ],
        [
          138.1658031088083,
          165.78238341968913,
          2
        ]
      ]
    },
    {
      "corners": [
        [
          145.16062176165804,
          112.41450777202073,
          2
        ],
        [
          162.77720207253884,
          111.11917098445595,
          2
        ],
        [
          162.5181347150259,
          141.4300518134715,
          2
        ],
        [
          143.6062176165803,
          141.4300518134715,
          2
        ]
      ]
    }
  ],
  "unconverted": []
}