{
  "image": "recordings/20260513_115203/img_001159.png",
  "image_width": 324,
  "image_height": 244,
  "gates": [
    {
      "corners": [
        [
          252.15544041450778,
          158.26943005181346,
          2
        ],
        [
          286.09326424870466,
          158.26943005181346,
          2
        ],
        [
          283.7616580310881,
          187.0259067357513,
          2
        ],
        [
          250.3419689119171,
          187.0259067357513,
          2
        ]
      ]
    },
    {
      "corners": [
        [
          197.49222797927462,
          144.02072538860102,
          2
        ],
        [
          211.22279792746113,
          145.8341968911917,
          2
        ],
        [
          210.96373056994818,
          164.7461139896373,
          2
        ],
        [
          196.71502590673575,
          164.48704663212436,
          2
        ]
      ]
    }
  ],
  "unconverted": []
}