{
  "image": "recordings/20260513_115203/img_000199.png",
  "image_width": 324,
  "image_height": 244,
  "gates": [],
  "unconverted": [
    [
      [
        322.3626943005181,
        103.34715025906735
      ],
      [
        324.0,
        103.14248704663211
      ],
      [
        324.0,
        178.47668393782382
      ],
      [
        316.4041450777202,
        177.95854922279793
      ]
    ]
  ]
}