{
  "image": "recordings/20260513_115203/img_000214.png",
  "image_width": 324,
  "image_height": 244,
  "gates": [
    {
      "corners": [
        [
          277.5440414507772,
          41.9481865284974,
          2
        ],
        [
          324.0,
          11.763604323926241,
          0
        ],
        [
          324.0,
          89.35751295336787,
          0
        ],
        [
          294.9015544041451,
          102.31088082901555,
          2
        ]
      ]
    }
  ],
  "unconverted": []
}