{
  "image": "recordings/20260513_115203/img_001084.png",
  "image_width": 324,
  "image_height": 244,
  "gates": [
    {
      "corners": [
        [
          146.19689119170982,
          96.87046632124351,
          2
        ],
        [
          165.3678756476684,
          89.61658031088082,
          2
        ],
        [
          162.5181347150259,
          157.75129533678756,
          2
        ],
        [
          143.86528497409324,
          154.6424870466321,
          2
        ]
      ]
    },
    {
      "corners": [
        [
          172.279792746114,
          98.68393782383419,
          2
        ],
        [
          181.86528497409327,
          98.68393782383419,
          2
        ],
        [
          180.05181347150258,
          126.66321243523316,
          2
        ],
        [
          170.4663212435233,
          126.92227979274611,
          2
        ]
      ]
    }
  ],
  "unconverted": []
}