{
  "image": "recordings/20260513_115203/img_000227.png",
  "image_width": 324,
  "image_height": 244,
  "gates": [
    {
      "corners": [
        [
          173.39896373056993,
          172.77720207253887,
          2
        ],
        [
          185.05699481865284,
          177.18134715025906,
          2
        ],
        [
          173.39896373056993,
          207.75129533678756,
          2
        ],
        [
          158.11398963730568,
          211.3782383419689,
          2
        ]
      ]
    },
    {
      "corners": [
        [
          68.99481865284973,
          118.11398963730569,
          2
        ],
        [
          82.72538860103626,
          127.44041450777202,
          2
        ],
        [
          72.36269430051813,
          158.52849740932643,
          2
        ],
        [
          55.78238341968911,
          154.6424870466321,
          2
        ]
      ]
    }
  ],
  "unconverted": []
}