{
  "image": "recordings/20260513_115203/img_001058.png",
  "image_width": 324,
  "image_height": 244,
  "gates": [
    {
      "corners": [
        [
          152.67357512953367,
          71.74093264248704,
          2
        ],
        [
          187.64766839378237,
          50.497409326424865,
          2
        ],
        [
          184.02072538860102,
          130.8082901554404,
          2
        ],
        [
          146.9740932642487,
          137.02590673575128,
          2
        ]
      ]
    },
    {
      "corners": [
        [
          152.15544041450775,
          101.01554404145077,
          2
        ],
        [
          171.32642487046633,
          100.49740932642487,
          2
        ],
        [
          170.03108808290153,
          129.51295336787564,
          2
        ],
        [
          150.3419689119171,
          130.03108808290156,
          2
        ]
      ]
    }
  ],
  "unconverted": []
}