{
  "image": "recordings/20260513_115203/img_000863.png",
  "image_width": 324,
  "image_height": 244,
  "gates": [
    {
      "corners": [
        [
          79.09844559585491,
          81.32642487046631,
          2
        ],
        [
          131.9481865284974,
          105.93782383419689,
          2
        ],
        [
          117.95854922279793,
          197.38860103626942,
          2
        ],
        [
          64.59067357512953,
          213.96891191709844,
          2
        ]
      ]
    }
  ],
  "unconverted": []
}