{
  "image": "recordings/20260513_115203/img_001115.png",
  "image_width": 324,
  "image_height": 244,
  "gates": [
    {
      "corners": [
        [
          276.1658031088083,
          61.119170984455955,
          2
        ],
        [
          323.57512953367876,
          0.23834196891190657,
          0
        ],
        [
          323.57512953367876,
          244.0,
          0
        ],
        [
          281.0880829015544,
          211.3782383419689,
          2
        ]
      ]
    }
  ],
  "unconverted": []
}