{
  "image": "recordings/20260513_115203/img_000788.png",
  "image_width": 324,
  "image_height": 244,
  "gates": [
    {
      "corners": [
        [
          189.97927461139895,
          123.55440414507771,
          2
        ],
        [
          237.64766839378237,
          126.66321243523316,
          2
        ],
        [
          236.87046632124353,
          165.78238341968913,
          2
        ],
        [
          188.1658031088083,
          164.7461139896373,
          2
        ]
      ]
    },
    {
      "corners": [
        [
          140.49740932642487,
          119.66839378238342,
          2
        ],
        [
          162.0,
          124.33160621761658,
          2
        ],
        [
          160.96373056994818,
          147.38860103626942,
          2
        ],
        [
          138.94300518134713,
          144.279792746114,
          2
        ]
      ]
    },
    {
      "corners": [
        [
          67.95854922279791,
          136.24870466321244,
          2
        ],
        [
          72.62176165803108,
          137.02590673575128,
          2
        ],
        [
          72.36269430051813,
          160.08290155440415,
          2
        ],
        [
          67.95854922279791,
          160.08290155440415,
          2
        ]
      ]
    }
  ],
  "unconverted": []
}