{
  "image": "recordings/20260513_115203/img_000858.png",
  "image_width": 324,
  "image_height": 244,
  "gates": [
    {
      "corners": [
        [
          126.50777202072538,
          85.73056994818653,
          2
        ],
        [
          154.48704663212433,
          104.90155440414507,
          2
        ],
        [
          145.93782383419688,
          192.72538860103626,
          2
        ],
        [
          116.40414507772019,
          213.96891191709844,
          2
        ]
      ]
    }
  ],
  "unconverted": []
}