{
  "image": "recordings/20260513_115203/img_000416.png",
  "image_width": 324,
  "image_height": 244,
  "gates": [
    {
      "corners": [
        [
          203.96891191709844,
          49.202072538860094,
          2
        ],
        [
          301.6373056994819,
          56.19689119170984,
          2
        ],
        [
          292.82901554404145,
          155.67875647668393,
          2
        ],
        [
          193.6062176165803,
          145.05699481865284,
          2
        ]
      ]
    },
    {
      "corners": [
        [
          91.27461139896371,
          128.7357512953368,
          2
        ],
        [
          119.77202072538859,
          130.54922279792746,
          2
        ],
        [
          118.99481865284974,
          167.33678756476684,
          2
        ],
        [
          92.05181347150258,
          173.5544041450777,
          2
        ]
      ]
    }
  ],
  "unconverted": []
}