{
  "image": "recordings/20260513_115203/img_000430.png",
  "image_width": 324,
  "image_height": 244,
  "gates": [
    {
      "corners": [
        [
          77.28497409326424,
          110.08290155440415,
          2
        ],
        [
          168.99481865284974,
          104.90155440414507,
          2
        ],
        [
          170.54922279792746,
          225.10880829015545,
          2
        ],
        [
          80.39378238341968,
          210.3419689119171,
          2
        ]
      ]
    },
    {
      "corners": [
        [
          79.01554404145078,
          161.3782383419689,
          2
        ],
        [
          90.15544041450778,
          160.3419689119171,
          2
        ],
        [
          95.07772020725389,
          193.50259067357513,
          2
        ],
        [
          80.5699481865285,
          198.68393782383419,
          2
        ]
      ]
    },
    {
      "corners": [
        [
          54.92227979274612,
          165.2642487046632,
          2
        ],
        [
          63.212435233160626,
          164.22797927461139,
          2
        ],
        [
          64.5077720207254,
          203.34715025906735,
          2
        ],
        [
          61.6580310880829,
          204.6424870466321,
          2
        ]
      ]
    }
  ],
  "unconverted": []
}