{
  "image": "recordings/20260513_115203/img_000704.png",
  "image_width": 324,
  "image_height": 244,
  "gates": [
    {
      "corners": [
        [
          190.93264248704665,
          73.29533678756476,
          2
        ],
        [
          282.3834196891192,
          92.20725388601036,
          2
        ],
        [
          279.5336787564767,
          239.61658031088083,
          2
        ],
        [
          188.97230414687033,
          257.28709242982836,
          0
        ]
      ]
    }
  ],
  "unconverted": []
}