{
  "image": "recordings/20260513_115203/img_000987.png",
  "image_width": 324,
  "image_height": 244,
  "gates": [
    {
      "corners": [
        [
          151.3782383419689,
          113.19170984455958,
          2
        ],
        [
          184.53886010362694,
          130.03108808290156,
          2
        ],
        [
          162.5181347150259,
          210.86010362694302,
          2
        ],
        [
          124.95336787564767,
          227.44041450777203,
          2
        ]
      ]
    }
  ],
  "unconverted": []
}