{
  "image": "recordings/20260513_115203/img_001280.png",
  "image_width": 324,
  "image_height": 244,
  "gates": [
    {
      "corners": [
        [
          164.33160621761658,
          110.860103626943,
          2
        ],
        [
          219.51295336787564,
          112.41450777202073,
          2
        ],
        [
          209.92746113989637,
          175.3678756476684,
          2
        ],
        [
          156.55958549222797,
          165.00518134715026,
          2
        ]
      ]
    },
    {
      "corners": [
        [
          120.29015544041451,
          144.7979274611399,
          2
        ],
        [
          142.31088082901553,
          146.09326424870466,
          2
        ],
        [
          140.75647668393782,
          172.25906735751295,
          2
        ],
        [
          120.03108808290153,
          174.07253886010363,
          2
        ]
      ]
    },
    {
      "corners": [
        [
          25.471502590673555,
          139.0984455958549,
          2
        ],
        [
          32.466321243523296,
          140.39378238341968,
          2
        ],
        [
          30.91191709844558,
          167.85492227979273,
          2
        ],
        [
          23.658031088082883,
          169.92746113989637,
          2
        ]
      ]
    }
  ],
  "unconverted": []
}