{
  "image": "recordings/20260513_115203/img_000697.png",
  "image_width": 324,
  "image_height": 244,
  "gates": [
    {
      "corners": [
        [
          31.170984455958536,
          12.932642487046623,
          2
        ],
        [
          188.1658031088083,
          19.409326424870454,
          2
        ],
        [
          174.1761658031088,
          241.68911917098447,
          0
        ],
        [
          21.326424870466308,
          230.54922279792746,
          2
        ]
      ]
    }
  ],
  "unconverted": []
}