{
  "image": "recordings/20260513_115203/img_000573.png",
  "image_width": 324,
  "image_height": 244,
  "gates": [
    {
      "corners": [
        [
          82.46632124352331,
          98.16580310880829,
          2
        ],
        [
          129.35751295336786,
          64.7461139896373,
          2
        ],
        [
          138.68393782383419,
          168.37305699481865,
          2
        ],
        [
          87.12953367875646,
          174.07253886010363,
          2
        ]
      ]
    },
    {
      "corners": [
        [
          93.34715025906735,
          135.7305699481865,
          2
        ],
        [
          116.40414507772019,
          136.24870466321244,
          2
        ],
        [
          116.66321243523316,
          168.89119170984455,
          2
        ],
        [
          93.86528497409326,
          169.15025906735752,
          2
        ]
      ]
    },
    {
      "corners": [
        [
          18.217616580310864,
          117.85492227979275,
          2
        ],
        [
          39.46113989637304,
          120.18652849740933,
          2
        ],
        [
          40.2383419689119,
          146.09326424870466,
          2
        ],
        [
          19.512953367875628,
          145.57512953367876,
          2
        ]
      ]
    }
  ],
  "unconverted": []
}