{
  "image": "recordings/20260513_115203/img_000629.png",
  "image_width": 324,
  "image_height": 244,
  "gates": [
    {
      "corners": [
        [
          76.94300518134715,
          67.33678756476684,
          2
        ],
        [
          234.4559585492228,
          81.06735751295336,
          2
        ],
        [
          230.5699481865285,
          168.6321243523316,
          2
        ],
        [
          70.98445595854922,
          167.33678756476684,
          2
        ]
      ]
    },
    {
      "corners": [
        [
          0.2590673575129534,
          86.50777202072538,
          0
        ],
        [
          24.093264248704664,
          89.35751295336787,
          2
        ],
        [
          19.94818652849741,
          147.90673575129534,
          2
        ],
        [
          0.2590673575129534,
          147.38860103626942,
          0
        ]
      ]
    }
  ],
  "unconverted": []
}