{
  "image": "recordings/20260513_115203/img_000705.png",
  "image_width": 324,
  "image_height": 244,
  "gates": [
    {
      "corners": [
        [
          168.3937823834197,
          80.29015544041451,
          2
        ],
        [
          264.76683937823833,
          98.16580310880829,
          2
        ],
        [
          256.99481865284974,
          243.50259067357513,
          0
        ],
        [
          159.58549222797927,
          243.76165803108807,
          0
        ]
      ]
    }
  ],
  "unconverted": []
}