{
  "image": "recordings/20260513_115203/img_000577.png",
  "image_width": 324,
  "image_height": 244,
  "gates": [
    {
      "corners": [
        [
          43.86528497409324,
          141.17098445595855,
          2
        ],
        [
          65.62694300518133,
          142.20725388601036,
          2
        ],
        [
          66.14507772020724,
          170.4455958549223,
          2
        ],
        [
          44.124352331606204,
          170.4455958549223,
          2
        ]
      ]
    },
    {
      "corners": [
        [
          124.6943005181347,
          155.67875647668393,
          2
        ],
        [
          150.08290155440415,
          154.38341968911917,
          2
        ],
        [
          152.67357512953367,
          192.4663212435233,
          2
        ],
        [
          128.58031088082902,
          195.05699481865284,
          2
        ]
      ]
    },
    {
      "corners": [
        [
          120.46632124352332,
          97.64766839378238,
          2
        ],
        [
          210.6217616580311,
          19.668393782383408,
          2
        ],
        [
          246.89119170984458,
          191.94818652849742,
          2
        ],
        [
          131.34715025906735,
          199.97927461139895,
          2
        ]
      ]
    }
  ],
  "unconverted": []
}