{
  "image": "recordings/20260513_115203/img_001083.png",
  "image_width": 324,
  "image_height": 244,
  "gates": [
    {
      "corners": [
        [
          137.90673575129532,
          94.53886010362694,
          2
        ],
        [
          160.1865284974093,
          85.73056994818653,
          2
        ],
        [
          153.96891191709844,
          164.22797927461139,
          2
        ],
        [
          133.50259067357513,
          156.19689119170985,
          2
        ]
      ]
    },
    {
      "corners": [
        [
          167.09844559585494,
          96.61139896373057,
          2
        ],
        [
          176.42487046632124,
          96.09326424870466,
          2
        ],
        [
          173.8341968911917,
          127.18134715025906,
          2
        ],
        [
          165.0259067357513,
          126.92227979274611,
          2
        ]
      ]
    }
  ],
  "unconverted": []
}