{
  "image": "recordings/20260513_115203/img_001271.png",
  "image_width": 324,
  "image_height": 244,
  "gates": [
    {
      "corners": [
        [
          137.12953367875647,
          107.75129533678756,
          2
        ],
        [
          193.34715025906735,
          111.89637305699482,
          2
        ],
        [
          181.68911917098444,
          173.03626943005182,
          2
        ],
        [
          129.0984455958549,
          162.67357512953367,
          2
        ]
      ]
    },
    {
      "corners": [
        [
          94.55958549222798,
          142.4663212435233,
          2
        ],
        [
          118.65284974093265,
          143.24352331606218,
          2
        ],
        [
          116.83937823834198,
          169.66839378238342,
          2
        ],
        [
          92.74611398963731,
          172.0,
          2
        ]
      ]
    }
  ],
  "unconverted": []
}