{
  "image": "recordings/20260513_115203/img_001073.png",
  "image_width": 324,
  "image_height": 244,
  "gates": [
    {
      "corners": [
        [
          154.22797927461139,
          93.24352331606217,
          2
        ],
        [
          183.50259067357513,
          69.92746113989637,
          2
        ],
        [
          176.24870466321244,
          182.10362694300517,
          2
        ],
        [
          146.71502590673575,
          173.81347150259066,
          2
        ]
      ]
    },
    {
      "corners": [
        [
          177.46113989637306,
          109.30569948186528,
          2
        ],
        [
          182.64248704663214,
          109.82383419689118,
          2
        ],
        [
          180.82901554404145,
          141.17098445595855,
          2
        ],
        [
          174.35233160621763,
          141.17098445595855,
          2
        ]
      ]
    }
  ],
  "unconverted": []
}