{
  "image": "recordings/20260513_115203/img_000897.png",
  "image_width": 324,
  "image_height": 244,
  "gates": [
    {
      "corners": [
        [
          118.99481865284974,
          46.611398963730565,
          2
        ],
        [
          173.39896373056993,
          83.91709844559585,
          2
        ],
        [
          166.4041450777202,
          193.24352331606218,
          2
        ],
        [
          113.29533678756476,
          215.78238341968913,
          2
        ]
      ]
    }
  ],
  "unconverted": []
}