{
  "image": "recordings/20260513_115203/img_000372.png",
  "image_width": 324,
  "image_height": 244,
  "gates": [
    {
      "corners": [
        [
          145.67875647668393,
          135.47150259067357,
          2
        ],
        [
          182.9844559585492,
          138.32124352331607,
          2
        ],
        [
          183.24352331606218,
          176.66321243523316,
          2
        ],
        [
          145.67875647668393,
          175.8860103626943,
          2
        ]
      ]
    },
    {
      "corners": [
        [
          54.746113989637294,
          171.48186528497408,
          2
        ],
        [
          67.69948186528497,
          170.96373056994818,
          2
        ],
        [
          68.47668393782382,
          200.23834196891193,
          2
        ],
        [
          53.96891191709844,
          204.38341968911917,
          2
        ]
      ]
    },
    {
      "corners": [
        [
          226.42487046632124,
          110.34196891191709,
          2
        ],
        [
          323.57512953367876,
          107.23316062176166,
          0
        ],
        [
          323.3160621761658,
          215.52331606217618,
          0
        ],
        [
          234.19689119170985,
          222.0,
          2
        ]
      ]
    }
  ],
  "unconverted": []
}