{
  "image": "recordings/20260513_115203/img_000263.png",
  "image_width": 324,
  "image_height": 244,
  "gates": [
    {
      "corners": [
        [
          148.5284974093264,
          127.95854922279793,
          2
        ],
        [
          175.7305699481865,
          139.0984455958549,
          2
        ],
        [
          172.6217616580311,
          173.03626943005182,
          2
        ],
        [
          144.12435233160622,
          166.55958549222797,
          2
        ]
      ]
    },
    {
      "corners": [
        [
          290.6735751295337,
          120.96373056994818,
          2
        ],
        [
          323.57512953367876,
          134.69430051813472,
          0
        ],
        [
          323.57512953367876,
          209.04663212435233,
          0
        ],
        [
          287.04663212435236,
          208.26943005181346,
          2
        ]
      ]
    }
  ],
  "unconverted": []
}