{
  "image": "recordings/20260513_115203/img_000811.png",
  "image_width": 324,
  "image_height": 244,
  "gates": [
    {
      "corners": [
        [
          284.4559585492228,
          62.41450777202072,
          2
        ],
        [
          323.57512953367876,
          43.243523316062166,
          0
        ],
        [
          323.3160621761658,
          164.22797927461139,
          0
        ],
        [
          284.9740932642487,
          157.49222797927462,
          2
        ]
      ]
    },
    {
      "corners": [
        [
          284.7150259067358,
          122.25906735751295,
          2
        ],
        [
          296.3730569948187,
          122.25906735751295,
          2
        ],
        [
          294.559585492228,
          148.68393782383419,
          2
        ],
        [
          285.4922279792746,
          148.68393782383419,
          2
        ]
      ]
    }
  ],
  "unconverted": []
}