{
  "image": "recordings/20260513_115203/img_000676.png",
  "image_width": 324,
  "image_height": 244,
  "gates": [
    {
      "corners": [
        [
          147.75129533678756,
          109.56476683937824,
          2
        ],
        [
          198.26943005181346,
          111.89637305699482,
          2
        ],
        [
          200.08290155440415,
          190.13471502590673,
          2
        ],
        [
          148.78756476683938,
          194.7979274611399,
          2
        ]
      ]
    }
  ],
  "unconverted": []
}