{
  "image": "recordings/20260513_115203/img_000260.png",
  "image_width": 324,
  "image_height": 244,
  "gates": [
    {
      "corners": [
        [
          174.95336787564767,
          128.99481865284974,
          2
        ],
        [
          194.90155440414506,
          140.13471502590673,
          2
        ],
        [
          187.38860103626942,
          175.62694300518135,
          2
        ],
        [
          163.81347150259066,
          176.40414507772022,
          2
        ]
      ]
    },
    {
      "corners": [
        [
          57.85492227979273,
          90.91191709844558,
          2
        ],
        [
          78.83937823834196,
          103.60621761658031,
          2
        ],
        [
          73.6580310880829,
          136.76683937823833,
          2
        ],
        [
          50.08290155440413,
          130.2901554404145,
          2
        ]
      ]
    }
  ],
  "unconverted": []
}