{
  "image": "recordings/20260513_115203/img_000999.png",
  "image_width": 324,
  "image_height": 244,
  "gates": [
    {
      "corners": [
        [
          97.15025906735751,
          151.5336787564767,
          2
        ],
        [
          189.3782383419689,
          165.2642487046632,
          2
        ],
        [
          178.75647668393782,
          243.76165803108807,
          0
        ],
        [
          89.11917098445596,
          243.50259067357513,
          0
        ]
      ]
    }
  ],
  "unconverted": []
}