{
  "image": "recordings/20260513_115203/img_000460.png",
  "image_width": 324,
  "image_height": 244,
  "gates": [
    {
      "corners": [
        [
          0.2590673575129534,
          179.2538860103627,
          0
        ],
        [
          63.98963730569948,
          171.74093264248705,
          2
        ],
        [
          70.20725388601036,
          227.69948186528498,
          2
        ],
        [
          4.922279792746114,
          243.76165803108807,
          0
        ]
      ]
    }
  ],
  "unconverted": []
}