{
  "image": "recordings/20260513_115203/img_000925.png",
  "image_width": 324,
  "image_height": 244,
  "gates": [
    {
      "corners": [
        [
          44.124352331606204,
          67.33678756476684,
          2
        ],
        [
          96.71502590673575,
          88.83937823834196,
          2
        ],
        [
          89.97927461139895,
          141.17098445595855,
          2
        ],
        [
          34.79792746113988,
          131.32642487046633,
          2
        ]
      ]
    },
    {
      "corners": [
        [
          230.0518134715026,
          54.12435233160621,
          2
        ],
        [
          305.95854922279796,
          105.67875647668393,
          2
        ],
        [
          288.08290155440415,
          200.75647668393782,
          2
        ],
        [
          206.99481865284974,
          202.5699481865285,
          2
        ]
      ]
    }
  ],
  "unconverted": []
}