{
  "image": "recordings/20260513_115203/img_000293.png",
  "image_width": 324,
  "image_height": 244,
  "gates": [
    {
      "corners": [
        [
          230.65284974093262,
          49.202072538860094,
          2
        ],
        [
          256.04145077720204,
          50.75647668393782,
          2
        ],
        [
          256.559585492228,
          74.84974093264248,
          2
        ],
        [
          229.61658031088083,
          74.33160621761658,
          2
        ]
      ]
    },
    {
      "corners": [
        [
          168.21761658031087,
          89.61658031088082,
          2
        ],
        [
          172.6217616580311,
          94.02072538860104,
          2
        ],
        [
          172.6217616580311,
          109.82383419689118,
          2
        ],
        [
          167.95854922279793,
          107.4922279792746,
          2
        ]
      ]
    },
    {
      "corners": [
        [
          265.54404145077723,
          0.7564766839378134,
          0
        ],
        [
          323.05699481865287,
          0.49740932642485985,
          0
        ],
        [
          323.57512953367876,
          31.32642487046631,
          0
        ],
        [
          271.5025906735751,
          40.39378238341968,
          2
        ]
      ]
    }
  ],
  "unconverted": []
}