{
  "image": "recordings/20260513_115203/img_000517.png",
  "image_width": 324,
  "image_height": 244,
  "gates": [
    {
      "corners": [
        [
          259.1502590673575,
          168.6321243523316,
          2
        ],
        [
          289.72020725388603,
          178.47668393782382,
          2
        ],
        [
          270.03108808290153,
          211.11917098445596,
          2
        ],
        [
          244.1243523316062,
          201.79274611398964,
          2
        ]
      ]
    },
    {
      "corners": [
        [
          187.04663212435233,
          97.90673575129533,
          2
        ],
        [
          203.8860103626943,
          100.23834196891191,
          2
        ],
        [
          198.18652849740934,
          127.95854922279793,
          2
        ],
        [
          181.60621761658032,
          125.8860103626943,
          2
        ]
      ]
    }
  ],
  "unconverted": []
}