{
  "image": "recordings/20260513_115203/img_000097.png",
  "image_width": 324,
  "image_height": 244,
  "gates": [
    {
      "corners": [
        [
          124.43523316062175,
          196.61139896373058,
          2
        ],
        [
          140.75647668393782,
          196.61139896373058,
          2
        ],
        [
          136.3523316062176,
          230.54922279792746,
          2
        ],
        [
          119.77202072538859,
          236.76683937823833,
          2
        ]
      ]
    },
    {
      "corners": [
        [
          248.26943005181346,
          228.47668393782382,
          2
        ],
        [
          274.1761658031088,
          228.47668393782382,
          2
        ],
        [
          273.39896373056996,
          243.50259067357513,
          0
        ],
        [
          247.23316062176167,
          243.76165803108807,
          0
        ]
      ]
    },
    {
      "corners": [
        [
          0.08290155440412761,
          143.76165803108807,
          0
        ],
        [
          13.036269430051796,
          145.57512953367876,
          2
        ],
        [
          9.40932642487045,
          186.76683937823833,
          2
        ],
        [
          0.3419689119170819,
          187.0259067357513,
          0
        ]
      ]
    }
  ],
  "unconverted": []
}