{
  "image": "recordings/20260513_115203/img_000894.png",
  "image_width": 324,
  "image_height": 244,
  "gates": [
    {
      "corners": [
        [
          118.47668393782382,
          61.119170984455955,
          2
        ],
        [
          171.06735751295335,
          93.50259067357513,
          2
        ],
        [
          167.18134715025906,
          197.64766839378237,
          2
        ],
        [
          116.14507772020724,
          221.22279792746113,
          2
        ]
      ]
    }
  ],
  "unconverted": []
}