{
  "image": "recordings/20260513_115203/img_000700.png",
  "image_width": 324,
  "image_height": 244,
  "gates": [
    {
      "corners": [
        [
          146.4559585492228,
          65.00518134715026,
          2
        ],
        [
          255.52331606217615,
          83.91709844559585,
          2
        ],
        [
          255.00518134715026,
          241.17098445595855,
          0
        ],
        [
          149.30569948186528,
          243.24352331606218,
          0
        ]
      ]
    }
  ],
  "unconverted": []
}