{
  "image": "recordings/20260513_115203/img_000374.png",
  "image_width": 324,
  "image_height": 244,
  "gates": [
    {
      "corners": [
        [
          55.78238341968911,
          177.95854922279793,
          2
        ],
        [
          71.06735751295335,
          179.2538860103627,
          2
        ],
        [
          68.99481865284973,
          206.4559585492228,
          2
        ],
        [
          53.19170984455957,
          210.60103626943004,
          2
        ]
      ]
    },
    {
      "corners": [
        [
          186.78756476683938,
          128.7357512953368,
          2
        ],
        [
          323.57512953367876,
          124.59067357512953,
          0
        ],
        [
          323.3160621761658,
          243.76165803108807,
          0
        ],
        [
          186.2694300518135,
          243.76165803108807,
          0
        ]
      ]
    },
    {
      "corners": [
        [
          140.67357512953367,
          146.87046632124353,
          2
        ],
        [
          159.84455958549222,
          149.46113989637306,
          2
        ],
        [
          159.84455958549222,
          189.87564766839378,
          2
        ],
        [
          137.56476683937825,
          188.0621761658031,
          2
        ]
      ]
    }
  ],
  "unconverted": []
}