{
  "image": "recordings/20260513_115203/img_001267.png",
  "image_width": 324,
  "image_height": 244,
  "gates": [
    {
      "corners": [
        [
          125.73056994818651,
          140.65284974093265,
          2
        ],
        [
          133.24352331606218,
          143.50259067357513,
          2
        ],
        [
          136.09326424870466,
          169.92746113989637,
          2
        ],
        [
          130.9119170984456,
          169.92746113989637,
          2
        ]
      ]
    },
    {
      "corners": [
        [
          220.03108808290156,
          157.23316062176164,
          2
        ],
        [
          224.43523316062175,
          157.23316062176164,
          2
        ],
        [
          227.02590673575128,
          181.58549222797927,
          2
        ],
        [
          223.13989637305698,
          181.58549222797927,
          2
        ]
      ]
    }
  ],
  "unconverted": [
    [
      [
        318.13471502590676,
        138.58031088082902
      ],
      [
        323.3160621761658,
        137.5440414507772
      ],
      [
        323.57512953367876,
        166.81865284974094
      ]
    ]
  ]
}