{
  "image": "recordings/20260513_115203/img_000559.png",
  "image_width": 324,
  "image_height": 244,
  "gates": [
    {
      "corners": [
        [
          103.96891191709844,
          124.59067357512953,
          2
        ],
        [
          148.5284974093264,
          115.2642487046632,
          2
        ],
        [
          143.6062176165803,
          222.77720207253887,
          2
        ],
        [
          100.08290155440413,
          199.46113989637306,
          2
        ]
      ]
    },
    {
      "corners": [
        [
          116.14507772020724,
          139.87564766839378,
          2
        ],
        [
          137.64766839378237,
          142.98445595854923,
          2
        ],
        [
          134.7979274611399,
          174.84974093264248,
          2
        ],
        [
          111.74093264248704,
          173.03626943005182,
          2
        ]
      ]
    },
    {
      "corners": [
        [
          49.56476683937822,
          109.82383419689118,
          2
        ],
        [
          67.95854922279791,
          113.19170984455958,
          2
        ],
        [
          66.4041450777202,
          137.80310880829015,
          2
        ],
        [
          47.75129533678755,
          136.50777202072538,
          2
        ]
      ]
    }
  ],
  "unconverted": []
}