{
  "image": "recordings/20260513_115203/img_001241.png",
  "image_width": 324,
  "image_height": 244,
  "gates": [
    {
      "corners": [
        [
          256.04145077720204,
          144.279792746114,
          2
        ],
        [
          262.25906735751295,
          145.05699481865284,
          2
        ],
        [
          263.0362694300518,
          170.96373056994818,
          2
        ],
        [
          257.0777202072539,
          172.25906735751295,
          2
        ]
      ]
    },
    {
      "corners": [
        [
          156.30051813471502,
          126.4041450777202,
          2
        ],
        [
          163.5544041450777,
          127.18134715025906,
          2
        ],
        [
          166.66321243523316,
          154.38341968911917,
          2
        ],
        [
          160.70466321243524,
          154.38341968911917,
          2
        ]
      ]
    }
  ],
  "unconverted": []
}