{
  "image": "recordings/20260513_115203/img_000825.png",
  "image_width": 324,
  "image_height": 244,
  "gates": [
    {
      "corners": [
        [
          22.103626943005164,
          163.7098445595855,
          2
        ],
        [
          40.756476683937805,
          164.48704663212436,
          2
        ],
        [
          40.2383419689119,
          185.9896373056995,
          2
        ],
        [
          21.84455958549221,
          189.61658031088083,
          2
        ]
      ]
    },
    {
      "corners": [
        [
          82.64248704663213,
          140.65284974093265,
          2
        ],
        [
          104.92227979274612,
          142.72538860103626,
          2
        ],
        [
          100.77720207253887,
          177.69948186528498,
          2
        ],
        [
          83.16062176165804,
          175.62694300518135,
          2
        ]
      ]
    },
    {
      "corners": [
        [
          0.2590673575129534,
          140.65284974093265,
          0
        ],
        [
          64.5077720207254,
          133.91709844559585,
          2
        ],
        [
          63.47150259067358,
          232.88082901554404,
          2
        ],
        [
          0.5181347150259068,
          218.1139896373057,
          0
        ]
      ]
    }
  ],
  "unconverted": []
}