{
  "image": "recordings/20260513_115203/img_000388.png",
  "image_width": 324,
  "image_height": 244,
  "gates": [
    {
      "corners": [
        [
          107.07772020725388,
          101.27461139896373,
          2
        ],
        [
          157.85492227979273,
          105.16062176165802,
          2
        ],
        [
          156.30051813471502,
          155.16062176165804,
          2
        ],
        [
          104.22797927461139,
          153.6062176165803,
          2
        ]
      ]
    },
    {
      "corners": [
        [
          25.38860103626943,
          25.10880829015543,
          2
        ],
        [
          323.3160621761658,
          0.49740932642485985,
          0
        ],
        [
          323.3160621761658,
          192.4663212435233,
          0
        ],
        [
          30.82901554404145,
          192.20725388601036,
          2
        ]
      ]
    },
    {
      "corners": [
        [
          28.756476683937827,
          141.94818652849742,
          2
        ],
        [
          49.222797927461144,
          142.20725388601036,
          2
        ],
        [
          50.0,
          173.5544041450777,
          2
        ],
        [
          29.792746113989637,
          176.66321243523316,
          2
        ]
      ]
    }
  ],
  "unconverted": []
}