{
  "image": "recordings/20260513_115203/img_000062.png",
  "image_width": 324,
  "image_height": 244,
  "gates": [
    {
      "corners": [
        [
          288.42487046632124,
          130.2901554404145,
          2
        ],
        [
          316.9222797927461,
          131.06735751295335,
          2
        ],
        [
          320.2901554404145,
          170.1865284974093,
          2
        ],
        [
          289.979274611399,
          173.29533678756476,
          2
        ]
      ]
    },
    {
      "corners": [
        [
          172.10362694300517,
          142.72538860103626,
          2
        ],
        [
          174.95336787564767,
          144.279792746114,
          2
        ],
        [
          174.6943005181347,
          174.59067357512953,
          2
        ],
        [
          170.8082901554404,
          174.59067357512953,
          2
        ]
      ]
    },
    {
      "corners": [
        [
          42.31088082901553,
          81.06735751295336,
          2
        ],
        [
          56.04145077720206,
          94.79792746113989,
          2
        ],
        [
          54.227979274611386,
          135.7305699481865,
          2
        ],
        [
          39.97927461139895,
          130.03108808290156,
          2
        ]
      ]
    }
  ],
  "unconverted": []
}