{
  "image": "recordings/20260513_115203/img_000502.png",
  "image_width": 324,
  "image_height": 244,
  "gates": [
    {
      "corners": [
        [
          60.96373056994817,
          172.25906735751295,
          2
        ],
        [
          88.94300518134715,
          174.33160621761658,
          2
        ],
        [
          85.05699481865284,
          209.04663212435233,
          2
        ],
        [
          57.595854922279784,
          210.60103626943004,
          2
        ]
      ]
    }
  ],
  "unconverted": []
}