{
  "image": "recordings/20260513_115203/img_000678.png",
  "image_width": 324,
  "image_height": 244,
  "gates": [
    {
      "corners": [
        [
          152.67357512953367,
          81.32642487046631,
          2
        ],
        [
          217.18134715025906,
          92.98445595854922,
          2
        ],
        [
          208.37305699481865,
          184.95336787564767,
          2
        ],
        [
          146.4559585492228,
          183.39896373056993,
          2
        ]
      ]
    }
  ],
  "unconverted": []
}