{
  "image": "recordings/20260513_115203/img_000574.png",
  "image_width": 324,
  "image_height": 244,
  "gates": [
    {
      "corners": [
        [
          38.424870466321224,
          102.56994818652849,
          2
        ],
        [
          57.85492227979273,
          104.12435233160622,
          2
        ],
        [
          59.668393782383404,
          130.54922279792746,
          2
        ],
        [
          40.49740932642486,
          129.7720207253886,
          2
        ]
      ]
    },
    {
      "corners": [
        [
          98.26943005181346,
          71.22279792746113,
          2
        ],
        [
          142.82901554404145,
          30.290155440414498,
          2
        ],
        [
          155.2642487046632,
          137.5440414507772,
          2
        ],
        [
          104.7461139896373,
          147.90673575129534,
          2
        ]
      ]
    },
    {
      "corners": [
        [
          110.10362694300518,
          116.04145077720207,
          2
        ],
        [
          133.67875647668393,
          116.81865284974093,
          2
        ],
        [
          133.67875647668393,
          141.17098445595855,
          2
        ],
        [
          112.43523316062176,
          146.09326424870466,
          2
        ]
      ]
    }
  ],
  "unconverted": []
}