{
  "image": "recordings/20260513_115203/img_000509.png",
  "image_width": 324,
  "image_height": 244,
  "gates": [
    {
      "corners": [
        [
          120.03108808290153,
          175.62694300518135,
          2
        ],
        [
          143.86528497409324,
          177.95854922279793,
          2
        ],
        [
          136.3523316062176,
          208.26943005181346,
          2
        ],
        [
          113.81347150259066,
          207.75129533678756,
          2
        ]
      ]
    },
    {
      "corners": [
        [
          32.984455958549205,
          113.19170984455958,
          2
        ],
        [
          57.33678756476682,
          115.78238341968911,
          2
        ],
        [
          53.96891191709844,
          146.09326424870466,
          2
        ],
        [
          30.393782383419673,
          145.57512953367876,
          2
        ]
      ]
    }
  ],
  "unconverted": []
}