{
  "image": "recordings/20260513_115203/img_000224.png",
  "image_width": 324,
  "image_height": 244,
  "gates": [
    {
      "corners": [
        [
          129.0984455958549,
          164.48704663212436,
          2
        ],
        [
          133.50259067357513,
          167.33678756476684,
          2
        ],
        [
          124.6943005181347,
          204.9015544041451,
          2
        ],
        [
          117.440414507772,
          208.0103626943005,
          2
        ]
      ]
    }
  ],
  "unconverted": []
}