{
  "image": "recordings/20260513_115203/img_000185.png",
  "image_width": 324,
  "image_height": 244,
  "gates": [
    {
      "corners": [
        [
          261.4818652849741,
          99.97927461139896,
          2
        ],
        [
          316.14507772020727,
          96.87046632124351,
          2
        ],
        [
          318.99481865284974,
          172.25906735751295,
          2
        ],
        [
          262.25906735751295,
          170.70466321243524,
          2
        ]
      ]
    },
    {
      "corners": [
        [
          158.89119170984455,
          104.12435233160622,
          2
        ],
        [
          181.17098445595855,
          105.41968911917098,
          2
        ],
        [
          181.4300518134715,
          138.0621761658031,
          2
        ],
        [
          158.6321243523316,
          138.0621761658031,
          2
        ]
      ]
    }
  ],
  "unconverted": []
}