{
  "image": "recordings/20260513_115203/img_000138.png",
  "image_width": 324,
  "image_height": 244,
  "gates": [
    {
      "corners": [
        [
          196.4559585492228,
          153.34715025906735,
          2
        ],
        [
          218.99481865284974,
          152.82901554404145,
          2
        ],
        [
          220.2901554404145,
          187.28497409326425,
          2
        ],
        [
          196.71502590673575,
          188.83937823834196,
          2
        ]
      ]
    }
  ],
  "unconverted": []
}