{
  "image": "recordings/20260513_115203/img_000444.png",
  "image_width": 324,
  "image_height": 244,
  "gates": [
    {
      "corners": [
        [
          92.31088082901553,
          110.60103626943005,
          2
        ],
        [
          192.05181347150258,
          119.66839378238342,
          2
        ],
        [
          184.02072538860102,
          217.0777202072539,
          2
        ],
        [
          84.27979274611398,
          211.11917098445596,
          2
        ]
      ]
    },
    {
      "corners": [
        [
          0.0,
          164.22797927461139,
          0
        ],
        [
          36.01036269430052,
          162.67357512953367,
          2
        ],
        [
          36.78756476683938,
          202.5699481865285,
          2
        ],
        [
          0.0,
          215.00518134715026,
          0
        ]
      ]
    }
  ],
  "unconverted": []
}