{
  "image": "recordings/20260513_112205/img_000034.png",
  "image_width": 324,
  "image_height": 244,
  "gates": [
    {
      "corners": [
        [
          0.0,
          100.75647668393782,
          0
        ],
        [
          34.02072538860102,
          103.86528497409326,
          2
        ],
        [
          38.94300518134713,
          158.52849740932643,
          2
        ],
        [
          0.0,
          165.52331606217615,
          0
        ]
      ]
    }
  ],
  "unconverted": []
}