{
  "image": "recordings/20260513_112205/img_000025.png",
  "image_width": 324,
  "image_height": 244,
  "gates": [
    {
      "corners": [
        [
          61.48186528497408,
          17.854922279792735,
          2
        ],
        [
          73.91709844559584,
          60.860103626943,
          2
        ],
        [
          73.91709844559584,
          113.70984455958549,
          2
        ],
        [
          58.89119170984455,
          94.79792746113989,
          2
        ]
      ]
    }
  ],
  "unconverted": []
}