{
  "image": "recordings/20260513_112205/img_000045.png",
  "image_width": 324,
  "image_height": 244,
  "gates": [
    {
      "corners": [
        [
          110.96373056994818,
          150.23834196891193,
          2
        ],
        [
          170.03108808290153,
          139.61658031088083,
          2
        ],
        [
          177.80310880829015,
          183.6580310880829,
          2
        ],
        [
          121.06735751295335,
          197.38860103626942,
          2
        ]
      ]
    },
    {
      "corners": [
        [
          18.217616580310864,
          176.14507772020724,
          2
        ],
        [
          28.06217616580309,
          175.62694300518135,
          2
        ],
        [
          32.466321243523296,
          196.61139896373058,
          2
        ],
        [
          23.13989637305698,
          202.05181347150258,
          2
        ]
      ]
    },
    {
      "corners": [
        [
          86.09326424870466,
          144.279792746114,
          2
        ],
        [
          95.67875647668393,
          143.76165803108807,
          2
        ],
        [
          102.41450777202071,
          170.96373056994818,
          2
        ],
        [
          88.42487046632124,
          172.77720207253887,
          2
        ]
      ]
    }
  ],
  "unconverted": []
}