{
  "image": "recordings/20260513_112205/img_000028.png",
  "image_width": 324,
  "image_height": 244,
  "gates": [],
  "unconverted": [
    [
      [
        0.0,
        94.27979274611398
      ],
      [
        4.487046632124336,
        97.64766839378238
      ],
      [
        0.0,
        145.7587795048933
      ]
    ]
  ]
}