{
  "image": "recordings/20260513_112205/img_000037.png",
  "image_width": 324,
  "image_height": 244,
  "gates": [
    {
      "corners": [
        [
          0.0,
          111.11917098445595,
          0
        ],
        [
          22.621761658031073,
          112.41450777202073,
          2
        ],
        [
          25.21243523316061,
          167.0777202072539,
          2
        ],
        [
          0.0,
          169.92746113989637,
          0
        ]
      ]
    }
  ],
  "unconverted": []
}