{
  "image": "recordings/20260513_112205/img_000036.png",
  "image_width": 324,
  "image_height": 244,
  "gates": [
    {
      "corners": [
        [
          0.0,
          107.23316062176166,
          0
        ],
        [
          23.39896373056993,
          110.08290155440415,
          2
        ],
        [
          25.471502590673555,
          164.48704663212436,
          2
        ],
        [
          0.0,
          168.37305699481865,
          0
        ]
      ]
    }
  ],
  "unconverted": []
}