{
  "image": "recordings/20260513_112205/img_000043.png",
  "image_width": 324,
  "image_height": 244,
  "gates": [
    {
      "corners": [
        [
          80.91191709844558,
          150.75647668393782,
          2
        ],
        [
          139.720207253886,
          142.72538860103626,
          2
        ],
        [
          146.9740932642487,
          185.47150259067357,
          2
        ],
        [
          89.46113989637304,
          199.97927461139895,
          2
        ]
      ]
    },
    {
      "corners": [
        [
          46.71502590673573,
          146.61139896373058,
          2
        ],
        [
          63.29533678756475,
          145.8341968911917,
          2
        ],
        [
          68.99481865284973,
          174.84974093264248,
          2
        ],
        [
          50.34196891191709,
          177.18134715025906,
          2
        ]
      ]
    }
  ],
  "unconverted": []
}