{
  "image": "recordings/20260513_112205/img_000033.png",
  "image_width": 324,
  "image_height": 244,
  "gates": [],
  "unconverted": [
    [
      [
        0.0,
        101.27461139896373
      ],
      [
        2.6735751295336634,
        100.75647668393782
      ],
      [
        10.704663212435218,
        158.78756476683938
      ],
      [
        0.0,
        161.8963730569948
      ]
    ]
  ]
}