{
  "image": "recordings/20260513_112205/img_000026.png",
  "image_width": 324,
  "image_height": 244,
  "gates": [
    {
      "corners": [
        [
          22.621761658031073,
          29.512953367875635,
          2
        ],
        [
          48.52849740932642,
          74.59067357512953,
          2
        ],
        [
          48.26943005181346,
          132.10362694300517,
          2
        ],
        [
          16.663212435233145,
          118.37305699481865,
          2
        ]
      ]
    }
  ],
  "unconverted": []
}